25.3139493721017,622.618754762491,8.74198251603485,0.804418094289762,623.194457672017
24.4979510040978,610.078779842441,-6.47398705202594,0.607984123540421,610.604765560989
24.4739510520978,629.698740602519,10.235979528041,0.931281484520327,630.257291487689
39.3359213281578,625.4387491225,-5.98198803602384,0.547986861002372,626.703061897352
23.8379523240954,694.978610042778,22.697954604091,1.8706113805812,695.757654310182
11.9459761080479,638.938722122556,-5.04598990802015,0.452481442665778,639.07030832838
-17.0159659680676,460.019079961839,-14.8019703960595,1.84296252160357,460.571596339124
-3.19799360401237,621.358757282485,11.4539770920458,1.05605693944793,621.47254646199
11.5079769840461,622.67875464249,-4.61399077201815,0.424548545648454,622.802178808193
-17.0879658240686,626.638746722508,-3.67199265601466,0.335739330922269,626.882445917913
-18.2519634960735,560.938878122243,-1.39799720400596,0.142794833528772,561.237484098029
-2.87399425201141,716.578566842869,22.721954556091,1.81618052212344,716.944481477045
-3.28199343601294,623.03875392249,-6.15598768802435,0.566097427737814,623.077809390302
-3.11399377201266,538.678922642155,-2.73599452801096,0.291007471550224,538.694871260329
-2.74799450401098,535.438929122144,11.0519778960445,1.18247244998151,535.560028856408
-2.47799504401032,622.438755122491,24.1139517720963,2.21859108085681,622.910609163098
-3.2579934840129,633.238733522531,10.5059789880421,0.950499397463397,633.334259099615
-17.7059645880711,554.758890482221,12.9599740800519,1.33826927324401,555.192659064594
-2.61599476801119,639.95872008256,10.4219791560415,0.933001801388841,640.048923511214
10.6559786880425,694.318611362777,8.18398363203285,0.675318218389726,694.448602529104
-18.3659632680735,551.638896722208,-1.81199637600729,0.188201687855482,551.94751952928
-18.0959638080728,634.438731122535,10.2299795400412,0.923783232893939,634.779189904572
12.0299759400476,550.978898042203,-3.51599296801397,0.365619852526414,551.121428194795
-2.48999502000991,607.31878536243,9.33598132803733,0.880707481970537,607.395643445567
-3.50399299201352,617.09876580247,9.83998032003902,0.913535398571668,617.187159567111
11.8259763480477,617.27876544247,23.3639532720936,2.16760607821218,617.833960134327
-2.62799474400993,539.278921442157,-17.8559642880716,1.89641709448049,539.5808530043
-18.0659638680726,560.278879442242,-17.783964432071,1.81803053826968,560.852093862953
11.1539776920448,714.898570202861,22.6559546880907,1.81516138142647,715.344440936867
-17.9459641080724,552.238895522206,12.7799744400512,1.32570872322837,552.678191266891
-2.84999430001137,632.878734242532,25.1099497801005,2.27206234917046,633.38307863559
-32.6939346121307,565.498869002263,29.2259415481168,2.95851096598364,567.196632450012
-17.6339647320702,634.618730762538,25.5359489281019,2.30423898681022,635.377033606414
11.2799774400453,633.898732202536,24.2759514480972,2.19314240230606,634.463680913053
-3.26999346001335,649.498701002597,25.9739480521041,2.2900815966911,650.026077506667
-2.843994312012,571.258857482286,29.2919414161175,2.93533486927272,572.016423179911
-16.655966688067,545.818908362182,11.4179771640457,1.19839472396639,546.192339890003
-2.42399515201002,628.318743362516,39.1019217961563,3.5610740040216,629.538941846571
-3.15599368801252,711.118577762846,36.9839260321479,2.97716230641493,712.086653940631
-2.82599434801047,552.298895402208,11.6219767560465,1.20549210410643,552.428390336949
-3.47999304001434,810.718378563243,67.0078659842679,4.72489722117748,813.490291150139
-17.6759646480709,637.49872500255,25.1399497201004,2.25830573952971,638.239047049024
-2.45399509200943,705.958588082822,22.5359549280901,1.82840295766308,706.322461376051
-2.83799432401177,727.378545242909,38.2919234161535,3.01348207304889,728.391291608008
-3.25199349601353,645.538708922583,25.2719494561014,2.24190582799774,646.041385368186
-17.5499649000704,636.898726202548,40.235919528161,3.61484280405412,638.409678753932
-31.8779362441276,635.998728002545,41.0579178841643,3.69369539973214,638.119375556818
-3.19799360401323,648.898702202596,40.9379181241641,3.60990927981274,650.196636429046
-3.56399287201405,639.838720322559,26.3939472121057,2.36216538898693,640.39279393091
-3.16199367601274,642.05871588257,40.5479189041623,3.61360006915086,643.345573212593
-18.0179639640725,644.398711202578,41.3819172361657,3.67436791708906,645.977406028334
-17.8919642160712,543.178913642173,-2.88599422801143,0.304418542150633,543.481171312939
11.5859768280464,626.158747682503,38.6039227921544,3.52793257634446,627.454599961881
-3.3779932440131,618.058763882475,38.6279227441544,3.57626511856222,619.273899713057
-2.82599434801047,551.938896122208,11.5739768520464,1.20129756371458,552.067467105995
-2.74799450401098,564.358871282258,42.9899140201722,4.35608098676528,566.000547505247
-3.44999310001322,619.258761482475,24.4319511360979,2.2593496033058,619.750140267444
-3.16799366401296,573.538852922296,28.3319433361134,2.82802516758279,574.246942532983
-17.9339641320711,551.638896722204,12.4199751600497,1.28977843617709,552.070063696047
26.4119471761051,629.398741202518,24.8879502240995,2.26443412160447,630.444110486651
11.7479765040473,647.938704122594,41.2919174161653,3.64642144571198,649.35937792251
-17.42396515207,474.239051521897,-0.689998620002644,0.08336298070047,474.559531195091
-3.30599338801298,642.838714322571,10.3079793840411,0.918664494143957,642.929853610143
10.7999784000428,713.758572482853,37.733924532151,3.02621069813535,714.836896352447
-3.19199361601215,619.978760042482,9.44398111203794,0.872704757839587,620.058900836285
-2.89199421601122,481.199037601924,30.2399395201208,3.59590382013601,482.15695718484
-2.86199427601181,635.518728962541,24.3659512680972,2.1956594662984,635.992095434054
11.2859774280455,632.398735202527,38.2859234281532,3.46450359764353,633.657119825075
-3.23399353201286,641.758716482569,24.5819508360984,2.19358737627027,642.237480378113
-18.0239639520719,568.798862402276,43.1219137561724,4.33542791641057,570.715786177905
-17.7899644200708,473.759052481896,-16.1219677560646,1.94901688131157,474.366989246658
-17.3879652240695,640.858718282563,25.1279497441008,2.24540650092648,641.586823424347
-3.59399281201431,632.578734842531,9.18598162803687,0.831961237648746,632.655636833958
-3.17999364001256,645.35870928258,40.235919528161,3.56757916092605,646.619598548254
-17.5679648640703,630.898738202526,24.851950296099,2.25579158599989,631.632385718564
12.1259757480486,654.058691882614,40.5899188201626,3.55113755195756,655.429136692034
11.7299765400475,643.378713242574,55.3438893122216,4.91652038009602,645.861213487468
-3.10199379601221,714.238571522857,52.4038951922094,4.19628924218897,716.165153891082
-3.22199355601241,626.158747682507,9.30598138803707,0.851468110546753,626.236185341756
-3.54599290801423,635.158729682541,24.3119513760973,2.19203868964658,635.63374433502
-2.56199487601003,645.898708202583,25.0019499960999,2.21674291057758,646.38750187416
11.2799774400453,633.898732202536,24.2759514480972,2.19314240230606,634.463680913053
10.7879784240432,713.398573202856,36.9719260561478,2.96670325972901,714.437420662335
11.2559774880452,626.638746722508,38.9999220001559,3.56130633250199,627.952076068855
-3.18599362801278,733.618532762936,53.4358931282137,4.16599862826232,735.568961310258
-17.6819646360711,457.799084401831,-47.4779050441899,5.92092339222546,460.593969804134
-3.34799330401369,540.298919402161,10.3499793000414,1.09742513069051,540.408413552026
-3.08999382001177,546.178907642182,11.1059777880443,1.16488931922717,546.300549109776
11.3999772000455,645.658708682581,54.5638908722181,4.83052420183093,648.060449159594
-3.44399311201385,546.538906922185,-4.29599140801698,0.450356057469336,546.566641326042
-17.5259649480704,565.678868642263,57.3298853402294,5.78699909625258,568.846602898246
12.365975268049,721.558556882884,37.4459251081501,2.97075058607004,722.635361480771
-2.74199451601161,641.218717562566,54.9538900922199,4.89840817564809,643.575086779138
-3.17999364001256,733.978532042936,54.2338915322169,4.2259224523424,735.98635371193
-3.19799360401237,635.878728242544,25.3619492761014,2.28402488422752,636.392341771592
-3.21599356801304,652.198695602609,40.9499181001637,3.59274186571107,653.490915738531
-18.0479639040719,557.158885682229,12.3059753880493,1.26528688605333,557.586934859486
11.363977272045,733.618532762933,83.2318335363329,6.47274849986615,738.412371041072
-3.22799354401264,726.598546802907,37.8059243881511,2.97849250255235,727.588589848177
-2.90999418001189,645.778708442585,24.9839500320997,2.21555978648661,646.26837003145
25.5899488201026,805.558388883225,35.4959290081424,2.52303522313914,806.746009817776
-2.78999442001084,634.798730402538,39.7679204641589,3.58469563138383,636.049290297208
10.829978340043,720.298559402881,36.8999262001477,2.93262206550523,721.324412218447
-2.44199511600983,564.238871522257,42.4019151961695,4.29763530719771,565.835126065146
10.3439793120411,698.398603202793,36.533926932146,2.9944699193954,699.43000699191
-18.0299639400721,462.179075641847,-47.5019049961899,5.86814901086208,464.963448605479
12.0059759880484,637.018725962549,39.7919204161594,3.57438571266227,638.373243186759
-3.14999370001315,637.67872464255,39.3899212201576,3.53471464376587,638.901905002473
-3.05999388001236,566.518866962267,42.6179147641703,4.3021267241426,568.127870153896
11.321977356046,731.038537922922,68.5318629362739,5.35559196417664,734.331088363588
-2.81399437201088,641.878716242566,40.1999196001609,3.5836698138549,643.142471358711
11.5019769960458,705.478589042821,36.173927652145,2.93531205147231,706.499036173758
-17.9099641800719,568.558862882278,58.2898834202331,5.85363553058371,571.819602574155
-3.52799294401442,644.518710962576,39.7919204161589,3.53289809924264,645.755536132273
-3.14999370001229,638.518722962554,39.8519202961595,3.5713735911805,639.768909517595
-3.22799354401264,625.858748282503,8.96398207203585,0.820573693856826,625.931262774635
-3.18599362801278,632.09873580253,24.9839500320997,2.26345990846779,632.600316248546
11.6579766840465,719.63856072288,67.9078641842715,5.39068755694307,722.92948792931
-2.86199427601181,635.458729082542,24.3599512800974,2.19532638554417,635.931910352677
-3.54599290801423,648.418703162595,40.5419189161621,3.577720661433,649.694571214944
-3.23399353201286,642.358715282571,25.3079493841011,2.25619904009184,642.86520369022
-3.05399389201213,719.638560722877,66.1798676402648,5.25429278360623,722.681644874746
-3.14399371201292,637.618724762551,38.7479225041551,3.47757283929555,638.80272726615
11.483977032046,704.878590242819,35.0219299561401,2.84440479755232,705.841514994003
-3.60599278801391,546.298907402186,26.7719464561074,2.80559477104157,546.966394333197
-3.44999310001407,618.358763282472,23.3879532240936,2.16604444591929,618.810519413359
-3.38399323201418,630.178739642523,53.2978934042133,4.83433354814719,632.43763388097
-2.51399497200995,564.058871882257,27.1199457601084,2.7526608019554,564.71605482564
-2.41799516400979,628.558742882514,39.7739204521591,3.62073309731516,629.820533725914
-2.86199427601096,558.418883162235,11.8679762640475,1.21751362723429,558.552315315224
-17.3759652480691,626.278747442504,38.7779224441549,3.54311632365781,627.718663841963
-3.15599368801337,693.718612562776,20.6879586240827,1.70815874517377,694.034196091383
-3.22199355601241,638.878722242557,24.3539512920976,2.18304864224021,639.350856666584
-2.71799456401072,558.178883642233,41.7359165281669,4.27613875726432,559.743638076383
11.4059771880448,646.258707482583,55.3198893602211,4.89260473286397,648.722362395115
-2.29799540400874,728.638542722915,67.6738646522709,5.30624561665812,731.778080213683
-2.17199565600832,552.178895642211,26.2559474881048,2.72234733326579,552.807041503886
-17.4899650200699,472.019055961889,14.1419717160562,1.71610228264553,472.554635393172
-3.191993616013,648.538702922592,40.5659188681626,3.5791724317858,649.813997837367
11.5859768280464,715.198569602862,50.7838984322029,4.06156795617104,717.09290413517
11.6279767440471,718.318563362872,65.8318683362634,5.2363686797495,721.422624543689
11.2139775720445,622.378755242489,37.253925492149,3.42548476359116,623.593556120291
-3.08999382001262,546.118907762183,10.3019793960413,1.0806986023018,546.224807434305
-17.5859648280701,487.979024041951,45.431909136182,5.3190286561217,490.404784266658
-3.11999376001203,551.938896122208,11.0399779200444,1.1458873579444,552.058113359581
-2.08199583600838,628.198743602511,38.4479231041537,3.50232999115851,629.377660043203
11.2379775240454,723.058553882892,51.2698974602052,4.05588231782829,724.961079553674
-17.9039641920717,552.838894322211,55.4158891682217,5.72413771481889,555.897756589735
-3.0179939640125,557.518884962229,41.3399173201654,4.24071023225406,559.057603598352
11.7299765400475,734.278531442937,67.7518644962713,5.27175337876784,737.490928235967
-2.93999412001216,554.218891562218,55.9798880402239,5.76770283097214,557.046650824575
-3.76799246401482,627.23874552251,38.2979234041528,3.49402619630005,628.418151065778
-3.5099929800146,641.038717922566,39.0959218081565,3.49005466715371,642.239401647514
11.2379775240454,723.058553882892,51.2698974602052,4.05588231782829,724.961079553674
-3.4559930880143,643.618712762573,53.8678922642157,4.78423994819742,645.878271134248
-3.03599392801146,643.438713122573,68.9218621562756,6.11391892398787,647.126585674745
-2.32199535600878,470.279059441879,28.3499433001136,3.44980007612237,471.138519649043
-3.46799306401389,739.018521962957,83.3338333323333,6.43365816017234,743.710246371573
11.6399767200467,636.058727882544,38.3579232841533,3.45107862576526,637.320582322803
-2.67599464801086,563.698872602257,57.1738856522291,5.79149297673078,566.597240657759
-3.00599398801205,708.238583522831,65.1718696562606,5.2575315995908,711.237161419997
11.321977356046,723.538552922892,95.6878086243827,7.53363566551617,729.926284946871
-3.02399395201187,569.99886000228,57.3718852562296,5.74761354718101,572.886880772439
-3.05999388001236,633.778732442534,53.4058931882134,4.81669743784844,636.032259155337
-3.40799318401336,646.558706882584,69.3178613642775,6.11933337382855,650.272821027711
11.8019763960468,652.738694522609,69.9418601162798,6.11598706069287,656.581262122563
-3.91199217601591,720.538558922883,51.5698968602061,4.09375415684487,722.3922569073
-3.3119933760132,545.698908602181,25.595948808102,2.68548413318163,546.30890597273
-3.05399389201213,633.178733642533,52.9858940282119,4.78350125178848,635.39919781333
-2.66999466001064,657.058685882626,85.481829036342,7.41241727597229,662.601228991228
-2.56199487601088,467.639064721873,28.0679438641125,3.43480234468347,468.487639265383
-2.71799456401072,557.398885202231,41.0339179321638,4.2103365802439,558.91384590114
-2.42399515201002,647.27870544259,54.6298907402185,4.82429235343103,649.584500457192
11.7419765160462,640.738718522561,83.3638332723336,7.41287405153605,646.245702596385
-2.6999946000109,629.278741442517,51.8578962842074,4.71101218417037,631.417663523394
-3.00599398801205,554.458891082217,40.9979180041642,4.22888093097879,555.980689575325
-32.9159341681321,579.41884116232,74.1478517042964,7.29246841902847,585.070556538619
-3.08999382001262,546.298907402186,10.5959788080424,1.11116596251803,546.410394353485
11.0699778600443,538.438923122153,24.6599506800987,2.62225555342386,539.116992414736
-3.09599380801284,626.938746122505,37.6199247601506,3.43395818464404,628.074068328153
25.3019493961013,701.038597922806,63.9178721642557,5.20959408874439,704.401021295982
-17.51396497207,570.898858202286,72.47385505229,7.23482437585825,575.74708417139
-2.80799438401151,654.478691042619,55.1278897442204,4.81475872677247,656.802349332713
-17.0879658240677,629.878740242519,38.8499223001554,3.52944179508979,631.307011245904
-3.05399389201213,661.018677962644,86.0338279323438,7.41555502316489,666.600959377397
11.2799774400453,725.878548242904,66.3598672802651,5.22346450567019,728.992823473406
11.3579772840448,733.318533362932,82.7938344123316,6.44158516734656,738.064966001126
-17.4179651640698,562.738874522252,26.9519460961077,2.74204200797546,563.653114785499
-2.35199529600904,576.238847522307,72.7438545122911,7.19490676389972,580.817019073146
-3.12599374801311,735.898528202943,67.7638644722709,5.26113982985821,739.018509224489
11.4899770200463,655.258689482621,85.4098291803415,7.42636143614475,660.901512053814
-3.04799390401191,661.018677962644,86.7418265163471,7.47589238391954,666.692678338162
11.6819766360466,726.058547882904,66.7558664882671,5.25316594428545,729.214528957395
11.7119765760468,642.178715642567,53.8258923482154,4.79119687351354,644.536965508369
-16.8599662800669,547.918904162192,26.0939478121043,2.72657927876784,548.798941429084
10.8119783760432,801.118397763203,78.1738436523128,5.57332787042366,804.99610927163
-2.39999520000912,641.098717802565,54.2638914722168,4.83809877544651,643.395598261879
-3.41999316001381,636.838726322546,53.7418925162153,4.82367855188203,639.111454058337
-3.02399395201187,626.278747442504,52.4938950122098,4.79126048298547,628.48215810087
10.8479783040428,712.618574762848,80.0518398963204,6.40943759456445,717.182828016053
-2.99999400001183,636.538726922545,69.3838612322778,6.22078297366099,640.316071198962
-17.9519640960717,571.618856762286,57.7618844762309,5.77013190019662,574.810251926124
-2.98799402401224,551.458897082204,40.3919192161616,4.18918097511283,552.944256157322
-2.93399413201108,565.978868042263,71.6218567562865,7.21216588168349,570.500111969478
-3.4319931360134,730.798538402924,82.6378347243304,6.45153395048574,735.463999143847
11.693976612047,642.778714442572,39.0479219041564,3.47636752903264,644.069844841755
-2.81399437201173,641.278717442564,39.4619210761577,3.52133013382956,642.497902894731
-3.17399365201319,644.99871000258,40.1879196241609,3.56531785759598,646.257285471052
-3.55799288401383,626.038747922506,9.28198143603703,0.849435277845382,626.117663377356
-2.81399437201088,641.278717442564,39.1439217121566,3.49302444161725,642.478449923508
11.2859774280455,633.538732922536,24.2219515560969,2.18951092458136,634.102044103932
11.6279767440463,723.478553042894,51.3418973162053,4.05920910402561,725.391216500604
24.8939502120998,693.718612562776,20.4719590560819,1.69033454221471,694.466934620201
-2.84399431201114,555.118889762221,11.3099773800451,1.16718119535995,555.241376036427
11.1779776440449,620.39875920248,23.0399539200922,2.1268349102791,620.927054556997
-3.79799240401508,631.318737362525,39.0719218561565,3.54148293190327,632.538052585651
10.715978568043,698.218603562793,36.1559276881448,2.96430570818313,699.236227368718
-3.10199379601307,560.818878362242,26.5139469721059,2.70676863558349,561.453850353734
-17.8139643720709,544.978910042178,11.2799774400453,1.18573915351386,545.386640474863
9.34198131603798,858.298283403434,74.6698506602988,4.97207401224263,861.59085563034
-2.50799498400973,632.158735682529,24.059951880096,2.17962446369124,632.62140212219
-3.46799306401389,622.018755962489,24.0479519040964,2.21401729536372,622.493103364042
-3.24599350801331,629.518740962519,9.87598024803951,0.898790670895998,629.6045716819
-3.8039923920153,621.958756082487,23.7299525400952,2.18497924019455,622.422907092395
-3.14999370001229,638.518722962554,40.1699196601606,3.59979681297604,639.78879677558
-17.8919642160712,636.778726442547,40.2119195761609,3.61337133352283,638.297945562494
-3.51599296801482,619.318761362477,8.74198251603485,0.80870380780634,619.390436348847
-17.5199649600702,545.338909322181,11.5979768040464,1.21835238550184,545.743518751121
-3.88199223601565,635.638728722542,25.3199493601015,2.28110653576464,636.154669205004
-3.22199355601327,709.258581482839,22.4339551320897,1.81167007453865,709.620602147649
10.9979780040442,769.678460643077,33.5099329801342,2.49294489649298,770.486082876522
-3.17399365201233,698.098603802792,22.1399557200885,1.81650696376989,698.45680790325
-2.87399425201226,546.838906322186,-3.23399353201286,0.338842057560252,546.856021293329
10.7339785320429,702.358595282811,36.5939268121461,2.98249850029038,703.393154745127
-3.47399305201326,623.158753682491,25.457949084102,2.33940768275,623.688229879649
-18.119963760072,706.018587962824,37.8119243761514,3.06563583035833,707.262554685821
-2.885994228011,623.458753082492,9.44998110003773,0.868385553700123,623.537046133307
11.4119771760459,696.058607882784,21.3239573520855,1.75472401354139,696.478664416893
11.2679774640448,714.358571282858,82.5958348083306,6.59538794554941,719.205956322041
-3.16199367601274,613.618772762456,9.24598150803739,0.863265034151713,613.696573776127
11.1059777880448,780.898438203123,50.0038999922003,3.66386467650787,782.57657998763
25.3139493721009,695.21860956278,6.22198755602467,0.512765487992081,695.707139710644
11.1299777400439,710.698578602845,21.9059561880875,1.76547641755325,711.123207995008
11.7059765880466,732.71853456293,54.2638914722172,4.23549613065125,734.818379395641
10.9439781120438,633.778732442534,24.257951484097,2.19193237007782,634.337213604552
-18.7079625840743,643.438713122573,40.913918172164,3.63833114355761,645.009545750355
-3.16199367601274,613.618772762456,9.24598150803739,0.863265034151713,613.696573776127
11.3519772960454,690.17861964276,6.83998632002719,0.567808835499878,690.305859611067
-18.2339635320729,557.45888508223,28.1459437081129,2.89039352774067,558.46672249153
-18.2879634240732,554.218891562218,12.5999748000505,1.3023753761593,554.663671728748
-18.1439637120721,618.298763402474,9.58198083603795,0.887860608703135,618.639134391735
-32.2379355241291,704.218591562818,37.5359249281501,3.05106520294706,705.954711613846
-3.59399281201431,646.078707842583,25.6679486641025,2.27509757766919,646.59837387709
-3.59399281201431,620.398759202484,-5.96998806002425,0.551330184237108,620.437892106656
11.5259769480467,701.818596362808,52.6198947602102,4.28781382012626,703.882833765566
11.2919774160457,638.518722962554,10.0499799000404,0.901733761150123,638.697636150069
11.6459767080469,637.49872500255,24.9359501281,2.23999932877145,638.092512698709
11.3399773200449,640.018719962559,39.4499211001577,3.52717484600983,641.333652058692
-4.4159911680176,1015.73796852406,73.1818536362925,4.12092371523787,1018.38043254033
-17.4179651640698,548.818902362195,-3.26999346001335,0.341377832363248,549.104968068701
11.225977548045,628.07874384251,9.49798100403824,0.866376634692171,628.250859674579
-17.8319643360707,539.99892000216,-3.37799324401353,0.358412256765207,540.303825078019
-2.90999418001189,629.698740602519,9.60598078803842,0.873972638502399,629.778728482811
-3.56399287201405,715.498569002863,37.8059243881511,3.0246145803405,716.505542343657
-3.22199355601327,611.158777682447,-5.66998866002247,0.53154288531366,611.193571262151
-17.8919642160712,542.818914362173,-2.93999412001173,0.310320077839798,543.121662004254
-17.6879646240705,560.518878962245,27.9119441761118,2.85078120504012,561.492078655901
11.1479777040446,618.358763282476,-5.86798826402344,0.543698723165701,618.48708217827
-18.7559624880752,556.858886282228,-2.8199943600111,0.29014961937984,557.181799530932
-17.5259649480704,717.658564682871,38.6459227081547,3.08240127222967,718.912012872232
25.7699484601033,701.638596722808,21.5399569200863,1.75839974533049,702.442012125489
-17.7959644080711,644.518710962576,25.7939484121034,2.29178160522475,645.280088724858
-3.20999358001282,705.418589162819,22.4339551320897,1.82152539360334,705.782524817747
25.2239495521009,690.958618082762,21.3059573880852,1.7661763293992,691.747066024909
-3.52199295601419,620.098759802479,10.3499793000414,0.956226833101524,620.195129305662
11.111977776045,699.9586000828,38.1719236561528,3.12150723538686,701.086737597838
-3.50399299201352,617.038765922468,10.1219797560406,0.939802716554153,617.131729124497
11.6519766960463,639.118721762556,11.3759772480459,1.01972707231446,639.326146756627
11.7359765280469,652.378695242609,10.8359783280432,0.9515925995101,652.574220742623
11.3879772240459,694.258611482775,7.84798430403143,0.647650917822777,694.396354037723
-2.53199493601062,536.518926962147,-2.31599536800898,0.247327594754312,536.529900212014
-32.303935392129,468.779062441878,-14.6759706480586,1.7931616196646,470.119918467796
-4.04999190001678,710.638578722842,8.73598252803505,0.704309802736061,710.703812705646
-18.1799636400734,719.878560242879,9.05398189203622,0.720576536998069,720.164999957243
11.039977920044,780.478439043121,21.4499571000859,1.57426863294293,780.851186579912
-2.87999424001163,623.698752602494,10.679978640043,0.981015114827943,623.796834160355
10.6739786520432,792.478415043172,21.311957376085,1.54047219874093,792.836787527422
-3.29999340001361,710.638578722842,8.0519838960322,0.649169586780124,710.69185584916
-3.61799276401435,699.9586000828,8.60998278003462,0.704742818251771,700.020902191489
-17.981964036072,540.958918082162,-16.9499661000677,1.79467212103509,541.523040538453
10.8299783400439,718.018563962871,38.909922180156,3.10186391791221,719.153619660094
11.1239777520446,791.098417803165,36.3959272081456,2.63413950507135,792.013328832943
-17.7359645280705,625.798748402504,-4.40399119201758,0.403206212129961,626.065518199414
-3.2579934840129,717.05856588287,23.8439523120952,1.90452314695617,717.462288548604
-3.59999280001454,646.618706762586,27.029945940108,2.39368375976107,647.193425384563
-4.23599152801688,701.098597802805,38.501922996154,3.14332971850785,702.167775919463
11.1719776560447,711.238577522847,38.9819220361561,3.13715713125751,712.393653457906
-2.95199409601175,718.918562162877,9.44398111203751,0.752615339715438,718.986649438449
11.8139763720481,618.358763282472,9.33598132803733,0.86498602537925,618.542068668984
11.4659770680454,708.238583522831,7.52998494003026,0.609145154746351,708.371414226851
-3.42599314801318,544.138911722174,-2.63999472001038,0.277979327180812,544.156100996179
-3.97199205601558,710.338579322841,24.677950644099,1.98971873632897,710.778218042223
25.8479483041037,793.438413123173,35.5679288641425,2.56671313505959,794.655717537246
11.5379769240463,711.838576322849,24.1619516760964,1.94404547410002,712.341970939267
-3.26399347201312,703.618592762813,8.21998356003291,0.669324185473046,703.674175925644
-3.22799354401264,626.998746002507,10.6379787240423,0.972015992539902,627.09729230987
-3.11399377201266,539.158921682156,-2.1539956920085,0.228901351127742,539.172216906731
-3.32999334001302,633.838732322537,-4.49999100001817,0.406769336153931,633.863453250686
12.0779758440485,613.198773602455,-4.66199067601865,0.435596506434713,613.335428297687
-17.3099653800692,619.798760402478,-4.16399167201676,0.384924228007615,620.054414648063
-3.5759928480145,705.958588082825,23.5499529000941,1.91061169203748,706.360330209973
-2.92799414401171,455.39908920182,-15.6659686680626,1.97022806891928,455.677875444775
-2.93999412001216,636.658726682546,10.4639790720418,0.941615712917054,636.75149994679
-4.09199181601664,717.478565042868,7.82998434003119,0.625255261095802,717.532956976724
-3.80999238001553,613.918772162454,10.4579790840415,0.975927340464012,614.019661071136
-17.2979654040687,619.858760282481,-4.44599110801787,0.410951936644876,620.116012648429
-3.49199301601393,626.278747442504,25.7339485321029,2.35297407750946,626.816958625426
-2.88599422801185,549.598900802196,-3.31799336401343,0.345897174078068,549.616493389373
-3.28799342401316,623.878752242494,-4.86599026801942,0.446873773547555,623.906392226987
-3.94799210401554,692.638614722773,8.69398261203476,0.719137429419565,692.704426563302
-2.54399491201022,620.818758362482,10.4699790600416,0.966189793654638,620.912250729814
-3.13199373601248,530.458939082122,-18.1259637480727,1.95705496564032,530.777774589978
-3.5759928480145,629.638740722517,10.1999796000405,0.928095159092325,629.731507173753
-2.99999400001183,633.658732682533,-4.81799036401934,0.435637007470251,633.684150425101
-3.21599356801304,692.338615322769,7.65598468803069,0.633559536111407,692.388413380251
-3.26999346001335,721.018557962884,23.849952300095,1.89454699642042,721.420317158328
-2.72399455201094,698.158603682794,38.2499235001532,3.13592124135651,699.210921461039
11.4299771400457,701.278597442804,7.69198461603075,0.628424399999186,701.413916483058
11.8559762880471,625.378749242502,-5.07598984802041,0.465040439949292,625.511718396063
10.9499781000432,683.638632722735,7.35598528802933,0.616481612502373,683.765890265784
-4.28999142001718,667.438665122671,-20.7359585280832,1.77949066785786,667.774479673486
10.2059795880411,681.358637282725,-6.84598630802742,0.575662950284892,681.469457971268
-3.6299927400148,627.118745762508,-4.94399011201976,0.451691008927566,627.148739273437
11.0579778840438,784.018431963137,20.9579580840838,1.53123523566951,784.376450781048
-2.54999490001044,539.218921562158,-2.6459947080106,0.281153176354673,539.23144301185
-3.05999388001236,613.138773722452,-34.1939316121366,3.19200274679571,614.099132358542
-2.98199403601201,706.018587962824,-4.72799054401898,0.38368657568059,706.040716058242
11.0039779920444,690.718618562763,8.23198353603293,0.68281869293749,690.855312720282
11.8739762520477,629.398741202518,-4.73399053201877,0.430939157199498,629.528535815261
11.0519778960445,693.718612562776,23.5799528400944,1.94677179366934,694.207226847559
11.9519760960481,719.458561082877,23.8199523600952,1.89626542907193,719.951985189625
-2.92199415601149,690.35861928276,-6.53398693202604,0.542266998864915,690.395722939442
10.3739792520414,707.878584242832,23.0999538000923,1.8690498407466,708.331361257374
10.6739786520423,697.798604402791,7.78198443603111,0.638947080566648,697.923624337584
-3.85199229601538,620.518758962485,11.015977968044,1.01705668199906,620.628487776369
11.4239771520455,701.218597562806,7.69198461603075,0.628478166919324,701.353830423169
-3.54599290801423,623.998752002498,11.6219767560465,1.06701052619268,624.117045841641
-18.0839638320724,537.898924202154,-1.95599608800796,0.208347370806214,538.206380793103
25.5839488321024,689.038621922755,7.48798502402998,0.622625549974081,689.554081170413
-3.27599344801357,544.258911482175,-32.8739342521314,3.45653892053405,545.260662815545
-17.7839644320706,551.998896002211,-1.75799648400699,0.18247398521176,552.288096133004
-3.59399281201431,609.418781162437,-18.8699622600756,1.77353225969656,609.721447132655
-3.17999364001256,617.698764602468,11.1239777520446,1.03171339345682,617.807105035216
11.9099761800474,628.858742282515,10.8239783520432,0.986083206575486,629.064641976579
-3.79199241601486,734.638530722937,10.6859786280428,0.833359909419376,734.726030686594
25.3679492641012,695.21860956278,-21.4739570520859,1.76919321342875,696.012628307667
-17.4119651760696,540.718918562163,-17.2319655360688,1.82531963333699,541.273559356601
-2.84399431201114,689.338621322759,8.14198371603256,0.676706045212471,689.392569621722
-3.5759928480145,629.938740122521,10.8479783040437,0.986575208703357,630.042286410431
11.4899770200463,712.49857500285,7.89598420803151,0.634931867908625,712.634959512671
11.435977128046,613.018773962451,-4.98599002802005,0.466005117877365,613.145707723588
11.573976852046,628.678742642515,10.8059783880434,0.984725506309454,628.878118207072
-3.58199283601387,767.998464003073,6.78598642802732,0.506248752145833,768.036796641644
-3.22799354401264,547.258905482188,-17.7539644920712,1.85811612535363,547.5563284513
-2.98799402401224,630.538738922523,-4.99799000402007,0.454147728624923,630.565626477033
-3.28199343601294,707.45858508283,9.20998158003691,0.745857463814707,707.526144286568
-17.657964684071,614.578770842458,-19.0499619000759,1.77541611323734,615.127442352725
11.7779764440476,619.678760642481,-20.4059591880816,1.88606271172983,620.126511520756
11.8199763600474,622.558754882489,-5.20798958402106,0.47929429984749,622.692731832879
-17.633964732071,538.078923842153,-17.5979648040705,1.87320074983319,538.655338189966
-3.59399281201431,608.578782842436,-20.1059597880807,1.89222467488933,608.921424593776
-3.12599374801225,542.038915922168,-1.94399611200794,0.205487635262397,542.051415764109
10.5299789400421,766.138467723065,6.68398663202693,0.49985025524619,766.239980592778
-18.1019637960722,547.258905482191,-16.2899674200649,1.70498982663484,547.800468931332
11.9759760480481,720.478559042881,25.3799492401012,2.01749644126221,721.024909324386
-17.5199649600702,612.778774442452,-4.69199061601892,0.438699931376115,613.04713550863
-2.92799414401171,544.678910642181,-17.6099647800705,1.85177965019775,544.971375126818
-33.095933808132,475.619048761904,-14.3759712480577,1.73128427005098,476.985837241668
11.4599770800451,774.838450323102,35.9939280121439,2.65967525359584,775.758672544191
-2.66399467201042,547.618904762191,-18.1859636280728,1.90204567124929,547.927267977818
11.435977128046,612.958774082452,-4.70399059201894,0.439692730358971,613.083491724435
-17.7419645160708,691.138617722765,8.89798220403553,0.737606970402024,691.423560706407
11.5679768640457,628.498743002515,10.1579796840406,0.925950451400509,628.687261359518
-3.29999340001361,710.338579322841,8.00398399203169,0.645572560021688,710.391336511487
-18.2399635200731,629.218741562518,-20.1419597160807,1.83347262401356,629.805223496866
-3.16199367601274,695.698608602781,23.7059525880948,1.95160043415951,696.109563505604
-17.5079649840697,538.018923962151,-2.43599512800961,0.259417057268419,538.309228465887
-2.90399419201167,539.398921202158,-17.3519652960695,1.8425169281107,539.685760490265
-3.19799360401237,619.978760042482,9.44998110003773,0.873259122297437,620.059023166098
-3.35399329201306,637.798724402551,-3.56999286001427,0.320702095838872,637.817534228673
-17.5739648520705,636.778726442547,-3.56999286001427,0.321215788619802,637.031188827858
11.0459779080442,698.218603562793,8.51398297203404,0.698622341206833,698.357873797647
-3.48599302801371,730.678538642923,72.1798556402889,5.64164237784649,734.243291110652
-3.24599350801245,629.81874036252,10.2239795520409,0.930012705964185,629.910082427299
-3.50999298001375,691.438617122766,22.9379541240914,1.9000474144897,691.827891197487
10.7279785440435,707.998584002833,7.48798502402998,0.605953109173663,708.119449241
11.1899776200445,713.878572242857,38.1119237761523,3.05595573603235,714.982762198192
11.3699772600452,689.518620962756,21.4739570520859,1.78380905172485,689.946618129801
11.135977728045,615.958768082465,-5.09998980002045,0.474384373009886,616.080533594097
-3.11399377201266,632.398735202527,40.8359183281632,3.69463407422969,633.723464508513
-17.8499643000714,549.178901642198,-17.5499649000704,1.83036316483858,549.749114144296
-3.88799222401587,625.918748162505,9.25798148403699,0.847401663543687,625.999285946885
10.7219785560433,703.438593122813,22.3199553600893,1.81737303441259,703.874275368858
-3.31799336401257,630.118739762521,-5.36398927202132,0.487727953275916,630.150305610322
10.7279785440426,708.358583282836,7.87198425603147,0.636701409467417,708.483549682161
11.1299777400439,612.298775402448,9.76798046403933,0.913959993168343,612.477820174884
-2.58599482801007,452.399095201807,-46.0859078281842,5.8166571680224,454.747775815355
-2.89199421601122,536.218927562146,-17.7959644080715,1.9008272450715,536.52194573536
-2.57399485201048,544.55891088218,-2.81999436001153,0.296703125368657,544.572295695323
-3.65399269201484,721.198557602884,24.5819508360984,1.95216278238999,721.626623301816
25.133949732101,681.298637402723,-21.5699568600861,1.8133821863987,682.103226641605
-3.52799294401442,633.418733162535,26.4419471161057,2.39041376067015,633.980216428505
-3.749992500015,725.518548962901,8.47798304403398,0.669494308666672,725.57777221293
-17.6699646600706,540.238919522162,-18.2939634120734,1.93945029279659,540.837301704388
-3.5759928480145,629.638740722517,10.1999796000405,0.928095159092325,629.731507173753
-2.87999424001163,623.998752002498,11.0219779560442,1.01193656581449,624.10273262145
-3.88799222401502,626.458747082508,10.247979504041,0.937194363396387,626.554626001305
-17.6219647560706,537.898924202154,-18.1139637720727,1.92872968207083,538.492248768015
-2.86199427601181,530.39893920212,-18.6119627760746,2.00971281010286,530.733107009868
-3.40199319601314,550.018899962202,12.8039743920512,1.33355638697311,550.178430723678
-3.86399227201498,701.578596842805,38.9279221441558,3.17586788376489,702.668372069399
-3.82199235601512,693.958612082778,38.1299237401521,3.1449846015148,695.015866001528
-2.75999448001143,613.678772642455,25.1879496241005,2.35033977688092,614.201665878355
-3.59399281201431,620.338759322481,-5.12398975202049,0.473251600228928,620.370331635119
-2.81399437201173,536.038927922142,-3.39599320801377,0.362983852089776,536.057071198687
-17.5739648520705,616.738766522467,-4.3619912760173,0.405227523862965,617.004519708055
-17.7539644920712,619.55876088248,-19.4939610120779,1.80217502700065,620.11956585594
-2.8199943600111,536.398927202146,-2.33999532000945,0.249946445891164,536.411443809601
-3.23999352001308,614.458771082457,-5.16598966802035,0.48169616140037,614.489028679458
11.5199769600465,621.898756202488,9.94198011603983,0.91588056049443,622.084894370527
-3.44999310001322,620.338759322481,26.1299477401048,2.41199055076217,620.898424010761
-3.97199205601558,695.998608002782,8.60998278003462,0.708752153999323,696.063194592399
-18.4319631360734,549.358901282198,-17.0279659440681,1.77537546452017,549.931715131275
-3.17399365201233,550.738898522205,-1.85999628000779,0.193502822961991,550.75118535262
10.2059795880411,680.998638002725,-7.21198557602867,0.606757290477206,681.113294332791
-3.85799228401561,610.918778162441,-4.87799024401944,0.457478676553335,610.95043367263
-2.93999412001216,636.95872608255,10.5179789640421,0.946028390500777,637.052344929064
-3.32999334001387,539.218921562155,12.995974008052,1.38064579011483,539.385789177575
-3.50399299201352,616.798766402469,10.0799798400403,0.936267915382622,616.891078064897
-3.26999346001249,720.418559162882,23.3999532000936,1.86037317603367,720.805903869633
-2.60999478001011,536.338927322147,-17.5439649120702,1.87351096534769,536.63213446332
-2.63399473201101,541.438917122166,-18.317963364073,1.93769194423222,541.755098438842
-17.1599656800687,541.078917842166,13.1939736120529,1.39685579802847,541.511717966533
-2.84999430001222,528.238943522111,-17.7059645880707,1.91977018199786,528.543285931115
11.5079769840461,615.418769162462,25.703948592103,2.3916597511834,616.062811688005
-3.98399203201603,723.298553402894,38.9519220961558,3.08258182714967,724.357592479167
-2.90399419201167,611.578776842449,-4.75799048401882,0.445743515245618,611.604179138615
-3.17999364001256,538.558922882154,-18.4619630760737,1.96334785592736,538.884653572691
11.4179771640453,700.918598162805,6.97198605602784,0.569898135268549,701.046260986103
-2.29799540400874,389.339221321559,-13.0559738880521,1.92061819773039,389.564845046778
-2.75999448001058,708.958582082838,38.6279227441544,3.11870226893229,710.015496375935
-3.59999280001454,710.398579202844,24.3479513040973,1.96296703537359,710.824819497945
-2.87399425201141,717.53856492287,23.9159521680958,1.90899290964297,717.942772623724
-3.11999376001203,649.138701722594,57.5938848122302,5.070208306383,651.696128577516
-3.52199295601419,708.358583282833,38.1839236321528,3.08553094378891,709.395728045207
-18.0899638200726,634.738730522539,10.283979432041,0.928219817022789,635.079729679144
-3.15599368801337,695.03860992278,22.9199541600916,1.88873094545456,695.423578747694
-3.27599344801357,636.478727042546,10.4399791200417,0.939722067100756,636.57277296064
12.0959758080483,556.798886402226,11.7359765280473,1.20747793990667,557.053898356859
-3.10799378401244,549.718900562198,11.705976588047,1.21989930240893,549.852306668393
-3.22199355601327,558.298883402234,-3.01799396401207,0.309720541434761,558.316337516844
-3.86399227201498,701.578596842805,38.9279221441558,3.17586788376489,702.668372069399
-3.59399281201431,535.018929962139,10.9919780160444,1.17697771869121,535.143901939347
-3.54599290801423,623.758752482493,10.3859792280414,0.953922953825138,623.855290855776
-17.5199649600702,701.758596482805,8.057983884032,0.657873207086264,702.023509587816
11.1059777880439,612.35877528245,-5.94598810802378,0.556323075841114,612.488340446275
11.8139763720472,622.018755962489,-5.88598822802368,0.542157636145573,622.158780107026
-3.52799294401442,645.478709042581,40.9079181841638,3.62633270470681,646.783324098304
-3.2579934840129,632.398735202531,9.16798166403662,0.830567539142475,632.473577863214
-3.95399209201577,707.038585922828,24.7559504880993,2.00531102668695,707.482899526048
-17.9999640000727,560.518878962245,28.7459425081151,2.93581460913122,561.544069141305
-2.91599416801212,706.918586162827,7.77598444803089,0.630218431453092,706.967365879482
-3.5759928480145,642.778714442572,26.0039479921044,2.31666732404587,643.314440049709
-18.3119633760732,615.538768922463,-21.4799570400862,1.99859333924296,616.185599153138
-3.50399299201352,616.498767002468,9.44998110003773,0.878187698378847,616.581146180487
-3.76199247601545,615.838768322461,23.7959524080951,2.21280273017577,616.309815358577
-2.86199427601181,636.358727282545,25.1279497441004,2.26126839809068,636.861079559929
-2.90999418001189,629.098741802517,9.50398099203804,0.865518466656517,629.177256946192
11.2019775960449,712.738574522852,52.3858952282092,4.2036497072371,714.74893629427
-18.0239639520719,725.038549922897,39.0059219881561,3.07945326922661,726.310693918924
-2.40599518800935,644.338711322576,54.9658900682199,4.87586320728909,646.683394554611
11.3099773800455,686.158627682747,5.8439883120234,0.487974291167118,686.276715422575
-3.14999370001229,638.518722962554,40.1699196601606,3.59979681297604,639.78879677558
11.459977080046,703.438593122813,21.6239567520864,1.76073850808993,703.864177860256
-18.1139637720727,706.018587962824,37.4579250841497,3.03698899990694,707.243563692287
-17.1599656800687,618.778762442478,9.65998068003872,0.894392632532905,619.092025872345
-4.75199049601902,950.518098963801,45.8939082121834,2.76426796949335,951.637267388379
12.2219755560488,704.518590962819,22.8419543160912,1.85699753384875,704.994735140417
11.4539770920458,700.498599002803,22.7939544120911,1.8637249798128,700.962941355572
-3.23399353201286,656.458687082624,42.0959158081683,3.66911195387519,657.814968428156
-3.04199391601254,484.799030401938,-0.311999376000947,0.036873516378083,484.808674581278
-2.93399413201193,732.53853492293,23.7959524080956,1.86055519737281,732.930802204143
-3.42599314801403,651.358697282605,72.0358559282882,6.31087899210049,655.338885229668
25.8239483521028,793.198413603171,63.6898726202549,4.5907160646574,796.17020763494
10.8839782320433,623.338753322494,23.5919528160944,2.16748028300443,623.879990553851
11.8499763000469,620.638758722482,23.3759532480932,2.1569885069256,621.191859216742
-2.83199433601155,628.558742882514,24.0299519400958,2.18936522547858,629.024285728468
-2.87399425201141,638.638722722555,24.3299513400975,2.18171819093908,639.108460698079
11.4899770200454,702.358595282807,36.5879268241463,2.98201036862438,703.404785545882
-3.17999364001256,644.99871000258,40.1879196241605,3.56531785759594,646.257314966926
-3.47999304001434,552.178895642211,-3.95399209201577,0.410271361119511,552.20401773047
-3.443993112013,706.678586642825,51.5578968842065,4.17279548953548,708.56524233071
10.9499781000441,633.478733042533,24.2099515800969,2.18863433285588,634.035747409462
-2.78999442001084,635.21872956254,39.1919216161571,3.53057733390632,636.432734211463
11.7659764680471,649.678700642597,55.0558898882202,4.84385790142779,652.113489572393
25.8599482801041,616.258767482466,-7.21798556402889,0.671051222967146,616.843338895428
-19.7459605080796,986.818026363947,123.299753400493,7.12201502094477,994.68716152459
-17.3759652480699,560.098879802239,27.5579448841102,2.81679130607752,561.045559335658
-3.17999364001341,645.298709402581,40.235919528161,3.56791001763394,646.559715677109
-3.07199385601195,555.718888562223,27.1799456401089,2.80007792838704,556.391651353687
-3.59399281201431,620.39875920248,-5.4059891880216,0.499247493470198,620.432721512503
11.1479777040446,709.858580282841,36.9959260081479,2.98340317863409,710.909403475056
-17.8319643360707,581.818836362328,59.98788002424,5.88662672508651,585.174916625703
-18.4019631960731,632.27873544253,54.7498905002191,4.94897620301023,634.911475760251
-3.0839938320124,532.67893464213,-4.42799114401805,0.476270684423779,532.706265717799
12.0059759880475,719.578560842878,51.6538966922063,4.10585125281819,721.530022748619
-3.75599248801522,624.658750682499,39.3299213401571,3.60271561723181,625.906945956356
26.3819472361048,718.258563482873,51.6598966802065,4.11384716384448,720.597055282256
-3.50999298001375,641.638716722568,39.8399203201595,3.55298483175364,642.883956946524
-2.78999442001084,634.258731482539,38.723922552155,3.49378977368674,635.445878662005
-2.45999508000965,638.218723562553,39.1619216761568,3.51134015915767,639.423839711171
-2.21399557200817,564.658870682259,28.0499439001123,2.84388231161801,565.35947977314
-3.40199319601314,621.478757042486,38.3699232601538,3.53294088264857,622.671398109604
11.2859774280455,725.938548122903,66.7378665242672,5.25262068428575,729.087163352576
10.5419789160417,618.958762082474,37.8359243281514,3.49804345461888,620.20370818619
11.0999778000445,706.798586402829,21.2039575920849,1.71835800165546,707.203689940717
9.43198113603792,1032.35793528413,87.6658246683508,4.85380128332115,1036.11638613963
-3.41399317201359,552.178895642211,12.1439757120484,1.25989314426811,552.32297099444
-17.7119645760705,554.99889000222,13.007973984052,1.34264337259276,555.433784514419
-18.2399635200731,713.698572602857,38.2439235121529,3.06729172023835,714.955205932632
-3.65399269201484,734.878530242939,39.0119219761559,3.03876383221397,735.922370859107
-18.077963844073,640.798718402564,25.4339491321019,2.2729343537421,641.558022357737
10.829978340043,617.758764482471,8.64598270803469,0.801843707014335,617.914178946188
-2.74199451601161,464.45907108186,-16.7219665560669,2.06193509919852,464.768083467069
-3.0839938320124,710.03857992284,51.5518968962063,4.15263692201514,711.914246289816
-17.6399647200704,608.638782722435,9.10798178403652,0.857339332398913,608.962471357104
-3.50399299201352,615.898768202463,8.76598246803489,0.815426031558856,615.971113842872
-3.56999286001427,616.618766762466,-6.85798628402744,0.637212960132558,616.667236318386
10.6799786400434,695.818608362782,21.6179567640866,1.77951462807571,696.236262875128
-3.50399299201438,641.338717322567,39.7919204161594,3.55037081253608,642.581531974153
11.4479771040464,698.158603682791,35.4539290921417,2.90710022217156,699.15196714602
-3.17999364001256,715.318569362859,37.067925864148,2.96642333800658,716.285417388033
-3.03599392801232,643.678712642575,70.3138593722813,6.23412972142124,647.514896499037
-3.53999292001401,622.378755242489,8.6699826600343,0.798101287645556,622.449206864616
-3.17999364001256,645.35870928258,40.5659188681622,3.59676255679553,646.640216642954
-18.2339635320729,542.93891412217,27.2639454721095,2.87472116711634,543.928731192752
-3.11399377201266,631.258737482526,38.7539224921553,3.51306494725699,632.454865673253
-3.38399323201332,557.758884482231,26.7779464441072,2.74865391717383,558.411571374394
-1.51799696400616,311.579376841245,-11.2919774160449,2.07555334764845,311.787621854245
11.8619762760473,628.858742282515,-5.70598858802253,0.519862523225692,628.996488489472
-3.19799360401323,648.898702202596,40.6199187601625,3.58194135789835,650.176691894893
10.4939790120416,611.158777682447,24.035951928096,2.25219579531386,611.721261784236
-3.2579934840129,632.998734002533,9.85798028403969,0.892221387849239,633.083874021153
-3.49199301601393,638.698722602557,40.1999196001609,3.60146557090298,639.972097677095
-2.41199517600957,644.638710722577,54.6838906322188,4.84872078205751,646.958432186699
-3.09599380801199,696.118607762786,35.4899290201422,2.91856027624971,697.029580658607
-17.8679642640712,642.53871492257,54.3058913882171,4.83102600978902,645.077045135509
-3.46799306401389,634.318731362538,39.0479219041564,3.5226162653676,635.528929426745
-3.38399323201418,630.478739042524,53.3458933082133,4.83637522163857,632.740607301046
-2.83799432401177,628.318743362512,23.3699532600934,2.1301015555965,628.75961399235
-3.68399263201425,623.458753082492,53.1538936922126,4.8730519550087,625.7313521085
11.3819772360456,541.438917122162,24.9659500680999,2.64005971776943,542.133700338786
-3.79799240401593,711.838576322849,65.6038687922626,5.2655710850205,714.865337730229
-3.52799294401442,644.638710722577,39.4739210521582,3.50408461990211,645.855792371262
11.2199775600447,714.238571522857,65.7058685882625,5.25609039380644,717.342237787792
-3.07799384401217,623.518752962494,37.2599254801487,3.41978610489406,624.638624637313
-17.6039647920707,619.678760642477,38.4059231881534,3.54649284385492,621.117284338257
-3.12599374801225,647.338705322592,54.6418907162189,4.82490191667264,649.648295208019
-3.40799318401336,633.958732082538,53.7538924922153,4.84656460402688,636.242696900566
-17.8259643480713,554.218891562218,-2.6999946000109,0.279126305172137,554.512069066339
11.2559774880452,633.838732322537,8.6639826720345,0.783130948127905,633.997870830173
-3.85199229601538,651.658696682606,55.8358883282237,4.89729694259889,654.057750685766
11.0339779320438,642.778714442569,55.2538894922212,4.91312372502294,645.243532872252
-18.0659638680717,646.978706042586,40.9619180761637,3.62271064697978,648.525792744976
12.1439757120484,653.758692482613,55.5598888802224,4.85762760541588,656.227708493822
-3.76799246401482,637.018725962549,54.1018917962163,4.85447126252575,639.323134017601
11.6339767320465,633.058733882535,39.0359219281564,3.52852777863531,634.367805898393
12.2459755080488,878.998242003518,76.7398465203067,4.98948578842596,882.426698035242
12.0479759040483,722.518554962889,66.3358673282651,5.24573306681474,725.657400763775
-3.23399353201286,641.458717082568,24.2219515560969,2.16250322317425,641.924019937379
11.1479777040446,704.278591442817,50.6878986242027,4.11655806855625,706.188271524319
-17.4779650440703,562.49887500225,57.227885544229,5.80920800658155,565.672603654041
-3.8039923920153,799.5584008832,79.8658402683194,5.70420759871484,803.546301853715
-18.3359633280732,635.158729682538,69.3958612082779,6.23526215561476,639.201537072575
-3.05399389201213,552.178895642207,26.2559474881052,2.72234733326585,552.811210495806
12.0839758320487,731.458537082928,52.5778948442103,4.11140066889738,733.445327866812
-3.83399233201557,730.678538642923,82.6138347723308,6.45072637163907,735.344050106036
11.6159767680467,568.618862762273,42.683914632171,4.29291078194062,570.336969320474
-3.43199313601426,628.258743482513,39.0899218201563,3.56032306876462,629.483001618803
11.5859768280464,720.898558202883,36.6299267401466,2.90878209455473,721.921545329576
-18.3419633160735,563.338873322254,28.1639436721127,2.86210086509114,564.340607733876
-2.77799444401125,554.99889000222,26.5139469721059,2.73511024951972,555.63879862809
-3.14999370001315,637.918724162552,39.4379211241577,3.53768297337735,639.144405216915
11.321977356046,635.818728362542,53.7718924562147,4.83406443841817,638.188889691864
-3.64799270401462,639.41872116256,85.0678298643403,7.57809108123001,645.062899647593
-2.3939952120089,641.038717922566,54.9178901642198,4.89658272257308,643.391283550664
-2.81399437201173,641.278717442568,39.7859204281591,3.55016812568957,642.517884166212
-2.80799438401151,654.838690322619,55.1758896482204,4.81629445354989,657.165104044924
10.8959782080438,626.278747442504,23.2079535840929,2.12223332725154,626.803319190975
-3.06599386801173,705.778588442825,50.3458993082015,4.08021677865929,707.578635771246
26.9579460841075,811.858376283248,94.8418103163794,6.66312811524663,817.823772571104
-3.46799306401389,634.618730762538,39.1019217961567,3.52581213215386,635.831676388256
-2.35199529600989,576.058847882304,73.3498533002932,7.2564511922371,580.714670974081
-2.7119945760105,650.758698482603,70.2118595762809,6.1579533594522,654.541017653219
-3.05399389201213,563.818872362255,41.7599164801673,4.23594561592281,565.371504707274
-17.8739642520714,642.53871492257,54.9658900682199,4.88945623658981,645.133108624433
-2.75999448001058,627.658744682511,38.045923908152,3.46877496261588,628.816833165255
-3.06599386801258,650.878698242604,71.2618574762854,6.24817737639001,654.775329769957
-2.53799492400999,638.758722482556,24.3419513160976,2.18238354185592,639.227406765117
11.3939772120452,743.158513682971,69.6298607402785,5.35267246272368,746.500312580579
-3.50999298001375,641.938716122569,40.2119195761609,3.58440259710104,643.206524985413
-17.3699652600697,647.338705322589,40.6919186161626,3.59689843784644,648.84894031086
10.9679780640439,734.218531562935,84.1018317963363,6.53452508139448,739.100985484896
10.8719782560437,719.098561802877,67.8178643642712,5.38760412435079,722.371237124719
-18.2219635560733,568.678862642275,58.6078827842343,5.8841131930984,571.981269532842
-2.4479951040092,634.37873124254,38.4299231401535,3.466674931537,635.546399821037
-3.14399371201292,638.218723562553,39.4859210281578,3.54031703635283,639.446762257592
-3.14399371201292,637.978724042554,39.1199217601565,3.50889997773457,639.184719236894
-3.44399311201385,654.478691042619,71.0398579202844,6.19487082441118,658.331891625151
-17.1839656320688,556.378887242224,41.4479171041655,4.26042805218802,558.185170598443
12.0059759880475,719.578560842878,51.6538966922063,4.10585125281819,721.530022748619
-2.8319943360107,645.118709762581,40.5299189401621,3.59491239587245,646.396816365112
11.3099773800455,632.338735322532,53.6878926242145,4.85298436055359,634.714567023686
-17.5739648520705,548.098903802195,11.2859774280455,1.17961831809264,548.496696322135
-17.3459653080697,631.918736162527,53.3818932362134,4.82864732041804,634.406650462616
10.8239783520437,613.558772882454,22.9919540160917,2.14604677887836,614.084811925736
-2.86199427601181,573.298853402294,28.3019433961131,2.82621622533991,574.004151834825
-3.19199361601215,701.878596242806,22.1399557200885,1.80673060148179,702.234953791325
-18.2099635800728,648.478703042593,27.1499457001086,2.39741004369642,649.302202849267
-3.58199283601472,656.638686722628,42.4559150881698,3.69939140353301,658.019528813141
10.2599794800414,789.418421163157,23.0519538960922,1.67262938215603,789.821564297335
-2.97599404801179,553.798892402216,-16.8239663520673,1.74006467794371,554.062375198236
10.8239783520428,616.558766882467,-4.12799174401627,0.383601667151525,616.667586178187
-3.93599212801595,623.878752242497,-4.57799084401851,0.420425996777663,623.907963992971
-3.55199289601446,626.038747922506,9.58198083603838,0.876885333384779,626.122148554621
11.3159773680458,688.198623602754,-7.04998590002818,0.586924028693648,688.327755632235
11.7119765760468,608.998782002435,-6.17998764002481,0.581405195038354,609.142741172377
-3.28199343601294,623.518752962494,-4.9079901840197,0.450990951743652,623.546706465894
-3.16199367601274,613.618772762453,9.5399809200381,0.890710379261691,613.701073590768
-3.17999364001256,538.798922402156,-18.1859636280728,1.93315817377626,539.115127235693
11.5679768640466,718.738562522874,22.9859540280919,1.83175009260276,719.199063840294
-3.76799246401567,552.118895762208,-2.92799414401171,0.303847840568187,552.139516766004
-3.38999322001355,644.578710842578,-3.71999256001516,0.330661723136366,644.598359344917
-2.885994228011,624.7787504425,12.0599758800483,1.10583133262773,624.901799473648
-17.9639640720713,554.758890482218,-17.2799654400689,1.78410674081118,555.318582238929
-3.31799336401343,714.838570322859,9.1019817960363,0.729503111770163,714.904215104239
-3.64799270401462,643.918712162577,11.705976588047,1.04148112104862,644.035438164516
-17.3879652240695,460.019079961842,-29.6519406961186,3.68807305648152,461.301563893533
-3.64799270401462,630.778738442522,-4.07999184001662,0.370594375902679,630.802481808151
11.1419777160444,715.678568642863,7.73998452003125,0.619623358180634,715.807142072843
-2.885994228011,608.338783322431,-4.70399059201894,0.443031816643398,608.363815314807
-3.27599344801272,608.698782602434,-19.8059603880793,1.86364379713091,609.029733380605
10.7339785320429,704.098591802817,23.4479531040937,1.90736417926854,704.570686147677
-3.2039935920126,607.918784162432,-5.32798934402126,0.502145179146822,607.950574621751
-3.34799330401284,703.978592042816,-6.70798658402697,0.545936613909483,704.01851126072
12.2099755800492,539.63892072216,-3.49199301601393,0.370754705885967,539.788330993796
25.8179483641034,790.318419363163,20.4299591400816,1.48078265034686,791.003889796305
-18.8099623800755,711.778576442847,8.38198323603339,0.67469024942439,712.076410373715
11.3279773440453,682.078635842728,21.4619570760859,1.80224670634525,682.510222740524
-3.24599350801331,602.578794842411,-19.8419603160794,1.88597735012113,602.914126436569
-3.23999352001308,731.638536722928,39.4619210761577,3.08733441194638,732.709143651898
10.7519784960435,806.158387683223,23.3339533320933,1.65794203118429,806.567681259111
11.039977920044,702.71859456281,-6.73798652402681,0.549361241725331,702.837609067133
-2.99399401201161,528.538942922116,-47.6399047201904,5.15044231074976,530.690058986524
-17.65196469607,538.738922522158,-16.5119669760659,1.7555255584388,539.280876307871
-17.8739642520714,476.399047201906,-14.8919702160598,1.79045128706515,476.966771955745
11.225977548045,625.738748522505,10.8959782080433,0.997589617353616,625.934282745026
-2.885994228011,550.378899242202,-2.67599464801086,0.278575343955874,550.392971104372
11.0819778360447,612.298775402452,-21.4559570880857,2.00691726363486,612.774802587922
-2.57399485201048,629.81874036252,9.92998014003981,0.903273879365787,629.902274695775
-18.3539632920739,683.758632482736,8.29798340403325,0.695298115917612,684.055255072104
10.7099785800428,599.4588010824,-5.97598804802362,0.571161105734525,599.584247849695
10.9919780160439,685.978628042744,22.1699556600884,1.85108232151441,686.424801887344
-3.59999280001454,708.838582322833,22.3619552760891,1.80692882481793,709.200361520899
10.9679780640439,598.318803362392,-35.2319295361407,3.36996352571159,599.455566208754
-3.82199235601512,604.678790642421,-5.27998944002118,0.500287800982559,604.713920599515
-17.7599644800714,615.418769162462,9.97798004403989,0.928873292288898,615.755826494181
11.9459761080479,631.198737602524,25.0079499841002,2.26885904696907,631.806893171166
-2.17199565600832,390.239219521559,-28.6919426161148,4.20504775657055,391.298599012329
-3.26999346001335,686.818626362747,-6.44398711202568,0.537554482866297,686.856639587869
-3.15599368801252,626.938746122509,26.1539476921044,2.38881780675551,627.491976574763
11.1659776680444,720.538558922883,8.5499829000341,0.679845566408705,720.6757912956
-3.18599362801278,703.498593002815,24.8039503920994,2.019297879533,703.942935803317
-17.9159641680713,544.438911122179,-1.66199667600682,0.174905021223614,544.736148928016
11.5799768400462,632.398735202527,-4.57199085601829,0.414218437974111,632.521271776499
-18.2699634600733,625.7987484025,11.1599776800446,1.02165728503657,626.164842648314
-3.67199265601466,634.498731002537,-3.79199241601528,0.342416090286257,634.520687117748
10.2959794080411,694.798610402778,8.59198281603438,0.708492006601283,694.928009493295
-3.191993616013,620.57875884248,10.4339791320415,0.963240582331228,620.67467538981
-17.9579640840711,704.81859036282,8.56198287603412,0.695982428973398,705.099313108336
11.8559762880479,785.878428243141,6.31798736402526,0.460613498837373,785.993247500247
11.0459779080442,697.67860464279,8.08798382403226,0.66418344670466,697.812915104466
11.5019769960458,626.098747802505,-20.3759592480813,1.86399441049224,626.535806789972
11.3939772120461,694.678610642777,8.56798286403392,0.706635211242009,694.824873713979
-17.6399647200704,455.519088961821,-14.4059711880575,1.81139792936048,456.088084441815
-3.9359921280151,623.638752722492,-5.19598960802061,0.47736191052475,623.672818262351
10.2239795520409,778.258443483113,35.1239297521405,2.58408792825204,779.117722203694
-17.9099641800719,636.238727522544,-3.65399269201484,0.329052679177216,636.501246565182
10.7279785440435,713.578572842853,-6.72598654802679,0.540037558451629,713.690905111679
11.483977032046,704.338591322819,23.4959530080942,1.91061504836773,704.823944515823
-3.22799354401264,626.998746002507,10.6439787120425,0.972564119637164,627.097394121407
-3.23999352001308,550.258899482204,-17.8319643360711,1.85610603960709,550.557293085342
-3.34799330401369,722.038555922888,8.59198281603438,0.68176569654632,722.097436269569
-3.05999388001236,777.238445523109,36.5279269441458,2.69075368357544,778.102341731833
10.6799786400434,792.778414443172,21.3599572800855,1.54335608553799,793.138023376631
-3.07199385601195,744.538510922978,86.8558262883475,6.65389359682227,749.5938673401
-17.7599644800714,615.418769162462,9.97798004403989,0.928873292288898,615.755826494181
-3.43199313601426,543.778912442174,-3.71399257201494,0.39132225592568,543.802425458461
11.9339761320483,634.678730642537,9.40798118403745,0.849245632868974,634.860631183177
-3.80999238001553,613.138773722452,8.86798226403527,0.828625677901788,613.214736444945
-17.8739642520714,563.338873322254,13.3739732520537,1.35997770991435,563.78101063677
-17.7899644200708,479.279041441917,-0.35399929200123,0.042319108369363,479.609223967856
-2.91599416801126,555.658888682221,-3.15599368801252,0.325421185154504,555.675502330008
11.459977080046,703.438593122813,21.6239567520864,1.76073850808993,703.864177860256
-3.34199331601347,541.498917002165,12.1019757960486,1.28029199085295,541.644444125489
12.995974008052,382.679234641533,-29.0819418361165,4.3458742653521,384.002670963636
-3.32999334001302,646.738706522587,10.6499787000423,0.943416063706148,646.834959952278
11.5619768760464,628.438743122513,9.86398027203949,0.899241238135359,628.622487088629
-3.29399341201253,640.258719482561,10.7759784480431,0.964234890360272,640.357868677788
-3.22199355601327,709.918580162839,23.5799528400944,1.90238051119371,710.317383905841
-3.05999388001236,553.258893482213,28.3559432881134,2.93398904385801,553.993525503202
-3.4559930880143,558.658882682237,12.44997510005,1.27665198832999,558.808279258622
-2.62199475601056,640.558718882562,10.8299783400434,0.968612117232817,640.65562951075
-3.48599302801371,729.95854008292,70.5418589162821,5.51981889824681,733.36742240622
12.0659758680489,553.978892042216,11.7839764320474,1.21858489430485,554.235566075041
-3.27599344801272,636.238727522548,9.79798040403917,0.882276618213633,636.322599749985
-17.9879640240722,476.699046601906,-0.089999820000364,0.010817327658714,477.03831709923
-17.7299645400712,569.81886036228,43.8599122801755,4.40147344534605,571.779308100936
-3.09599380801199,783.958432083134,34.763930472139,2.53906632901679,784.734948421298
11.1299777400448,788.398423203153,49.1819016361966,3.5696019892061,790.009373085069
-17.9639640720713,634.198731602536,25.1459497081006,2.27058556910091,634.95122171563
-1.27199745600553,230.459539080922,-39.839920320159,9.8078809228064,233.881244186095
-2.85599428801159,633.178733642536,25.1579496841006,2.27532361125729,633.684770112748
-17.8379643240718,546.418907162187,13.0919738160526,1.3725208759473,546.866724946715
-3.16799366401296,730.858538282926,54.3118913762173,4.24997818081408,732.880631965242
12.0599758800478,643.738712522574,40.4999190001618,3.59993901535895,645.124186848911
-17.8199643600711,560.518878962241,13.1579736840524,1.34475028909952,560.956412811505
-2.91599416801126,629.938740122518,9.94798010403963,0.904738610054582,630.024032587078
-3.29399341201339,724.618550762898,23.4539530920939,1.85386302895844,725.005505094939
10.8599782800441,548.038903922193,11.5559768880461,1.2079627851091,548.268291935909
-3.1379937240127,622.49875500249,24.4259511480977,2.24705078942711,622.98569331386
11.5319769360461,556.618886762226,42.1919156161689,4.33475171345453,558.334782487922
11.7299765400467,548.098903802192,11.5619768760464,1.20845752248197,548.346313936801
-3.14399371201207,543.658912682173,-3.98999202001625,0.420494529379019,543.682644629699
-3.12599374801225,552.178895642211,11.6039767920467,1.20388709900686,552.309656720715
25.5359489281023,618.958762082474,23.279953440093,2.15396361205133,619.922567808674
11.7119765760468,643.078713842573,39.7439205121589,3.53652863462575,644.412121092095
-2.92199415601234,649.018701962597,24.9539500920994,2.2018658378855,649.504821515792
-3.52199295601419,619.378761242476,8.45398309203351,0.781989156330452,619.446465921606
25.9439481121038,714.77857044286,52.0258959482081,4.16299122813051,717.138889656108
-32.6519346961308,481.019037961924,15.4019691960617,1.83395326330199,482.371935726294
-3.61799276401435,742.078515842968,54.7678904642189,4.22096856108871,744.105594235955
12.0119759760478,645.298709402581,9.95998008004008,0.884271895176897,645.487345442713
-2.87999424001163,639.538720922558,25.4099491801019,2.2752609562361,640.049791378311
-2.17199565600917,632.518734962532,24.4379511240977,2.21257537567142,632.994376830375
-3.49199301601393,626.038747922506,24.467951064098,2.23819557890314,626.526446804026
26.1359477281042,724.978550042902,22.5899548200904,1.78472925454194,725.801137946702
10.5599788800424,627.838744322511,9.16198167603683,0.836051659599458,627.994382088444
11.5559768880461,563.038873922253,12.2699754600488,1.24841566534811,563.291102758836
-17.2079655840688,537.71892456215,-3.23999352001308,0.34522814676832,538.003953024351
-3.17399365201319,561.658876682246,12.4199751600497,1.26677638774002,561.805147515259
11.4179771640461,650.278699442602,55.4758890482222,4.8761503794169,652.740631044959
11.1479777040446,714.598570802857,21.9059561880875,1.75584720377085,715.021164523743
-3.05999388001236,634.37873124254,54.4738910522182,4.90793015641369,636.720616143226
-3.89999220001632,732.238535522929,68.4718630562742,5.34221198769434,735.443321320088
-3.191993616013,552.05889588221,-4.22399155201686,0.438381063685798,552.084282922961
-3.50399299201438,641.338717322567,39.7919204161594,3.55037081253608,642.581531974153
-3.53999292001401,635.21872956254,24.3179513640975,2.19237223971373,635.693895436686
11.1839776320451,795.118409763181,63.725872548255,4.58225552384087,797.746421948755
-3.0719938560128,638.158723682551,55.2658894682208,4.94958598372785,640.554691105379
-3.54599290801423,725.638548722902,52.5598948802105,4.1428479029289,727.548225211362
11.3159773680449,730.678538642923,67.7158645682708,5.29478059007025,733.896870473897
11.249977500045,630.058739882522,23.5919528160944,2.14438439304813,630.60063267791
-3.0839938320124,570.058859882279,42.7379145241709,4.28750421403875,571.666987052878
-2.84399431201114,555.598888802222,11.9219761560474,1.22925751075265,555.734061451497
-3.54599290801423,725.998548002902,52.9798940402117,4.17377286359268,727.937727378199
-3.20999358001282,705.35858928282,22.0919558160885,1.79392751862765,705.711766974034
-3.13799372401185,567.53886492227,27.7619444761109,2.80046964817918,568.226130834341
-3.42599314801403,651.058697882604,70.9558580882839,6.21985186536979,654.922819357126
-3.34199331601347,560.758878482243,41.9999160001678,4.28336187376211,562.339471902879
-17.8559642880716,553.738892522214,26.927946144108,2.78406162131765,554.680728740349
11.783976432047,553.498893002212,26.4239471521055,2.73321604101617,554.254554909856
-3.22799354401349,546.778906442187,-18.5699628600743,1.94515861049745,547.103679381759
-17.885964228071,461.279077441844,-30.9719380561238,3.84127934925552,462.663545083162
-3.52799294401442,681.778636442727,7.82998434003162,0.657992653062439,681.832724719694
11.135977728045,615.958768082465,-5.09998980002045,0.474384373009886,616.080533594097
11.5679768640466,719.038561922879,23.3939532120938,1.863463539096,719.512021211416
-3.89399221201524,694.798610402778,23.5559528880943,1.9417711923316,695.208713344018
