-46.2899074201845,737.338525322949,68.5498629002745,5.31148199469977,741.963570640794
-31.235937528125,644.99871000258,55.1518896962208,4.88730094686569,648.105508875922
-45.5039089921826,631.738736522527,25.1879496241009,2.28322109928504,633.876068141805
-30.9299381401239,626.998746002507,9.10798178403652,0.832238051986082,627.827240484392
-30.3479393041219,637.678724642553,54.281891436217,4.86552794832986,640.704047918892
-30.4619390761218,622.018755962489,38.6159227681544,3.55245476931491,623.960296807927
-15.6359687280623,788.818422363155,78.317843364313,5.67002985220168,792.850976897171
-31.5059369881257,735.478529042944,68.1178637642725,5.29147152863396,739.297865621483
-45.3599092801815,639.77872044256,54.4258911482177,4.86243730863572,643.689762329884
-15.3959692080611,794.938410123178,64.1578716842565,4.61422517454451,797.671827417814
-59.5438809122384,639.178721642555,55.5898888202222,4.97055303257692,644.348622791844
-31.0259379481241,725.398549202903,52.2478955042092,4.11969839366769,727.939219025776
-44.8979102041796,637.078725842548,54.803890392219,4.91669271800951,641.005921707428
-45.0059099881802,639.95872008256,54.4558910882175,4.86374282694554,643.846363209255
-60.5218789562424,542.63891472217,-3.51599296801397,0.371239019697882,546.01488240688
-16.0139679720636,710.278579442842,65.2618694762609,5.24971495404728,713.450221944803
-45.5519088961826,654.358691282618,56.483887032226,4.93351156000884,658.369731044385
-31.4819370361265,640.978718042564,54.3358913282173,4.84539029356897,644.047528082724
-44.9519100961799,722.158555682889,66.7378665242672,5.2799594730615,726.627550121451
-16.0739678520641,639.77872044256,54.6538906922185,4.88270863239985,642.310074139761
-17.1479657040683,727.49854500291,52.9918940162117,4.16613756304621,729.627525892879
-60.0718798562401,560.098879802243,27.5279449441103,2.81372984055187,563.983309733573
-31.6079367841269,658.678682642635,56.4058871882253,4.89457748177626,661.844613746367
-31.1579376841247,635.458729082542,39.6959206081588,3.5745156495435,637.459316004447
-61.0978778042442,648.298703402594,55.9558880882239,4.93308134919191,653.571129195138
-30.653938692123,555.778888442225,41.6219167561665,4.28284865889034,558.177588899692
-31.5179369641262,648.478703042593,40.3739192521618,3.56260458222487,650.498318219239
-45.5219089561815,733.018533962931,83.489833020334,6.49791046631969,739.160988923214
-29.9639400721195,720.718558562883,67.1218657562683,5.32071524763836,724.457330161141
-30.791938416123,647.998704002589,70.9258581482836,6.24637039192851,652.595541828572
-15.4079691840615,701.998596002807,35.9999280001437,2.93567344642115,703.089915388
-16.0739678520641,629.99874000252,38.8739222521555,3.53094564177447,631.401589068747
-44.7419105161789,622.798754402491,53.4058931882139,4.9012059942119,626.683585606934
-46.979906040188,653.578692842613,56.3638872722254,4.92892831545906,657.684656273688
-29.7959404081192,713.218573562853,66.5878668242663,5.33381539324479,716.939659767851
-45.5219089561824,726.598546802907,68.4298631402735,5.38015374376709,731.232068895032
-30.8459383081233,717.89856420287,51.7978964042073,4.12685994191084,720.425459340904
-30.5459389081216,638.698722602554,39.3779212441576,3.52801159899374,640.640096559233
-44.8739102521796,555.298889402221,26.807946384107,2.76389996675579,557.753700464635
-46.5119069761859,656.098687802625,71.4538570922858,6.21542569356412,661.615068843094
-45.5879088241823,710.458579082842,21.9599560800878,1.77042317350906,712.258302650389
-44.4359111281778,633.238733522535,54.6538906922185,4.93288889282393,637.14432556432
-46.2539074921849,653.638692722615,56.0458879082242,4.90080793067758,657.665649197102
-30.3899392201217,716.218567562862,22.1879556240886,1.77441610169943,717.206309441277
-46.3559072881853,652.49869500261,70.6498587002823,6.17967548212734,657.947429248713
-60.3298793402412,642.478715042572,40.259919480161,3.58566164906402,646.559707019012
-31.0859378281246,646.078707842586,40.8239183521632,3.61555436682703,648.113126365933
-45.5639088721822,549.898900202201,27.4079451841097,2.85336296159645,552.463632915795
-46.7639064721868,657.71868456263,56.8738862522273,4.94215540553946,661.827296134549
-45.6419087161826,640.738718522561,40.4879190241618,3.61568081886689,643.636979074461
-32.1239357521282,733.978532042936,83.0158339683321,6.45295287022596,739.356518492647
-45.4799090401825,637.018725962549,39.4439211121579,3.54320599226432,639.857095190758
-30.1919396161203,712.738574522852,66.8938662122675,5.36177167743029,716.50723525131
-45.3719092561819,639.77872044256,54.7558904882189,4.89177698611106,643.718594436908
-31.5179369641262,736.138527722945,68.9878620242759,5.3538865272633,740.035564993508
-61.1998776002446,562.078875842248,43.043913912172,4.37915485605676,567.036917855662
-45.8279083441835,555.838888322221,27.9839440321119,2.88214681864721,558.426510901907
-31.8659362681272,719.99856000288,39.1679216641566,3.11382118649552,721.766922481181
-31.1759376481245,635.698728602541,40.3799192401612,3.63457511604909,637.742385695799
-59.6158807682385,713.098573802852,39.3839212321578,3.16119312670455,716.669186201734
-46.7519064961872,644.99871000258,26.7119465761068,2.37148957449255,647.242307606591
-46.187907624185,715.498569002863,24.5699508600984,1.9667426230608,717.408675401345
-45.4019091961822,623.158753682494,10.6679786640425,0.980762044686375,624.901569383974
-30.8759382481227,618.178763642473,-5.4119891760214,0.501596358514703,618.97301799681
-15.7499685000632,709.258581482839,8.31598336803349,0.671756295579212,709.482172076352
-45.7979084041833,645.478709042581,41.6999166001668,3.69634757839165,648.443594529189
-46.4519070961863,735.838528322944,54.7738904522191,4.25709641584617,739.335038066383
-15.977968044064,614.99877000246,23.735952528095,2.21024058726316,615.66401389863
-45.7379085241836,546.778906442187,27.3599452801096,2.86460027447313,549.370271685692
-46.3679072641857,639.178721642555,10.9859780280441,0.984682658314628,640.952504276177
-45.2639094721804,718.258563482873,38.9159221681558,3.1013067022631,720.734787918125
-30.8099383801228,708.718582562836,38.045923908152,3.07284234876809,710.407470328745
-30.8879382241232,718.618562762873,53.7418925162153,4.27690370612806,721.286970966715
-31.6439367121266,646.498707002585,26.2559474881052,2.32564844500064,647.804979654489
-30.1799396401207,630.298739402521,25.445949108102,2.31184690772077,631.533709294366
-60.2818794362411,552.958894082212,14.0639718720563,1.45694834020252,556.412831302269
-28.8719422561156,699.718600562798,22.9679540640916,1.88003363919026,700.690542206109
-30.9659380681244,627.478745042508,10.3919792160417,0.948816395823318,628.328304338255
-30.5099389801219,636.658726682546,41.4899170201658,3.72859170864559,638.738290579132
-30.3359393281214,615.778768442465,-20.6159587680826,1.91751722534793,616.870147304411
-45.533908932182,550.1388997222,12.9299741400516,1.34638103564265,552.171468007411
-45.7739084521832,544.798910402178,-17.2379655240691,1.81228936239544,546.990174432593
-31.6499367001268,807.838384323231,52.0078959842079,3.68356641846414,810.129245814392
-45.323909352181,635.878728242544,26.2559474881052,2.3644459933245,638.032435357967
-31.1099377801246,626.758746482509,25.4039491921017,2.32105699405893,628.044357633729
-31.8419363161271,728.398543202913,23.9939520120961,1.88668041352999,729.488900794004
-30.1739396521214,706.378587242824,23.5079529840942,1.90607359859457,707.413456899711
-30.4559390881216,627.658744682511,26.1659476681049,2.38717423749142,628.941746761602
-60.5818788362429,553.138893722212,-1.09799780400418,0.113733744215659,556.447666353934
-46.2239075521846,391.739216521567,-12.3539752920494,1.8062938322069,394.650331427506
-32.0579358841283,642.298715402572,41.063917872164,3.6580976629112,644.407942542576
-61.6978766042469,482.879034241932,1.34999730000545,0.160182862866099,486.806544923755
-46.5719068561865,564.838870322259,29.441941116118,2.98381324919957,567.519796863362
-44.9699100601797,626.278747442508,26.3159473681053,2.40612707318471,628.442432840796
-45.905908188183,545.03890992218,13.6019727960545,1.42957482551315,547.137806589606
-31.1939376121252,719.398561202878,-6.63598672802643,0.528501542125663,720.105122828865
-46.5419069161862,477.719044561914,-15.1679696640607,1.81857682761458,480.220472221117
-31.0679378641248,619.018761962477,-20.4659590680821,1.89361966464026,620.135710877275
-31.559936880126,716.998566002867,23.3519532960936,1.86540901431353,718.07261957882
-45.629908740183,147.959704080592,-50.3098993802014,18.7792828168864,162.804326044795
-45.4019091961813,728.638542722915,54.7498905002191,4.29712903592443,732.101775581659
-46.4339071321856,723.178553642893,24.5639508720986,1.94539760842564,725.083937115582
-31.2659374681253,720.718558562883,23.3279533440931,1.85388149353459,721.77350527014
-61.3858772282455,475.259049481901,0.581998836002464,0.070163967107906,479.207396395513
-31.5599368801269,617.998764002473,-4.57199085601829,0.423869781592291,618.820979787248
-16.3559672880661,697.85860428279,7.41598516802943,0.608846340716736,698.089640428408
-29.9159401681194,787.078425843148,50.6458987082024,3.6817185053507,789.273348694755
-61.7578764842474,643.618712762573,26.8619462761077,2.38989859370151,647.132634692252
-46.2599074801851,630.118739762518,-3.68399263201468,0.334976269255199,631.825274139688
-46.2959074081847,642.71871456257,27.2039455921085,2.42367529534547,644.957914710323
-45.6839086321833,624.238751522497,-3.41999316001381,0.31390107238633,625.917514344737
-60.1798796402407,623.03875392249,-3.15599368801294,0.29022845011272,625.946377175363
-30.9359381281241,625.738748522501,-19.8119603760791,1.81347668044894,626.816183138499
-61.7638764722476,644.99871000258,12.7139745720509,1.12924684591503,648.073882741227
-62.3638752722495,465.899068201863,-76.0798478403039,9.27436188552285,476.171542553459
-45.2039095921808,659.638680722637,75.8398483203035,6.55860190217606,665.521047857365
-30.2999394001209,704.278591442817,8.95798208403563,0.728727092892556,704.986997139201
-17.1419657160681,717.478565042868,38.6219227561542,3.08126206101533,718.721775934169
-15.629968740063,850.918298163405,17.5919648160703,1.18436960584976,851.243633337842
-17.42396515207,635.03872992254,10.3379793240413,0.932652198251609,635.361831462796
-31.0499379001241,704.578590842818,9.32998134003711,0.758662438293578,705.324136741015
-31.7039365921271,545.878908242184,-17.0399659200681,1.78794451877071,547.064239827165
-31.8719362561274,557.098885802226,-1.82999634000711,0.188208399540045,558.012847315724
-61.2958774082456,549.898900202201,-16.3439673120657,1.70243066114612,553.545942355587
-32.2499355001287,625.018749962502,-19.6559606880784,1.80127801426442,626.158808079087
-60.9658780682444,549.898900202201,-16.8419663160676,1.75427161436921,553.524426345951
-31.6919366161275,545.398909202184,-17.6159647680703,1.84996641517155,546.602845967822
-31.4039371921253,624.838750322499,-4.66199067601865,0.427482183748795,625.644791661221
-46.4579070841856,553.018893962215,-17.1119657760686,1.77232766773434,555.230630983698
-14.7539704920585,776.638446723104,21.0119579760837,1.54975961503688,777.062712367377
-30.0839398321206,778.978442043116,21.9119561760877,1.61125337060172,779.867033812307
-30.0839398321206,702.898594202814,23.2139535720927,1.89156489742786,703.924971007963
-46.5299069401866,648.418703162595,26.705946588107,2.35846637980069,650.634347720815
-31.8059363881275,646.018707962584,41.4659170681658,3.67259847907326,648.129007918544
-31.2779374441249,553.618892762216,12.6239747520505,1.30626891520756,554.645429560689
-46.2239075521846,635.458729082542,10.3679792640412,0.93474009120842,637.222049987767
-31.187937624125,630.118739762521,25.1099497801005,2.28200375225111,631.389597024779
-61.1998776002446,558.298883402234,13.9199721600556,1.42825012774179,561.815658246904
-60.0298799402403,646.378707242587,12.9539740920521,1.14810202339465,649.289477126355
-46.0559078881835,538.858922282155,-17.8379643240713,1.89598232278786,541.117619141825
-61.3678772642457,566.338867322263,13.4459731080538,1.36005641084646,569.812708872491
-45.8759082481836,552.958894082212,-2.56799486401026,0.266085257549169,554.864606998717
-59.2018815962368,633.838732322537,41.039917920164,3.7046274420771,637.919020126904
-31.091937816124,550.858898282202,-2.5319949360102,0.263355284594222,551.741466098208
-17.1419657160681,717.778564442869,38.6699226601547,3.08379716861573,719.02383651783
-45.6179087641825,625.378749242502,25.5539488921026,2.33989301188673,627.560816103199
-30.4619390761218,620.998758002485,10.1819796360407,0.939345181344013,621.828802711981
-31.0619378761245,719.99856000288,38.0879238241523,3.02812419668357,721.674067936541
-76.2838474323051,568.618862762273,29.765940468119,2.99657223585872,574.484680109128
-62.2618754762491,487.859024281953,16.6019667960667,1.94903782903119,492.096122736866
-31.3619372761255,550.858898282206,-3.05999388001193,0.318271942018462,551.75942265533
-45.5879088241823,550.1388997222,27.9899440201117,2.91258087886266,552.733664059611
-31.8899362201281,642.838714322571,25.5899488201022,2.27961119403017,644.137738488156
-60.4738790522414,465.719068561863,-14.8979702040596,1.83222008777279,469.865183202539
-46.0799078401844,555.898888202223,13.1279737440526,1.35283182071007,557.959922848991
-32.3459353081297,646.738706522587,26.6159467681063,2.35662616580786,648.093837856702
-44.7359105281796,623.218753562493,10.6859786280428,0.982321986907389,624.913679336604
-30.557938884122,810.778378443242,38.3939232121538,2.71118188780236,812.2619404598
-31.8419363161271,562.258875482248,12.7799744400512,1.30209155898062,563.304784032242
-59.5078809842379,633.358733282532,40.3259193481613,3.64310189145255,637.425017312439
-46.8359063281869,735.298529402941,54.3118913762173,4.22440850109399,738.787730683565
-45.6299087401821,547.138905722187,-2.71199457601092,0.283994739028787,549.045012399794
-30.0419399161199,699.298601402799,50.8498983002032,4.15897545891465,701.788261682237
-59.7238805522391,543.598912802175,-2.33999532000945,0.246635938108837,546.874935872931
-30.1319397361206,622.49875500249,38.9939220121557,3.58437951172885,624.446282498184
-46.0739078521841,479.279041441917,30.7619384761228,3.67242206928086,482.470207794288
-46.5539068921867,641.338717322567,25.0859498281005,2.23998124507929,643.51528456025
-46.2959074081856,478.739042521914,15.3179693640612,1.83263864857872,481.216190566137
-30.5279389441217,624.058751882494,9.50998098003826,0.873058184521321,624.877364444858
-46.001907996184,641.518716962567,40.9319181361634,3.65079200566007,644.467114502278
-31.1399377201249,635.21872956254,39.0119219761559,3.51440292402118,637.176945725859
-29.7599404801187,703.858592282815,52.1158957682085,4.23463170917888,706.412513039972
-61.8478763042474,655.798688402624,57.1978856042291,4.9846473308232,661.187324161271
-45.2519094961809,469.019061961876,14.4959710080583,1.77027698039449,471.419928484271
-31.7819364361275,645.418709162582,40.4039191921613,3.58210422916415,647.462646263713
-30.581938836122,626.518746962507,40.4039191921617,3.68987007959761,628.564612402363
-46.2179075641844,734.758530482941,70.1938596122807,5.4570898435131,739.549437850054
-29.8019403961195,713.218573562853,66.9718660562678,5.36439553626524,716.975676135155
-60.0358799282405,636.178727642545,40.5959188081624,3.65121512186651,640.293455383955
-46.8179063641871,735.298529402941,53.9338921322156,4.19511284527959,738.758897353516
-30.9959380081238,635.638728722542,24.281951436097,2.18768478035006,636.857091340403
-30.7019385961231,638.158723682554,54.3538912922176,4.8683036936545,641.204734187383
-45.371909256181,633.838732322537,39.7679204641589,3.59011074274712,636.703727207431
-31.535936928126,729.898540202921,53.8798922402157,4.22182150367046,732.563606177721
-45.2579094841811,706.378587242824,37.6739246521509,3.05291486750085,708.828830878613
-16.1639676720649,702.958594082812,36.8519262961472,3.00092886104532,704.109454074808
-1.69199661600666,793.07841384317,64.1338717322569,4.623277360065,795.669144091887
-31.0379379241245,725.7585484829,53.0398939202122,4.17985981752172,728.355719846872
-31.0799378401244,553.198893602211,27.4379451241095,2.83946922381433,554.75023141184
-45.1919096161803,644.038711922575,56.2798874402253,4.99415542938946,648.070672750998
-30.2279395441208,619.55876088248,23.477953044094,2.17016425585601,620.73988174956
-31.397937204126,637.798724402551,26.819946360107,2.40791473128941,639.134064835348
-30.8639382721231,728.338543322914,39.3299213401571,3.09094176602884,730.052367360063
-45.7859084281837,650.578698842604,56.3758872482254,4.95259314440991,654.619915264846
-45.4019091961822,722.63855472289,68.3218633562733,5.40097508167483,727.279651264298
-47.0099059801874,653.578692842613,57.041885916228,4.98792082838339,657.745251405895
-30.9479381041246,728.998542002915,68.9038621922753,5.39947114893114,732.901351711323
-60.863878272244,557.338885322229,13.229973540053,1.35981776628819,560.808413783561
-61.0678778642448,565.978868042263,43.5059129881739,4.39559332448855,570.923925967531
-30.8759382481236,718.258563482873,52.9558940882116,4.21668397213704,720.869623647622
-31.8119363761269,725.0385499229,52.1938956122088,4.11749158661691,727.610542054937
-15.8099683800628,715.13856972286,50.507898984202,4.03990528848601,717.094259400558
-15.9659680680635,790.43841912316,91.223817552365,6.58333130187981,795.84520570969
-45.6239087521819,659.398681202638,85.5778288443426,7.39460745618566,666.492105438105
-45.4619090761818,731.158537682923,52.7398945202108,4.12571108914421,734.4665335313
-45.4619090761818,560.21887956224,41.471917056166,4.23377278796894,563.588411963142
-45.2759094481809,652.738694522612,70.6798586402826,6.18002371935317,658.113480883696
-45.5039089921817,726.598546802904,68.0458639082724,5.35013829580138,731.195113184356
-44.2739114521769,720.118559762881,80.2318395363211,6.35737704218913,725.925662465258
-30.2579394841211,742.978514042971,83.4298331403339,6.40696379948301,748.260083319396
-30.1679396641203,817.018365963269,80.7598384803233,5.64517941491317,821.554177407818
-74.9398501203003,653.338693322614,70.8058583882834,6.18531384000209,661.423388542207
-45.6359087281823,658.738682522634,85.829828340343,7.42348767196215,665.872395771168
-31.4099371801255,651.478697042606,55.2238895522209,4.84520805272637,654.569136784853
-45.1019097961804,551.458897082204,41.3579172841652,4.28899835301375,554.843739047732
-46.607906784187,659.038681922638,70.7878584242832,6.13067972390809,664.466103082338
-45.4799090401817,654.838690322619,84.5698308603384,7.35879234554831,661.841513325881
-43.3439133121738,716.638566722868,79.3978412043178,6.32213203433104,722.325098085153
-45.7559084881825,577.858844282313,73.1458537082929,7.21418050997482,584.264292073018
-45.4739090521823,565.858868282266,56.8378863242273,5.73585548047607,570.521411114411
-45.4739090521823,565.858868282266,56.8378863242273,5.73585548047607,570.521411114411
-43.811912376175,632.45873508253,68.4118631762737,6.17357295785675,637.654858266994
-30.4979390041215,644.098711802574,53.6938926122148,4.76532017147195,647.052014086261
-29.5439409121175,793.258413483173,93.0478139043723,6.69012287579843,799.24317368298
-45.2579094841811,648.538702922596,85.1098297803405,7.47638581445541,655.663336388912
-45.209909580181,641.69871660257,68.5618628762741,6.09859222992147,646.932691904419
-45.3179093641816,739.918520162959,82.4098351803296,6.3552344914838,745.871644670672
-46.0319079361843,584.938830122338,74.1358517282964,7.22322403458228,591.412289392615
-31.1819376361247,739.738520522959,68.2498635002732,5.27130839229962,743.534421427849
-62.7838744322506,589.138821722354,59.6038807922381,5.77702574306995,595.465354789532
-29.4899410201181,709.378581242836,50.1118997762005,4.04077406219998,711.757564516633
-61.6978766042469,498.479003041994,61.1938776122448,6.99868105745137,505.996674997411
-45.4799090401817,649.018701962597,69.5158609682781,6.11359590016163,654.313497147719
-31.5059369881257,809.038381923235,64.7218705562588,4.57383681696828,812.234355354886
-31.2779374441249,660.718678562643,85.235829528341,7.3508274984917,666.927753364417
-45.3479093041819,644.878710242579,68.9638620722759,6.1040591753054,650.139214379748
-60.5278789442417,562.618874762251,42.263915472169,4.29598884458615,567.441504403114
-31.2899374201254,660.35867928264,85.5418289163425,7.38090429440857,666.610868484771
-31.6559366881262,653.938692122616,69.9478601042801,6.10536861436345,658.430417368311
-31.5659368681262,650.638698722602,69.8818602362797,6.13035331024116,655.141663333883
-45.3959092081819,652.138695722607,85.6138287723427,7.47911168548698,659.299169352336
-31.001937996124,575.938848122303,87.7498245003509,8.66294095503986,583.409554803316
-61.8538762922476,495.539008921983,46.4339071321856,5.35320320085327,501.538551965169
-31.5779368441267,650.638698722602,70.5538588922821,6.18884876163054,655.21426218861
-46.4519070961854,736.378527242944,83.5198329603338,6.47081784415034,742.554157994608
-46.6499067001868,666.058667882664,86.8558262883475,7.42959862472854,673.315897196106
-46.6019067961867,685.018629962739,89.5198209603583,7.44535288235519,692.413214387076
-44.579910840178,735.598528802942,98.4238031523937,7.62096784573552,743.491633479861
-45.7379085241827,478.199043601911,43.9019121961758,5.24543671252171,482.383311768172
-30.5939388121225,566.878866242266,71.459857080286,7.18471886537338,572.183667416409
-31.0859378281246,632.818734362533,67.2478655042692,6.06589607916977,637.140613605609
-45.209909580181,641.938716122569,68.6158627682744,6.10109466212062,647.176473463594
-46.211907576185,568.378863242274,56.5438869122261,5.68124827993715,573.050856145903
-59.6218807562387,567.058865882266,86.3578272843452,8.6590851533487,576.687263925488
-45.5399089201822,559.798880402238,56.6758866482264,5.78111502487787,564.500510125031
-16.5419669160662,720.598558802882,64.9558700882598,5.15080943548028,723.709323331657
-46.2479075041846,568.558862882274,57.4558850882302,5.77045230516303,573.32297027223
-44.3879112241777,632.758734482531,53.267893464213,4.81201766440661,636.546440725965
-31.4099371801255,739.378521242956,83.7598324803351,6.46314715819576,744.770361498237
-30.5699388601224,639.77872044256,68.1298637402725,6.07850433804279,644.121891124885
-31.2959374081247,646.378707242584,84.6358307283383,7.45978180554271,652.646989357894
-46.0559078881843,572.218855562288,57.6298847402307,5.75103840000477,576.954737330054
-44.86191027618,635.938728122543,53.6278927442149,4.8202745872353,639.770746283331
-71.1958576082847,1026.29794740411,113.381773236453,6.30427036944495,1034.9936006994
-45.1079097841798,658.558682882634,69.3178613642771,6.00865270689734,663.731292187829
-31.5299369401266,770.878458243084,101.633796732407,7.51064607318119,778.188385254449
-45.4919090161821,583.558832882334,102.761794476411,9.98710893293298,594.281424600282
-30.7379385241227,646.438707122586,68.6398627202745,6.06104419815191,650.798934914072
-30.5999388001227,640.378719242562,95.7778084443831,8.50635079194811,648.224227334742
-28.7999424001154,717.118565762868,121.439757120485,9.61151344167061,727.898405447852
-43.577912844174,556.618886762226,69.9118601762796,7.15891593484767,562.682226289032
-15.7199685600629,632.45873508253,80.4358391283214,7.24794293012629,637.746888044152
-29.5919408161185,629.098741802517,66.0958678082647,5.99774127118773,633.253167098359
-46.2299075401857,661.018677962644,100.085799828401,8.60984005787197,670.149285080531
-45.4919090161812,823.018353963291,110.02777994444,7.61461538562808,831.585736473326
-44.9339101321793,734.698530602939,96.2938074123852,7.46695158917387,742.343239004612
-15.839968320064,660.238679522639,113.921772156456,9.78978238601962,670.182205601914
-30.9359381281241,751.618496763006,112.775774448451,8.53322581966987,760.661404467583
-31.6379367241272,666.538666922665,100.421799156402,8.56783619813267,674.803150028964
-44.97591004818,657.53868492263,99.1978016043969,8.57907873831766,666.49843097909
-46.5179069641862,668.698662602677,101.249797500405,8.60993722396201,677.918386333348
-16.235967528065,1074.1178517643,176.969646060708,9.35589359577343,1088.71990050112
-46.9499061001877,590.818818362366,74.6278507442981,7.1990527786889,597.361269183592
-64.0198719602557,615.838768322464,78.2458435083129,7.24095936686201,624.08200150386
-60.3658792682417,667.558664882669,86.1538276923448,7.35383361062463,675.796635435396
-61.3798772402453,576.178847642305,57.6898846202308,5.71768189631509,582.303766592608
-45.3419093161816,574.258851482299,86.681826636347,8.58374295824621,582.531420882358
-31.793936412127,751.978496043009,114.077771844456,8.62619743645734,761.246511277838
-16.0199679600638,805.018389963218,107.147785704429,7.58149614264595,812.275750920693
-44.3399113201776,643.918712162574,82.3498353003295,7.28791396875617,650.67567265342
-31.0259379481241,559.798880402238,70.1818596362807,7.14587599410147,565.033528869895
-15.767968464063,552.418895162209,54.1858916282169,5.60213117216957,555.293954057907
-31.1219377561242,569.098861802274,86.4058271883457,8.63323743528322,576.461669572611
-30.8039383921235,557.158885682229,54.9658900682199,5.63422007232237,560.710402602021
-44.1179117641762,637.49872500255,82.49983500033,7.37376636133022,644.326964586607
-30.8159383681231,655.13868972262,114.311771376457,9.89760375498117,665.750333010959
-15.5039689920617,643.198713602571,81.5698368603265,7.22761257650826,648.53573264696
-59.7958804082392,570.118859762281,86.8258263483473,8.65928063672192,579.784257885218
-29.99994000012,720.058559882882,93.6898126203749,7.41334405653216,726.74762266516
-32.0279359441281,998.578002843993,149.741700516599,8.52824043287997,1010.25065865771
-45.8699082601834,587.158825682349,88.3018233963535,8.55252330779168,595.53064327169
-32.4179351641298,681.598636802724,103.061793876412,8.59833103648876,690.108221635318
-32.0879358241277,764.81847036306,115.607768784462,8.59559462886395,774.171870089108
-29.8019403961195,729.178541642918,96.5518068963863,7.54275661363547,736.146556508161
-45.8699082601834,490.979018041964,73.9138521722959,8.56123558435565,498.625813796474
-30.233939532121,738.958522082958,110.465779068442,8.50209989751385,747.781035333111
-32.3159353681294,748.858502282995,98.9398021203958,7.52637434865869,756.057180750154
-45.4799090401817,661.378677242647,99.7738004523991,8.57879826567487,670.406584166841
-46.9259061481877,571.678856642288,42.4019151961695,4.24191019788632,575.166652555557
-46.3739072521851,658.678682642635,85.829828340343,7.42415634355241,665.864029419374
-46.4579070841856,649.318701362598,55.1638896722204,4.85599240084644,653.31169268093
-45.6959086081829,551.218897562202,41.027917944164,4.25674791850372,554.629316881149
-31.4699370601252,640.738718522561,53.9638920722159,4.8141677611346,643.776796723899
-45.5999088001819,480.719038561923,43.9499121001759,5.223765231464,484.872911691401
-30.8699382601234,741.058517882964,97.4338051323897,7.49024155353868,748.073543441857
-30.329939340122,643.978712042576,69.713860572279,6.17848919404624,648.450853295978
-29.9579400841201,710.518578962841,79.1698416603166,6.35798093057139,715.543145487383
-30.3719392561219,569.81886036228,71.8678562642875,7.18841944131341,575.135616253045
-47.003905992188,591.298817402363,75.9718480563038,7.32142261243411,598.009515256275
-30.9599380801233,648.418703162595,54.8818902362197,4.83796019164696,651.473218369632
-47.1779056441885,674.518650962699,72.7798544402912,6.15832941614999,680.072108301658
-15.1919696160612,706.678586642825,64.4638710722577,5.21214847361992,709.775324616132
-45.5639088721822,565.738868522262,72.0838558322883,7.26123986706858,572.129897331202
-29.6879406241186,708.358583282833,64.8658702682594,5.23210187571317,711.941596940803
-31.7519364961272,650.998698002605,54.8158903682194,4.81310933275055,654.073598388746
-44.8439103121793,631.918736162527,67.9978640042719,6.14170286631231,637.146745196485
-45.2819094361811,559.318881362237,70.8898582202835,7.22333590836002,565.60890584306
-45.2519094961809,642.23871552257,69.6718606562787,6.19139507525132,647.589739878913
-31.4699370601261,653.518692962614,84.9418301163398,7.40556716212407,659.766741730473
-46.6499067001868,730.258539482921,52.5898948202104,4.11907016103131,733.634408489723
-45.5339089321828,739.618520762958,98.9998020003959,7.62386891709556,747.60273803294
-30.4799390401217,715.258569482861,81.7138365723268,6.51742957891814,720.556034594067
-46.1339077321847,571.798856402286,72.6238547522905,7.23834955277697,578.235673324195
-45.5159089681813,661.978676042649,100.961798076404,8.6716515309258,671.178627620992
-46.3859072281855,659.338681322639,86.2858274283455,7.45576958578892,666.576622071801
-44.9699100601806,554.278891442217,55.9978880042237,5.7689245562062,558.912467001916
-30.6419387161226,555.53888892222,41.2979174041651,4.25146126269853,557.913885375815
-31.2179375641252,644.398711202578,54.3958912082174,4.82509309980899,647.44356634817
-60.905878188243,659.038681922635,56.8858862282273,4.93334112169788,664.287222758481
-44.8139103721791,723.838552322897,52.3258953482095,4.13468845070833,727.109713671702
-77.3338453323092,421.499157001688,49.7819004361993,6.73581486999881,431.416620678961
-15.5399689200622,814.318371363257,125.159749680501,8.73791406614613,824.027222556288
-44.159911680176,716.938566122869,80.2018395963208,6.38297503402729,722.760915150058
-45.743908512183,655.858688282622,70.3798592402816,6.1249422207791,661.208324772499
-45.7019085961822,644.99871000258,68.9878620242763,6.10503993815705,650.28557223808
-46.8599062801878,655.918688162625,71.0818578362843,6.18500228187009,661.421051079435
-44.5919108161785,723.718552562896,96.3298073403853,7.5817305745394,731.461833328443
-31.4639370721259,646.798706402586,69.0298619402762,6.09185643621878,651.232422242344
-32.3399353201294,756.838486323026,115.649768700463,8.68795741471763,766.306227820647
-16.8599662800669,723.838552322893,80.729838540323,6.36390828743233,728.521664140891
-44.6399107201794,641.398717202565,84.0898318203363,7.46909735721731,648.425890810796
-45.6119087761823,648.118703762594,84.6898306203386,7.44467295616985,655.218030734513
-31.0139379721236,656.278687442624,100.313799372401,8.69053485097253,664.625035854412
-31.1999376001246,630.958738082525,53.1778936442126,4.81756571399767,633.96392140356
-16.9679660640676,669.95866008268,87.0838258323483,7.40600384763703,675.807746932313
-31.5839368321261,753.838492323013,100.0497999004,7.56013954036972,761.104447519366
-31.4819370361257,749.518500962996,99.0418019163962,7.52748631574382,756.689086859464
-45.3839092321815,655.978688042627,70.4038591922817,6.1259026720115,661.3051049043
-45.3899092201817,569.518860962279,72.9358541282919,7.29790216058955,575.961470645573
-14.9639700720595,912.838174323651,110.147779704441,6.88034125541291,919.581419057971
-45.8939082121843,659.458681082637,71.1898576202845,6.16133171387686,664.875927293383
-30.5639388721222,633.838732322537,52.1938956122088,4.70744028585846,636.718066094247
-29.4959410081175,707.518584962829,79.5418409163185,6.41446836565502,712.58646005949
-31.5659368681262,657.178685642627,85.4578290843416,7.4090212086035,663.463091501812
-59.5018809962377,637.13872572255,68.1838636322729,6.10830209055082,643.533424864062
-16.8899662200681,655.798688402624,70.3438593122811,6.12238889470813,659.776817728891
-32.0279359441281,730.198539602918,82.5238349523301,6.44795823439749,735.54461404752
-30.533938932122,558.358883282232,56.3098873802251,5.75874673054442,562.021144961349
-30.4979390041223,636.898726202548,68.4478631042741,6.13406584735201,641.291838155975
-44.069911860177,719.938560122881,96.1918076163844,7.61028159672065,727.672008074846
-46.3739072521851,658.378683242634,85.7758284483431,7.42288061105472,665.560307236045
-45.3179093641807,562.558874882252,55.8418883162235,5.66884238387053,567.137123726394
-17.5259649480704,1071.65785668429,163.505672988654,8.67486902438075,1084.20100827291
-31.8779362441276,759.298481403036,85.5538288923421,6.42867848351232,764.767836874879
-30.347939304121,631.498737002525,37.9859240281519,3.44230908705736,633.36765206321
-31.3859372281255,657.718684562634,70.4398591202822,6.11291983221305,662.224069957725
-44.4119111761777,645.35870928258,84.6538306923385,7.47301002170905,652.400607412413
-46.769906460187,663.358673282653,71.6998566002868,6.16892908917357,668.859494218417
-16.8119663760669,703.378593242814,49.2179015641971,4.00266521092241,705.298865361382
-45.7199085601829,633.718732562536,39.7379205241591,3.58808705735843,636.60729210951
-58.8058823882348,633.778732442534,40.0739198521601,3.61800380445298,637.761344510815
-45.4439091121812,552.05889588221,42.2939154121693,4.38094297294454,555.538431324937
-44.8319103361797,706.198587602824,36.5939268121466,2.96631004853232,708.565777324976
-46.8839062321878,569.518860962276,44.2379115241768,4.44158487985331,573.155150436056
-16.4519670960663,886.978226043549,77.6278447443104,5.00175041839288,890.520703283387
-30.9659380681244,634.498731002537,54.2518914962168,4.88710581205199,637.56630768508
-59.0338819322356,623.638752722495,39.9479201041596,3.6651416674743,627.699075540108
-17.0639658720677,790.318419363163,63.5998728002545,4.60089048609098,793.056950499887
-45.9719080561846,634.55873088254,25.1099497801005,2.26605333464214,636.717134092954
-15.9239681520637,775.558448883102,76.6438467123066,5.64387697378008,779.499044024128
-60.6178787642425,562.67887464225,43.7099125801751,4.44191923762198,567.620119139827
-30.6719386561228,555.958888082222,42.215915568169,4.34233720935762,558.4023966512
-30.4019391961213,707.27858544283,36.4079271841456,2.94676105300375,708.867274244439
-30.4139391721218,708.238583522835,37.2659254681494,3.01199773447766,709.870162837821
-31.9499361001277,737.038525922948,70.271859456281,5.4463189955868,741.069984106034
-31.1399377201249,635.158729682541,39.0179219641562,3.51527328434661,637.117497678061
-59.4778810442385,641.158717682563,26.3939472121057,2.35730772912243,644.452294621795
-15.2459695080606,640.13871972256,71.4238571522859,6.3664786997753,644.291383959764
-31.1459377081243,734.458531082937,99.3118013763973,7.7006980677961,741.796627930357
-45.5039089921817,726.238547522904,67.9978640042719,5.34902101335817,730.832910555409
-30.7499385001232,720.718558562883,67.1158657682685,5.32024236103349,724.489709252344
-45.7499085001832,727.438545122911,53.0698938602125,4.17259106205501,730.805244023773
-45.185909628181,638.398723202553,40.9439181121638,3.6696581927663,641.30421848445
-61.187877624245,563.398873202253,13.1999736000527,1.34214758605552,566.865491979155
-60.629878740243,544.19891160218,-16.8899662200676,1.77768315425081,547.826348895313
-76.2598474803051,484.859030281941,16.3979672040655,1.93700908533619,491.093409558802
-44.7359105281796,714.298571402856,38.1539236921526,3.05752162325592,716.71435920599
-46.0859078281846,631.798736402526,10.0499799000404,0.911323242459057,633.557066345382
-46.6499067001868,549.718900562201,-2.30999538000919,0.240763428024019,551.699573598808
-46.9499061001877,232.259535480928,-70.04985990028,16.7833978798422,247.09465469063
-45.629908740183,723.178553642896,23.8739522520955,1.89079184636898,725.009844496476
-30.1379397241209,621.718756562488,10.5959788080424,0.976399840578307,622.538980658498
-47.2499055001887,741.058517882964,40.4279191441617,3.12263502890935,743.663026607481
-46.8899062201872,573.538852922292,14.0159719680562,1.39989859565663,575.623076836715
-30.3659392681217,637.738724522552,26.495947008106,2.37908300154327,639.010802906448
-31.0679378641248,728.818542362915,24.4199511600979,1.91904680215529,729.889045314282
-31.2719374561255,711.778576442847,37.5959248081502,3.02353567836893,713.456466448687
-61.7518764962472,479.939040121921,0.875998248003594,0.104577753713095,483.896211864579
-44.9099101801801,619.198761602476,9.70198059603901,0.897671461184021,620.901066861636
-44.8919102161802,624.9587500825,24.245951508097,2.22173758923008,627.037948669832
-30.1619396761209,782.158435683129,21.3599572800855,1.56430109969973,783.031167253457
-16.3439673120648,613.198773602451,-21.4739570520859,2.0056539076226,613.792303671627
-45.7379085241827,628.438743122513,25.5059489881021,2.32414315787165,630.616970567201
-45.1619096761801,625.798748402504,9.92998014003939,0.909075339195019,627.504801649614
-31.6019367961267,638.758722482556,40.3559192881616,3.61506570840886,640.811975682732
-60.6358787282432,563.278873442252,44.0879118241764,4.47542397842714,568.246023324875
-60.9538780922439,554.878890242219,-2.38799522400953,0.246578497656096,558.221874000035
-2.36399527200949,700.198599602802,35.9219281561437,2.93684114038257,701.123421575564
-31.8179363641271,646.318707362585,41.8379163241677,3.7037395688829,648.452514686821
-46.0319079361843,639.358721282558,11.0219779560442,0.98763065202041,641.108411289679
-31.1819376361247,661.858676282648,104.453791092418,8.96838567786833,670.775532558352
-46.4279071441862,559.438881122235,-16.9619660760682,1.73665339568265,561.618305049126
-47.0399059201885,564.77887044226,-1.52999694000575,0.155215000903683,566.736505033558
-45.5099089801819,719.698560602879,23.9279521440958,1.90422203722401,721.5328938053
-45.6299087401821,646.978706042589,12.005975988048,1.06311506348455,648.696907733963
-45.2939094121816,631.318737362525,40.8239183521632,3.69985240887988,634.256634718531
-15.7319685360634,708.718582562836,51.3058973882052,4.14056067438466,710.747366657593
-60.653878692243,719.278561442877,38.1299237401525,3.0344859365507,722.837763980395
-61.1518776962445,475.019049961902,0.773998452003211,0.093357951447805,478.939713373289
-45.3599092801815,541.378917242167,-3.08999382001219,0.3270199050689,543.28464129406
-30.4139391721218,626.218747562506,24.3959512080974,2.23097528587757,627.431342801797
-45.8159083681831,625.4387491225,9.57598084803816,0.877176895919173,627.18771175201
-60.6598786802424,549.898900202201,-1.87199625600739,0.195048708704324,553.237675592574
-60.185879628241,634.078731842535,26.015947968104,2.34950069952983,637.459808796086
-44.99991000018,543.958912082178,26.8259463481072,2.82331852913805,546.475911025474
-45.9719080561838,541.798916402169,-2.27399545200913,0.240475890664707,543.750543172332
-45.7379085241827,557.038885922228,-16.5119669760659,1.69788697934512,559.157331847721
-32.1659356681281,562.678874642253,13.3739732520537,1.36157230648662,563.756176504192
-45.4679090641821,639.538720922558,26.9279461441076,2.41102974661122,641.718178484504
-61.559876880246,480.119039761921,-14.207971584057,1.69503651264781,484.257965592672
-48.8819022361948,680.278639442719,28.9679420641157,2.43832252138409,682.647500043541
-45.5999088001827,642.71871456257,27.2099455801092,2.42420921332467,644.908581792815
-60.863878272244,725.818548362906,26.1959476081051,2.06699877088772,728.836884698532
-45.977908044184,629.338741322519,10.5299789400421,0.958572896630328,631.103874028682
-17.1059657880684,706.978586042829,22.4819550360898,1.82139491377539,707.542771492229
-30.6659386681226,695.458609082782,22.8719542560915,1.8836409147297,696.510016462971
-32.1479357041283,633.478733042533,10.4999790000418,0.949596830325484,634.380835576085
-45.2039095921808,626.338747322503,10.9199781600438,0.998828958264428,628.062788073737
-47.2559054881889,560.998878002242,13.4819730360538,1.3766720881219,563.147072548751
-31.0979378041242,626.158747682503,24.9959500081001,2.28600562268519,627.428606736892
-16.6979666040669,713.698572602854,37.8959242081515,3.03943357425898,714.898996848962
-29.7359405281196,696.718606562788,7.68598462803095,0.632043716763607,697.395237472689
-44.1419117161762,701.518596962807,23.3939532120934,1.90996826377845,703.295192150148
-46.4819070361857,552.598894802209,-2.38799522400953,0.247595855582249,554.555505553352
-30.9479381041237,1027.07794584411,76.0618478763041,4.23539614521159,1030.35541752087
-31.5899368201263,717.658564682868,24.5099509800978,1.95604316273739,718.771505603847
-31.4939370121261,722.45855508289,9.62998074003846,0.763676442167115,723.208800008707
-46.0139079721836,641.398717202565,41.249917500165,3.67976377538915,644.368799562595
-60.02387995224,625.498749002503,11.4959770080461,1.05291468162469,628.477293667469
-29.9819400361202,705.898588202826,38.8799222401557,3.15258726240995,707.603972507556
-46.4279071441862,643.618712762576,-3.66599266801443,0.32634793232463,645.301508972501
-44.7839104321788,715.618568762864,39.7859204281591,3.18217144777985,718.121475835477
-31.0259379481241,703.618592762813,8.17198365603283,0.665416075542501,704.349710175249
-30.6659386681226,695.458609082782,22.8719542560915,1.8836409147297,696.510016462971
-31.3919372161257,630.718738562523,10.6319787360425,0.965739215471405,631.588964333549
-46.5059069881857,558.11888376223,12.9839740320519,1.33267798828972,560.203598148438
-46.8059063881875,558.298883402234,13.007973984052,1.33471015457245,560.408461274605
-46.1459077081843,715.13856972286,23.4659530680935,1.87938100244057,717.009950877157
-29.6999406001191,767.878464243072,34.5719308561383,2.5778675155503,769.229901084891
-31.6199367601257,638.998722002558,41.0399179201644,3.67479444487734,641.095517052265
-61.6018767962459,398.039203921593,3.42599314801361,0.49314263243474,402.79242360353
-46.0919078161848,626.578746842509,-4.53599092801823,0.414774036663757,628.288122738735
-47.8739042521914,579.418841162317,30.2759394481209,2.99111329318273,582.181017134444
-59.2738814522377,630.238739522519,13.5239729520541,1.22929236684626,633.164401764467
-60.1798796402407,556.318887362228,-0.575998848002241,0.059322615053692,559.564700570126
-60.533878932242,641.098717802565,26.6999466001068,2.38482882748662,644.503532663029
-45.0599098801797,716.758566482869,25.481949036102,2.03610191323901,718.625471182079
-62.0818758362484,567.478865042268,-0.143999712000667,0.014539000621699,570.864644476189
-46.4519070961863,646.138707722585,27.8399443201113,2.46715651686798,648.404250286834
-32.2559354881297,728.938542122916,25.1399497201004,1.97525887213678,730.08483112473
-32.0459359081279,564.838870322262,27.9899440201117,2.83690623587162,566.439165666893
-16.7279665440671,697.438605122788,7.33798532402952,0.602805857427411,697.677775773985
-45.8339083321829,616.798766402469,11.051977896044,1.02653242311189,618.598101843212
-46.2179075641844,629.578740842518,-4.65599068801886,0.423717853473435,631.2900792423
-46.4879070241859,638.458723082555,26.4239471521055,2.36995291089037,640.694070179203
-46.0619078761837,550.1388997222,-2.24999550000909,0.234330870543669,552.068447590058
-31.0859378281246,720.058559882879,39.1739216521564,3.11403824990188,721.793087615051
-29.9879400241196,698.878602242797,22.48795502409,1.84298174887432,699.883051188484
-60.5638788722422,551.938896122208,13.6199727600547,1.41357788361456,555.418789864583
-31.5239369521264,635.878728242541,40.4039191921617,3.6357028475837,637.940430070394
-45.9359081281841,642.53871492257,26.8619462761073,2.39391093560048,644.738452387982
-30.4079391841215,619.078761842475,11.3279773440453,1.04828805112356,619.928608148184
-45.0359099281805,716.398567202866,24.725950548099,1.97673549417553,718.238479130633
-15.7139685720627,706.018587962824,8.78398243203513,0.712812896666879,706.248068106858
-32.0099359801283,653.458693082615,42.6059147881707,3.73044039221319,655.628067994063
-30.3959392081219,724.618550762898,39.6899206201586,3.13515966712486,726.340999138078
-30.5099389801219,726.598546802904,71.3038573922853,5.60470548643878,730.726039409902
-45.1559096881807,542.038915922168,12.8159743680517,1.35444971115177,544.067543373843
-29.4539410921184,691.978616042769,22.2419555160889,1.8409984824304,692.96222428896
-60.4378791242418,642.178715642567,56.261887476225,5.00695321418819,647.465551237872
-30.6119387761232,707.27858544283,52.4818950362102,4.24371733461174,709.883397135216
-31.7939364121279,638.998722002555,25.2179495641007,2.25999303053226,640.286003356074
-30.7799384401234,714.358571282858,52.5178949642098,4.20468126466038,716.947489197874
-45.6419087161826,628.858742282515,10.457979084042,0.952746291915098,630.599612196936
-31.4219371561251,632.158735682529,39.9899200201599,3.61966780708052,634.201229057147
-31.4699370601261,550.318899362203,12.053975892048,1.25478432254577,551.349749495364
-30.7439385121229,632.45873508253,40.0439199121602,3.62282788019015,634.470453889984
-46.2479075041855,638.038723922553,41.5319169361661,3.72430559959654,641.05942181488
-30.7139385721227,797.338405323189,36.6659266681467,2.63291456439942,798.771725090699
-44.0879118241768,718.558562882874,38.5979228041542,3.07473163209379,720.943792473528
-76.9378461243081,586.318827362345,46.3319073361856,4.51822063385578,593.157521340842
-31.7099365801273,642.178715642571,41.0339179321642,3.65611364080437,644.269202525715
-61.2838774322451,668.098663802672,43.997912004176,3.76779648957825,672.344669398645
-45.2639094721804,718.318563362876,38.9099221801556,3.10057098004442,720.794257757702
-46.0859078281846,652.138695722607,42.7259145481709,3.74846784666454,655.15974627041
-60.1558796882407,636.178727642542,-3.16199367601274,0.284774376727228,639.024335663327
-44.9099101801801,619.198761602476,9.7079805840388,0.898226516492709,620.901160644311
-45.8699082601834,631.798736402526,25.817948364103,2.34004409821587,633.987585258069
-31.1759376481254,707.938584122834,37.2059255881489,3.00842917218325,709.600774292809
-76.5958468083057,567.718864562274,29.6279407441185,2.98742467479737,573.628318513736
-45.3779092441821,628.378743242514,24.8819502360993,2.26755974013846,630.506233953295
-59.3758812482373,702.89859420281,23.0759538480927,1.88032822946933,705.779305911055
-59.9878800242404,718.678562642875,53.4958930082142,4.25704451641782,723.159202887565
-44.465911068178,713.218573562853,52.2958954082092,4.19363943916529,716.514348494641
-44.8679102641794,712.67857464285,52.5838948322101,4.21983464780254,716.023006698921
-31.3739372521251,718.498563002872,8.28598342803323,0.660726213071845,719.230954907575
-45.5399089201822,635.818728362546,10.4279791440417,0.93961628389637,637.532808089161
-31.9259361481277,828.418343163311,68.6758626482745,4.73898262918014,831.872941499401
-30.8339383321229,734.278531442937,54.3898912202176,4.23630857230715,736.935515332253
-61.4878770242459,663.11867376265,58.0618838762323,5.00398870707241,668.489578731742
-45.323909352181,635.878728242544,26.249947500105,2.36390628505242,638.032188478041
-31.5479369041264,716.638566722868,22.9499541000918,1.83423880602423,717.699664226415
-60.0718798562401,555.17888964222,-2.33399533200923,0.240872440568827,558.424281159085
-31.2059375881256,643.798712402576,26.0639478721041,2.31833197497054,645.081329764433
-17.0639658720686,650.818698362602,40.3979192041614,3.55193294430481,652.294526226996
-45.6119087761823,631.198737602524,40.1579196841606,3.64034694071176,634.11745843068
-31.1639376721249,556.618886762226,27.5219449561101,2.83067669958655,558.169538371469
-31.1819376361247,545.03890992218,-3.44399311201385,0.362035884463774,545.941011147228
-31.0739378521241,625.918748162501,24.0359519280964,2.19913889073993,627.150377421588
-46.6859066281873,719.878560242879,52.9918940162121,4.21007879754212,723.33453961945
-31.9499361001277,638.578722842556,40.3259193481613,3.61340099071701,640.647924725669
-17.1239657520691,716.458567082868,37.0379259241482,2.95931898421361,717.619618256271
-16.4939670120661,698.698602602797,36.3959272081456,2.98190079568589,699.840304458265
-46.091907816184,549.298901402196,12.251975496049,1.27775625684651,551.365448637608
-45.6659086681835,466.379067241864,-14.777970444059,1.81490162672619,468.842402078062
-47.3759052481891,738.11852376295,25.493949012102,1.97815825584723,740.076599384357
-60.7198785602429,650.0386999226,41.7359165281669,3.67364910186377,654.201117224574
-30.2519394961208,620.398759202484,24.5219509560983,2.2635011333334,621.619760256985
-61.0438779122439,644.398711202578,26.669946660107,2.36996717476464,647.83280256943
-16.5959668080665,706.618586762829,37.2119255761487,3.0145238699209,707.792328778772
-31.6679366641266,556.438887122226,12.8459743080515,1.32249814421933,557.487320367295
-60.8098783802428,470.939058121883,0.785998428003231,0.095626705911164,474.849508335931
-45.0899098201799,627.118745762508,-4.72199055601875,0.431409551614419,628.755372501218
-14.9519700960599,720.598558802882,69.2098615802769,5.48614307170727,724.068953414317
-31.2719374561247,718.378563242871,53.3458933082133,4.24691799984959,721.035005067023
-30.581938836122,777.658444683111,49.1819016361966,3.61877044637346,779.812010050169
-46.001907996184,640.858718282563,40.829918340163,3.64545934610267,643.803661506924
-31.4999370001255,634.978730042542,39.6239207521587,3.57073922887625,636.993162234277
-30.5639388721222,625.738748522501,39.3299213401575,3.59651382187668,627.718072445352
-29.8379403241199,775.018449963102,33.6659326681349,2.48730076043216,776.322932476177
-45.0839098321806,621.478757042486,23.6159527680944,2.17617045623511,623.559233438151
-45.8819082361838,731.758536482929,53.5618928762141,4.18636358083858,735.149360053802
-45.5099089801819,234.479531040939,-7.70398459203077,1.88181489231886,238.979400097911
-61.6018767962467,569.278861442277,29.5499409001182,2.97142375229917,573.36411844223
-45.6419087161826,711.838576322846,23.5559528880943,1.89532346106993,713.689165876195
-29.231941536117,690.17861964276,35.495929008142,2.94413151231806,691.708749687401
-29.2619414761164,767.63846472307,33.389933220134,2.4906218060322,768.921297261162
-46.0259079481841,722.63855472289,23.7839524320951,1.88507567569876,724.49329973971
-30.8459383081233,724.918550162899,68.0278639442722,5.36105477852113,728.756589372068
-29.9519400961199,704.938590122818,37.313925372149,3.0299619374392,706.560587343043
-29.3099413801174,778.138443723112,48.8699022601952,3.59366185191023,780.222261673207
-61.5778768442467,575.2188495623,28.9799420401157,2.88416428565913,579.230866623206
-29.8319403361189,707.338585322832,51.7678964642071,4.18583580547263,709.857544902533
-33.4799330401343,679.798640402718,73.9798520402962,6.21083606880314,684.631372285597
-44.99991000018,630.118739762521,54.293891412217,4.92470099466991,634.052399052802
-31.655936688127,628.318743362516,38.9279221441554,3.5452680864926,630.318907149956
-44.231911536177,699.838600322799,65.5378689242623,5.34998171635628,704.290948943014
-31.0859378281246,701.398597202806,65.5018689962622,5.33523619334035,705.136031224274
-45.8999082001836,624.058751882497,24.1079517840965,2.21228751668685,626.208687829504
-16.1639676720649,712.438575122851,52.079895840208,4.18093593457267,714.522436823861
-60.2518794962409,557.45888508223,28.1099437801124,2.88670284142453,561.409713559779
-29.8259403481186,706.978586042829,51.3538972922057,4.15458540198279,709.468484576916
-32.0339359321283,740.758518482963,70.3438593122816,5.4246508064127,744.780245642515
-31.7579364841274,728.938542122916,69.2758614482768,5.42889238052689,732.911392803668
-46.397907204186,566.998866002271,43.4039131921735,4.37746982549204,570.54743844941
-45.3839092321815,640.078719842561,55.1338897322206,4.9230839567331,644.049852580909
-32.4359351281296,740.518518962965,69.9238601522796,5.39419092985495,744.519383920482
-61.5418769162462,755.698488603024,87.0838258323487,6.57355293792406,763.184906174689
-29.9219401561197,881.458237083524,79.1038417923162,5.12810175953065,885.506275534739
-59.7958804082392,635.03872992254,11.0279779440444,0.994889063732273,637.943063378672
-45.7859084281837,722.818554362889,67.9618640762718,5.37135330822796,727.448848312081
-30.7079385841233,703.978592042816,36.8039263921471,2.99269275205062,705.608506570429
-30.9959380081238,616.858766282468,8.59198281603438,0.797998744988825,617.69677664793
-75.9658480683035,647.878704242592,41.0639178721645,3.62667599350961,653.60834666856
-45.8999082001836,719.99856000288,53.0098939802119,4.21080431455668,723.404988121315
-30.1679396641211,690.718618562763,20.6819586360825,1.71507609787935,691.686387046799
-45.0959098081802,621.418757162487,23.9159521680958,2.20400038404176,623.511736539822
-45.767908464183,710.638578722842,66.4618670762659,5.3429971074757,715.205614344344
-32.1179357641289,737.458525082953,54.3238913522173,4.21300721195492,740.153851024853
-32.0459359081279,727.198545602909,39.4979210041582,3.10897576246917,728.975138464176
-30.8819382361238,808.018383963231,80.0698398603202,5.65919716732429,812.562971213326
-30.7319385361234,727.378545242909,82.5598348803301,6.47554443034659,732.693746705502
-61.9558760882471,756.118487763023,87.1558256883489,6.57531786909073,763.642479220689
-60.2878794242413,562.918874162252,43.4579130841738,4.41453649141026,567.803555380909
-45.5879088241831,622.85875428249,-5.68198863602292,0.522662538751378,624.550694669501
-47.4359051281896,752.998494003009,85.7218285563429,6.49462824540652,759.345197493981
-17.4659650680699,730.318539362923,68.4478631042737,5.35430853465721,733.727019290208
-43.8539122921757,807.778384443233,65.6818686362629,4.64859283794516,811.629959935314
-76.3678472643057,570.658858682284,28.1999436001127,2.82905355162624,576.436308630365
-59.86188027624,645.478709042584,55.6558886882229,4.92809434543758,650.633373324151
-30.4379391241218,724.138551722894,67.1458657082688,5.29761230745973,727.881637020173
-57.5578848842302,700.318599362799,50.7598984802028,4.14561453025286,704.510906955698
-59.2378815242372,710.998578002842,52.2598954802088,4.20380111777405,715.373469738112
-59.5318809362379,644.45871108258,69.815860368279,6.18288622904387,650.957240912942
-29.6699406601188,791.038417923166,79.2178415643171,5.71876839546588,795.548584582532
-44.4299111401776,718.138563722872,66.2518674962649,5.27090195222935,722.555412170317
-58.6018827962349,650.098699802599,56.2318875362248,4.9436348957612,655.152291706425
-45.3119093761814,647.578704842591,56.3638872722254,4.97436804669237,651.604355330256
-30.7139385721227,821.818356363287,82.2298355403289,5.71390645670547,826.492893333788
-43.5359129281741,715.558568882862,66.7378665242668,5.32838038191199,719.981516460242
-59.7178805642389,655.858688282622,71.9998560002882,6.26481699032593,662.495904529944
-59.5918808162385,638.03872392255,10.6259787480427,0.954123055885848,640.903672097677
-60.4678790642412,744.898510202981,70.4998590002823,5.4065729038057,750.666627085691
-45.2039095921808,648.358703282592,41.3279173441653,3.6472341724316,651.245267404462
-60.1318797362407,560.458879082242,43.4939130121739,4.4374941704699,565.350969373758
-44.6699106601788,634.258731482539,39.5099209801583,3.56452390849488,637.05617745697
-29.7359405281187,627.89874420251,52.835894328211,4.80994565726936,630.819063487814
-44.0639118721767,700.858598282806,50.1718996562006,4.09461008350127,704.03240169152
-59.6038807922389,710.39857920284,51.8158963682072,4.17172014342341,714.775245133287
-45.2399095201813,718.738562522877,67.0858658282682,5.33244338430687,723.278842539152
-60.8218783562433,645.118709762581,39.8399203201595,3.5338675058475,649.203103676835
-43.9319121361761,703.138593722812,64.8238703522596,5.26733267386576,707.485709434389
-44.0099119801756,622.918754162489,52.1458957082083,4.78519843715503,626.644908284637
-29.0939418121161,691.558616882767,48.9179021641957,4.04611934019762,693.896778481582
-59.675880648239,657.118685762628,57.3958852082297,4.99181844223197,662.314476324037
-45.371909256181,741.358517282965,84.1978316043369,6.47945291256382,747.502733201973
-45.2219095561806,729.238541522917,38.5199229601538,3.02367421680439,731.654054872406
-44.7119105761787,726.958546082907,68.1058637882725,5.35219202705657,731.50959758071
-59.1778816442367,646.798706402586,56.5258869482259,4.99457872431949,651.955339095586
-59.675880648239,656.758686482629,57.3418853162294,4.98986555887299,661.952622785914
-74.5918508162985,644.158711682579,12.0959758080483,1.07577047192509,648.575903557564
-32.2379355241291,735.238529522942,39.9479201041601,3.11000961671971,737.028368587373
-59.3458813082378,547.67890464219,-1.43399713200602,0.150018185922456,550.886714820838
-46.0559078881843,652.198695602609,42.0779158441685,3.69143678469516,655.175423988826
-60.6478787042428,721.918556162887,25.1279497441008,1.9934997513264,724.897220840288
-74.0098519802956,622.378755242492,40.3799192401616,3.71214603311975,628.06314256226
-30.9359381281233,794.578410843178,50.5918988162021,3.64318308370772,796.788192352125
-30.8519382961235,683.278633442732,-23.6279527440944,1.98051377053563,684.382797246447
-46.883906232187,713.098573802852,-6.78598642802689,0.545221460972818,714.670361939721
-59.5858808282383,618.658762682477,-5.00998998002009,0.463979537475169,621.541826297708
-46.4099071801856,549.658900682199,12.8339743320515,1.33755494201302,551.763987118399
-31.9439361121275,730.078539842921,54.2758914482168,4.25169239573337,732.789848309872
-31.3739372521259,642.958714082572,41.4899170201658,3.69215890983011,645.059412122446
-59.6218807562387,632.038735922528,10.8119783760432,0.980035364528634,634.936714364402
-31.7519364961272,724.798550402898,24.047951904096,1.90030856157367,725.892160123099
-47.1119057761878,645.058709882579,27.041945916108,2.40052983786056,647.34190170278
-45.8399083201831,557.098885802226,14.3999712000577,1.48065975704323,559.167081405413
-45.0179099641798,630.418739162522,11.9159761680476,1.08285780618405,632.136369300837
-46.0799078401844,473.999052001895,0.905998188003857,0.10951458443602,476.234480101947
-44.9159101681794,706.318587362825,9.44398111203794,0.766039613615045,707.808289453929
-31.1579376841247,634.558730882536,11.2919774160453,1.01947122955681,635.42356642947
-16.0379679240637,624.118751762496,-4.34399131201748,0.398783642837651,624.339893789615
-46.7879064241877,558.658882682233,-1.42799714400579,0.146454363928508,560.616530761592
-43.8839122321752,693.118613762774,22.2419555160889,1.83797260294403,694.862515237662
-30.5999388001227,685.858628282746,7.8179843640316,0.653076436947025,686.585417208942
-57.857884284232,691.198617602764,37.5479249041501,3.10941765001763,694.63149252998
-61.8898762202472,483.119033761934,16.199967600065,1.92052487388674,487.336430519887
-45.6179087641825,623.158753682494,-5.05198989601995,0.4644905591601,624.846659983909
-46.6799066401871,634.498731002537,25.715948568103,2.32090195855079,636.733039301813
-31.5599368801269,730.978538042923,55.1578896842206,4.31522460840454,733.735678217752
-46.6319067361861,561.778876442247,-1.19399761200476,0.121775530863192,563.712219463853
-16.7819664360666,629.098741802514,-5.63398873202241,0.513107283670967,629.347760116773
-30.1259397481204,705.478589042821,-6.10198779602447,0.495563486340638,706.147892511632
-46.559906880186,547.858904282193,-1.31999736000519,0.138046732031393,549.83538111239
-31.4999370001255,709.318581362837,-22.2239555520891,1.79457083879009,710.365399001093
-29.9879400241196,699.118601762796,22.5359549280901,1.84627923432253,700.124249788691
-45.4019091961822,623.098753802492,10.6679786640425,0.980856466491517,624.841736856344
-15.9719680560638,786.118427763143,34.8719302561396,2.53995498949525,787.053579975448
-44.6819106361784,791.458417083168,37.1939256121484,2.69058767150748,793.590755498283
-30.533938932122,605.278789442423,-5.97598804802362,0.565669530624292,606.077921400166
-47.165905668189,726.838546322906,69.9778600442799,5.4993180074308,731.721118989108
-46.2599074801851,547.49890500219,-1.63199673600656,0.170788009537511,549.452175746005
-44.879910240179,604.73879052242,-5.04598990802015,0.478069573639542,606.422850097057
-15.4919690160621,687.178625642747,7.26598546802897,0.60580287576771,687.391634506175
-44.6339107321792,693.718612562776,22.6619546760905,1.87103640148522,695.522295539842
-44.0399119201758,691.858616282768,8.31598336803349,0.688649088466573,693.308743884008
-31.3619372761255,623.218753562493,25.3559492881016,2.32982088949435,624.522305499171
-30.8039383921226,526.858946282108,-17.2619654760687,1.87656316803558,528.040914465968
-30.5819388361229,691.738616522767,22.8779542440917,1.89425972345264,692.792154518368
-31.1219377561242,306.899386201225,-40.8299183401635,7.57813394304322,311.163767961582
-45.9659080681844,542.518914962168,-16.5659668680662,1.74899920330697,544.714667559572
-30.7319385361234,684.118631762736,-5.87998824002346,0.49244414416167,684.833796357049
-46.8839062321878,642.658714682571,11.8859762280478,1.05956493388573,644.476221944562
-29.9639400721204,698.998602002795,-5.80198839602312,0.475568638851944,699.664595628401
-46.6319067361861,544.918910162179,-31.7999364001273,3.33983279539169,547.834271776823
-46.3199073601848,724.438551122899,10.1039797920403,0.799071037094523,725.988180743005
-16.9019661960677,719.698560602876,24.7679504640989,1.97101851955522,720.322945605189
-32.7359345281305,725.7585484829,9.49198101603801,0.749311801789677,726.558469642358
-31.7879364241277,645.718708562583,40.7699184601629,3.61279229255937,647.78492552782
-30.8759382481236,718.258563482873,52.9558940882116,4.21668397213704,720.869623647622
-29.9639400721195,798.058403883192,66.0118679762641,4.72848964159008,801.344258372735
-1.67999664000707,788.758422483156,64.0378719242559,4.64156041694164,791.355495632282
-44.4959110081783,708.058583882832,66.9238661522678,5.39940841245572,712.604833106944
-60.977878044244,559.798880402238,27.4799450401098,2.81033431850225,563.7803078237
-45.5879088241823,636.178727642545,54.3238913522169,4.88069998887294,640.119298340159
-31.9019361961277,735.658528682944,68.1418637162726,5.29203747606583,739.496124362895
-44.4839110321779,620.458759082482,37.733924532151,3.48022335466853,623.194784255686
-61.5658768682462,659.818680362637,41.7299165401671,3.61882433800434,663.997314817234
-59.4898810202381,639.718720562558,40.6559186881629,3.63641694790382,643.76392498056
-61.3858772282455,566.278867442264,13.7099725800547,1.38689643154369,569.761305269953
-58.2958834082329,722.338555322889,69.2998614002773,5.48008192751577,727.993042081036
-60.1138797722408,656.038687922626,72.7078545842906,6.32420240837065,662.787198662408
-60.329879340242,650.278699442599,41.1179177641644,3.61806546721962,654.36439729804
-45.4199091601811,652.438695122611,86.3638272723454,7.54045034652586,659.695330969185
-46.8659062681872,654.41869116262,41.2559174881648,3.60727154731497,657.390513501013
-59.2378815242372,731.818536362928,83.9158321683358,6.54139583377424,738.992126927183
-46.1879076241841,569.518860962279,42.785914428171,4.29635620568284,572.988385812424
-60.5578788842429,666.238667522664,72.2818554362893,6.19194013171273,672.878804408822
-45.0899098201799,732.118535762928,53.6218927562146,4.18898294299271,735.46309068369
-45.2699094601807,640.678718642563,39.8279203441594,3.55722596107691,643.509788941046
-61.6858766282464,658.438683122633,71.6158567682863,6.20744132683526,665.188302474058
-58.4878830242341,709.018581962837,65.3758692482613,5.26812675386757,714.424374100726
-76.4278471443062,576.298847402303,58.8478823042351,5.83046256320418,584.315540258882
-46.1819076361847,642.598714802569,54.3958912082174,4.83854468880284,646.548366202535
-45.9599080801833,642.53871492257,69.7198605602788,6.19275718970188,647.942259990527
-30.9179381641235,735.478529042941,83.6338327323342,6.48743651666151,740.863822548374
-31.1699376601251,813.778372443255,65.6878686242627,4.61488703197021,817.02001233417
-31.139937720124,647.818704362589,70.5598588802824,6.21610322487386,652.393641238511
-30.7079385841225,736.558526882947,68.6578626842747,5.32540339592982,740.388643297853
-46.0619078761845,749.758500482998,85.7098285803428,6.52154749395554,756.046085314235
-60.2578794842411,562.67887464225,42.8519142961717,4.35506592481792,567.516356211389
-45.5519088961826,654.058691882617,56.4298871402257,4.93106782933016,658.066927442752
-60.5638788722422,652.258695482611,56.4358871282255,4.94513154386383,657.490987476391
-60.9478781042437,574.678850642301,43.8839122321756,4.36677408250191,579.565546744945
-30.4859390281219,636.538726922549,68.0638638722722,6.10333712457297,640.892840431088
-45.2459095081815,737.27852544295,84.047831904336,6.50349477340353,743.431808879855
-46.0259079481841,742.618514762971,69.2338615322769,5.32625400728328,747.257633118516
-44.6759106481782,719.578560842878,51.4738970522055,4.09159216699377,722.799283546057
-46.3439073121857,739.198521602956,98.5438029123943,7.59342485907863,747.176748284764
-59.9038801922398,649.978700042602,84.7618304763391,7.42984780778253,658.213759562086
-30.443939112122,721.558556882887,95.8618082763836,7.56764729722015,728.5348795532
-43.9439121121757,716.038567922866,95.6278087443826,7.60690771986106,723.731287129417
-43.4819130361738,1101.65779668441,111.155777688444,5.76156730223908,1108.10477152224
-59.6218807562387,648.898702202596,55.0438899122198,4.84860064118299,653.952692632879
-45.3539092921812,645.838708322581,69.4498611002777,6.13768030921522,651.143530615724
-44.2799114401771,733.258533482933,82.7398345203308,6.43794143653576,739.239249295614
-61.4038771922453,747.778504442992,69.2518614962768,5.29107725294265,753.484537440509
