-30.905938188123,652.978694042614,99.0958018083965,8.62934064584854,661.177986494511
-4.62599074801859,640.318719362563,111.695776608447,9.89498695783808,650.004160501052
23.4059531880939,823.018353963295,154.667690664618,10.6433093962288,837.752436069642
23.8079523840952,815.21836956326,138.497723004554,9.6419384271061,827.242061278046
-5.55598888802249,700.6185987628,92.2198155603688,7.49852308511979,706.683652228394
-4.96199007602001,613.738772522457,52.6558946882107,4.90369965672174,616.013429633075
9.29398141203705,713.398573202853,80.9338381323238,6.47243421986147,718.034949353569
9.18598162803729,685.378629242742,48.5759028481941,4.05403365910319,687.159272671662
9.19198161603666,687.298625402752,62.4418751162498,5.19113671295775,690.190467026729
23.2019535960931,755.578488843023,88.5058229883543,6.68098184049261,761.098196132291
9.47398105203777,778.378443243111,91.7698164603674,6.72405825542099,783.826802575488
25.9739480521041,472.799054401891,72.6058547882907,8.7304805374492,479.046137621706
9.00598198803571,771.598456803084,76.1638476723045,5.63735730042495,775.40068219258
9.04798190403642,784.438431123138,78.1918436163126,5.69236862720001,788.377753749803
-4.613990772019,625.498749002503,82.0498359003282,7.4731092313043,630.874115403232
-5.30398939202079,770.938458123087,89.6938206123589,6.63616734174789,776.156698078883
8.43598312803327,854.338291323419,102.785794428411,6.86030576579054,860.54052860341
-4.90799018401885,612.478775042448,66.2398675202649,6.17257421484704,616.069848551483
-5.84398831202297,684.118631762739,77.2078455843088,6.43900713758425,688.486387624392
23.8679522640957,707.938584122834,80.4118391763218,6.48021902057757,712.8904417334
-4.95599008801978,719.398561202878,82.301835396329,6.52647287745243,724.108033243748
9.29998140003727,707.038585922828,109.625780748438,8.81348686018231,715.547247526323
-5.63998872002306,752.938494123011,74.7958504082992,5.67307004614556,756.665450938054
9.21598156803755,692.818614362769,49.763900472199,4.1083958210669,694.664676310821
9.21598156803755,692.818614362769,50.1178997642003,4.13752006729376,694.690125595999
-6.02398795202455,694.498611002777,50.8738982522037,4.18958751154307,696.385498584662
8.87998224003529,705.478589042821,79.8718402563196,6.45932473754249,710.041128772386
-5.42398915202099,869.458261083477,120.731758536483,7.90546021974583,877.817318662566
-5.38798922402136,635.938728122543,84.233831532337,7.5452421637082,641.515732253399
-4.74599050801965,643.618712762573,85.6858286283428,7.58327246504577,649.314741147758
-4.45199109601724,693.598612802775,64.8718702562596,5.34329612649319,696.639946785423
-5.29798940402057,704.758590482818,66.2398675202653,5.36942429825457,707.8844959456
9.49198101603844,783.598432803135,92.9218141563715,6.76275048379576,789.145781932115
-5.25598948802071,678.178643642713,19.5719608560783,1.65307414688145,678.481362876181
9.22198155603692,689.938620122761,77.7958444083111,6.43336300112768,694.372045727593
9.2819814360366,704.638590722817,94.93781012438,7.67340222685433,711.066021200865
-5.31598936802124,722.398555202891,97.6678046643907,7.69966413527946,728.990351356002
-5.02798994401991,787.31842536315,79.6018407963186,5.77327206285414,791.348239814401
9.06598186803624,799.978400043198,65.9518680962636,4.71292400314414,802.743596342128
-19.0919618160766,604.918790162419,23.9519520960958,2.2674601606333,605.693768918556
-4.69199061601849,614.81877036246,38.2859234281532,3.56331498855244,616.027553846981
8.4299831400339,852.658294683411,89.6818206363584,6.00424177502328,857.403091352496
-17.9819640360712,603.898792202416,37.6739246521509,3.56974245728062,605.33992669642
9.30598138803749,714.058571882854,82.1818356363288,6.56535175494344,718.832455776401
-4.62599074801859,791.818416363167,80.1778396443204,5.78194081186336,795.880826664586
-4.93199013601975,715.79856840286,82.1998356003291,6.55095327280094,720.519762412529
-4.52999094001843,600.538798922403,50.7658984682035,4.83194898656383,602.697723802208
-5.09998980002088,679.198641602716,64.517870964258,5.42631087880811,682.275135355742
9.21598156803755,692.818614362769,49.763900472199,4.1083958210669,694.664676310821
9.49198101603759,789.358421283158,79.2358415283169,5.73215225779598,793.382085465098
-5.06998986002061,784.258431483135,64.3198713602575,4.68854088548491,786.907896771514
-5.15998968002055,680.578638842723,50.0398999201999,4.20513535287757,682.435272188166
-4.84199031601896,687.778624442753,50.5018989962022,4.19955206561724,689.647245273124
-4.86599026801899,666.898666202665,6.25798748402516,0.53763152587914,666.945778344486
-5.00398999201986,745.678508642983,18.6479627040746,1.43255691783463,745.92843133968
-4.96799006401938,681.178637642725,7.39798520402962,0.622240101634505,681.236924638671
9.22198155603692,822.238355523286,58.8958822082356,4.09702616229567,824.396556990957
-4.51199097601776,685.018629962742,35.4059291881416,2.95876151266676,685.947856094234
9.76198047603911,760.198479603042,48.1559036881925,3.62464327747105,761.78475681364
-18.983962032076,768.478463043074,49.9559000881998,3.71935034230382,770.33442797859
9.78598042803915,770.338459323081,35.1419297161407,2.61195483037174,771.201700302438
10.2059795880403,768.538462923072,48.6899026201945,3.62506580136035,770.146893539586
37.7039245921508,678.418643162711,20.2439595120807,1.70919442101767,679.767062468543
9.21598156803755,829.258341483319,45.8879082241836,3.16729379538806,830.578130796325
-18.6239627520746,664.078671842655,19.6979606040787,1.69901433600002,664.631735652802
-18.8099623800747,624.358751282498,25.1759496481009,2.30908052159072,625.149176939763
-4.60799078401878,690.658618682761,22.47595504809,1.86390644970427,691.039600670735
-18.773962452075,600.298799402401,-36.4619270761459,3.47585416329174,601.698082393672
10.2359795280405,678.658642682717,21.8279563440872,1.84219091026451,679.086731016742
-19.5779608440785,666.658666682666,-7.58398483203014,0.651775190039224,666.989198743019
-4.33799132401726,686.158627682743,-6.89398621202792,0.575643892913033,686.206971370945
-4.41599116801846,607.13878572243,9.29398141203705,0.877005940220826,607.225974573709
9.32398135203731,760.018479963038,20.3879592240814,1.53662570598962,760.349061546671
10.1999796000409,775.918448163101,21.0179579640839,1.55163971181994,776.270076932414
9.88798022403953,686.638626722744,7.20598558802844,0.601273200992534,686.747626198229
9.80398039203982,665.878668242664,6.89398621202792,0.593174433446024,665.986520808074
-4.1759916480172,658.378683242634,-8.09998380003271,0.704870136845498,658.441750796614
8.81398237203454,842.578314843371,48.1019037961926,3.26740880679531,843.996265441007
-4.02599194801589,597.358805282387,8.489983020034,0.814263457468114,597.432699700349
-3.85199229601538,674.398651202698,7.21798556402889,0.613204546777759,674.448276670843
-19.96196007608,776.878446243106,51.6538966922067,3.80394209257863,778.84961650544
9.50398099203804,678.418643162715,21.1199577600843,1.78310806333008,678.81384315674
10.2839794320406,689.398621202755,22.1339557320888,1.83891688701047,689.830508998818
-18.9419621160762,588.118823762354,-5.51398897202178,0.537168727018174,588.449617951108
-18.8219623560751,669.178661642675,7.09798580402869,0.607714205640693,669.480939883496
-18.2219635560733,676.258647482706,7.02598594802814,0.59525280730315,676.540584687659
9.83398033204008,777.238445523109,50.4238991522019,3.71190281652513,778.934450370544
-18.9419621160753,676.258647482706,7.65598468803069,0.648622939334782,676.567195720786
-4.47599104801813,679.198641602716,36.5999268001464,3.08451012641035,680.19878263094
-18.6599626800751,609.358781282438,53.303893392213,4.99924491847004,611.970279984256
9.31798136403708,753.778492443014,33.4859330281337,2.54364117022978,754.579451189289
-18.8339623320756,613.918772162457,39.0719218561565,3.64159086359746,615.44909783679
10.0559798880407,713.338573322851,53.2138935722127,4.26626955715229,715.391334439343
-19.0679618640766,683.098633802732,7.85998428003145,0.659237232993326,683.409913613851
-19.2359615280769,683.578632842733,35.8679282641434,3.00360179968417,684.789221420001
-5.18398963202059,869.458261083477,64.0258719482563,4.21159131936346,871.827880830582
-5.05798988402017,763.378473243054,34.6679306641389,2.60023346948176,764.18200848299
-32.8319343361315,749.278501442997,47.6699046601906,3.64031288611606,751.510897091471
-18.8219623560751,686.278627442744,51.275897448205,4.27296399301002,688.448864049284
-32.8079343841315,682.798634402731,37.1159257681485,3.11145177762501,684.593257085121
-18.5339629320738,673.198653602694,7.77598444803131,0.661782781691159,673.498627265553
-18.8159623680749,695.758608482783,22.1579556840888,1.82409297631806,696.365605639619
-18.7619624760746,698.758602482793,37.7819244361511,3.0949728580607,700.030763319554
-19.1339617320765,698.578602842796,37.4039251921498,3.06485568459638,699.840857953533
-6.11398777202449,1038.53792292415,95.4658090683817,5.25205589627889,1042.93437899955
-18.0839638320715,763.738472523057,48.6299027401944,3.64330451096772,765.498760025288
-4.1219917560169,753.598492803015,47.6699046601906,3.6195004844931,755.115950686597
-19.2479615040773,684.178631642738,36.6479267041469,3.06610973266301,685.429759020065
-4.68599062801912,615.058769882462,38.9399221201558,3.6226121937088,616.30801264645
9.1499817000368,813.838372323253,30.8819382361234,2.17310495678072,814.47548308104
-18.5039629920735,696.178607642785,65.7658684682631,5.39654253672449,699.522837254971
9.23398153203652,837.598324803353,45.8699082601834,3.13459264095125,838.904207053531
-4.03799192401548,762.358475283047,77.2198455603088,5.7838048426906,766.269962064956
9.3359813280369,751.558496883007,47.5859048281905,3.62292067483516,753.121340238557
-4.19999160001639,780.778438443122,64.727870544259,4.73908138154112,783.468127681219
-3.83399233201471,706.798586402829,51.9478961042078,4.20353575957604,708.715404903755
-18.749962500075,670.738658522681,20.9279581440835,1.78712643858541,671.326960997874
-18.6299627400748,691.258617482766,37.0139259721481,3.06501553096901,692.499518029979
-4.48799102401772,681.598636802724,35.4179291641416,2.97458684670305,682.532983423541
9.71398057203903,755.938488123023,30.965938068124,2.34572812273032,756.634818498802
10.4519790960418,800.2183995632,110.987778024444,7.89636810568436,807.946172549457
-4.9079901840197,749.638500722997,47.2439055121889,3.60613973208589,751.141768737376
-18.6239627520746,620.158759682478,39.4079211841579,3.63596540648707,621.688606499715
-18.3179633640726,678.838642322717,49.3859012281973,4.16097036074924,680.87915031412
-19.0979618040769,720.418559162882,98.3038033923931,7.77023400669322,727.345358335917
-4.49999100001817,691.318617362765,50.1898996202008,4.15240225480515,693.152729674529
-18.191963616073,693.658612682773,51.4138971722058,4.2390052864038,695.799257912534
-4.47599104801813,688.198623602751,50.5678988642021,4.20246362234789,690.068469371064
-4.96799006401938,602.278795442406,22.48795502409,2.13832307936611,602.718953149806
-19.4099611800774,672.89865420269,35.1299297401407,2.98851991583652,674.094546324439
-19.6259607480786,689.398621202758,50.8918982162035,4.22195726451731,691.553051150523
-4.78799042401865,680.098639802719,49.2719014561969,4.14373466728153,681.897943234117
-4.62599074801859,839.518320963359,46.3259073481854,3.15846566286207,840.808242535224
-18.9599620800751,625.798748402504,53.9818920362157,4.93017480556385,628.408782825342
-4.88999022001904,755.518488963021,61.733876532247,4.67129537397613,758.052221605489
-2.89199421601122,450.059099881799,42.8219143561715,5.43517734152879,452.100954838726
-18.4679630640739,829.738340523319,87.5398249203504,6.02259291736438,834.547781940144
-19.5239609520774,710.158579682838,67.091865816268,5.39697052214231,713.587914560716
9.9719800560401,796.618406763186,95.1238097523805,6.80941850146886,802.339619838109
-19.5299609400776,788.398423203153,79.493841012318,5.75764714592533,792.636590022458
-18.4979630040733,702.238595522809,80.5558388883225,6.54396201564196,707.08589496337
-33.305933388133,613.678772642455,67.4278651442699,6.27021374232395,618.269713142023
-4.57199085601829,712.858574282853,67.2478655042692,5.38907727275447,716.038075414883
-19.3139613720772,762.89847420305,48.1019037961922,3.60780975840184,764.657376995764
-19.0079619840761,680.998638002722,64.2418715162571,5.38903798043421,684.286099256928
-18.4259631480732,604.678790642417,23.3159533680931,2.208187640293,605.408613790862
-5.02798994401991,786.598426803147,78.6598426803146,5.71059313749964,790.53762502651
-48.4919030161939,624.778750442496,9.74398051203886,0.893506222272015,626.733513400104
-32.8319343361307,685.558628882741,79.2298415403171,6.59241267938816,690.90226323145
-4.67399065201867,788.758422483153,64.4398711202576,4.67056940966274,791.400146712598
-18.4919630160739,682.978634042731,34.751930496139,2.91286302961318,684.112172036334
-33.377933244134,695.21860956278,51.4378971242055,4.23149513341046,697.917515735646
-48.2219035561924,626.638746722504,40.2299195401607,3.6733216158464,629.777672915404
-4.52999094001758,774.658450683099,77.9878440243122,5.74881673785897,778.587400262948
-4.4819910360175,697.678604642793,65.7478685042632,5.38354313786917,700.784065053434
-32.7779344441312,687.658624682751,49.8899002201995,4.14956075528907,690.244724160191
-33.8339323321356,630.058739882519,69.5878608242782,6.30258100513965,634.792266063082
-33.2039335921326,627.71874456251,54.4258911482177,4.95539552569019,630.948097000381
-34.0379319241363,636.658726682546,70.1098597802806,6.28418068284117,641.411184427839
-5.07598984801999,784.258431483135,64.319871360257,4.68854088548487,786.90793545187
-33.9419321161362,792.418415163173,93.7798124403753,6.74935200008419,798.669927233299
-32.2379355241291,612.118775762448,65.2498695002609,6.08456701935112,616.430227679968
-18.7019625960749,775.198449603102,104.639790720419,7.68757671154969,782.452481288168
-19.0439619120757,811.078377843246,138.629722740555,9.6992832086499,823.060755665864
-33.7559324881352,691.318617362765,78.5098429803142,6.4790569336312,696.580712577733
-18.6239627520746,637.438725122551,83.9158321683358,7.49959639842228,643.208245565119
-4.9079901840197,775.978448043104,91.2178175643648,6.70446456373394,781.336886647646
-5.06998986001976,802.13839572321,94.751810496379,6.73679000094617,807.731153468113
-4.1219917560169,744.418511162977,129.755740488519,9.88759408412999,755.653665886604
-4.03199193601611,642.658714682571,84.1438317123366,7.45935153005126,648.156358397926
-32.117935764128,248.939502120996,38.933922132156,8.88899997527057,254.004503516356
-4.38599122801819,769.918460163083,104.567790864418,7.73439916395422,776.999417699402
-32.8019343961313,624.598750802497,80.8798382403239,7.37822429467734,630.667198003787
8.93398213203559,860.578278843443,116.459767080466,7.70686632730772,868.468575944067
-4.70999058001831,706.198587602827,121.895756208487,9.79323084290296,716.656964331702
-33.1019337961322,701.038597922802,92.5858148283701,7.52348396829618,707.900407476959
-19.3619612760773,717.658564682871,110.351779296442,8.74169872410218,726.351303572194
-4.63199073601882,801.178397643205,93.3238133523732,6.64405340031835,806.608712032632
-4.42199115601698,705.898588202826,94.4938110123779,7.62446750702125,712.208853604173
-19.1579616840765,730.198539602922,112.277775444449,8.74152772930299,739.028574273608
-4.43999112001764,699.058601882797,78.4438431123139,6.40257861684205,703.46007627278
-5.13598972802051,703.738592522814,107.699784600431,8.70100614741892,711.950580166529
-4.30199139601763,622.018755962486,65.8378683242636,6.04200241466742,625.508165258115
-18.5459629080742,717.298565402872,109.499781000438,8.67952463372046,725.84529116634
-4.83599032801958,773.698452603094,105.107789784421,7.73633425423036,780.820292920362
-19.7159605680794,634.258731482535,68.5918628162744,6.17226015856674,638.261467744657
9.66598066803809,707.758584482831,93.8338123323756,7.55216500675464,714.017107237804
-18.5099629800746,543.29891340217,68.6578626842747,7.20241325312606,547.932687601201
24.2099515800965,808.618382763233,123.917752164496,8.71258320712168,818.416409903686
-5.26198947602093,779.578440843118,118.871762256476,8.66979948777871,788.606828414891
-18.7619624760754,626.398747202505,80.9818380363238,7.36643171272732,631.890385925093
9.14398171203658,807.778384443233,137.417725164549,9.65462183794815,819.434659972757
-5.28598942802098,731.098537802925,127.175745648509,9.86795007726438,742.096141980985
-4.87199025602007,706.318587362825,79.0198419603161,6.38345802343207,710.741738303517
-19.6919606160793,713.878572242854,109.775780448439,8.74210933664028,722.537965226371
-19.9679600640794,729.838540322919,111.827776344447,8.7112594013027,738.626066377266
8.61598276803399,775.918448163105,104.441791116418,7.66616824542052,782.963448119071
-4.89599020801926,799.798400403198,135.341729316542,9.60459343731397,811.183601721598
-4.37999124001797,708.238583522831,108.377783244434,8.70016210565005,716.496210328196
-33.8459323081352,568.678862642275,101.537796924406,10.1234999860981,578.663218248906
-4.31399137201722,705.958588082822,121.463757072486,9.76244607383923,716.344597865868
-19.4639610720785,626.338747322503,81.6598366803269,7.42812293180691,631.93939670256
-4.19399161201702,629.218741562515,109.88378023244,9.90596732493739,638.755242215144
-5.20198959602041,698.818602362795,78.4078431843134,6.40184432129424,703.222788010217
9.68398063203876,708.358583282833,95.0818098363806,7.64502287008992,714.777036951457
-19.2059615880775,635.878728242544,97.4458051083897,8.7125621597164,643.588619325342
9.25198149603719,633.838732322533,82.7458345083311,7.43773786152609,639.28398297026
-4.07399185201597,791.098417803165,106.763786472427,7.68599380075718,798.280533498225
9.65398069203935,703.498593002812,92.8498143003714,7.51860973364437,709.665102506634
8.87398225203506,703.258593482813,92.8198143603715,7.51874393479185,709.413077696153
-5.03998992002035,641.518716962567,98.1778036443926,8.70101628126216,649.007354996943
8.45998308003416,689.398621202758,76.9858460283082,6.37187888952862,693.735432797456
9.34798130403735,726.718546562905,111.479777040446,8.7212776404513,735.278839190922
-5.03998992002035,629.218741562518,67.7578644842711,6.14625175314046,632.876571245438
-5.62798874402261,764.938470123058,103.013793972412,7.66984321191383,771.86422321552
9.31198137603771,715.858568282862,95.3878092243814,7.58992493779111,722.245828599767
-5.06398987202039,639.238721522557,84.3658312683372,7.51836516711533,644.801814957754
8.56198287603455,769.198461603077,61.5178769642462,4.57258900894158,771.7020345117
-19.82396035208,715.79856840286,96.8518062963872,7.70566303313933,722.593144386589
9.63598072803868,640.558718882562,98.9578020843961,8.78201078123365,648.229103831689
-5.62198875602239,709.438581122839,95.0038099923799,7.62733360987128,715.793567347617
-5.27398945202138,766.798466403069,89.543820912358,6.66061721747689,772.027071355936
9.20998158003733,687.598624802749,63.5578728842543,5.28110315779592,690.591265363896
-4.92599014801952,615.538768922463,66.311867376265,6.14874907384293,619.119944098433
-4.94399011201934,725.638548722902,97.3318053363893,7.6396349112885,732.153827252817
9.25798148403656,703.438593122813,65.8978682042637,5.35182832725457,706.579148821721
-19.0019619960759,605.938788122423,36.6059267881466,3.45714651228811,607.340829672261
-19.0319619360761,640.61871876256,83.6698326603347,7.44115782795511,646.339848146104
23.6099527800946,790.318419363159,93.2458135083729,6.72894110374845,796.150372474823
-16.6679666640666,240.059519880962,37.0079259841479,8.76380941287647,243.466590693345
-19.1759616480764,624.418751162497,67.6498647002705,6.18333828865179,628.365338399904
-4.9079901840197,775.978448043104,90.791818416363,6.67343689781333,781.287267582405
9.07198185603561,791.518416963167,93.1438137123725,6.71155037312109,797.031665167425
8.89798220403596,864.658270683459,76.8358463283073,5.07811764838388,868.111079545469
-5.03398993202013,768.958462083074,47.7299045401912,3.55184085277379,770.454801562829
8.31598336803307,913.738172523654,99.7618004763991,6.23086526145882,919.205646381993
-19.7939604120797,678.598642802715,50.0218999562001,4.21584920736869,680.727632286004
-19.3139613720772,692.93861412277,50.5798988402025,4.17480591242713,695.050558026503
-18.9479621040764,699.4186011628,65.7958684082629,5.37412613216747,702.762051636273
8.55598288803432,761.578476843045,61.8478763042474,4.64280820985954,764.133588475928
-4.4819910360175,707.758584482834,81.4918370163258,6.56815401917566,712.448750194066
-18.9419621160753,687.71862456275,36.6599266801465,3.05135390778612,688.95548094451
-4.91399017201993,759.178481643038,61.3798772402453,4.62233195378107,761.671585146293
-4.93799012401912,709.138581722834,66.7918664162675,5.38066262888079,712.294226604222
-5.4659890680217,779.938440123118,64.1998716002568,4.70563747680302,782.59534302963
9.14398171203658,675.718648562703,33.8699322601356,2.8695099641402,676.628758425373
-19.3439613120775,705.778588442822,81.4078371843256,6.57968912254419,710.721352358725
-4.91399017201993,759.178481643038,61.3798772402453,4.62233195378107,761.671585146293
-18.7799624400753,748.858502282995,32.747934504131,2.50397603544049,749.809422883621
-4.52399095201736,695.39860920278,50.6638986722027,4.1669738348236,697.256425430388
-18.6299627400748,675.418649162702,49.3499013001977,4.17892729247508,677.475342655956
-4.57799084401851,713.458573082852,67.7158645682708,5.4218222496517,716.679518208673
-19.6619606760791,718.378563242874,68.1178637642725,5.41668684909061,721.868683479435
-5.10598978802025,771.178457643085,34.2779314441372,2.54505154569231,771.956774209911
-4.74599050801879,758.878482243037,4.88999022001989,0.369192077994316,758.909077058477
-4.61999076001837,851.938296123408,62.9578740842516,4.22645090796298,854.273901407205
-5.11798976402069,783.058433883132,51.2818974362052,3.7469062284604,784.752532776661
-18.7679624640757,610.318779362439,38.6759226481545,3.62598706267919,611.830920966076
-4.19999160001724,683.818632362735,22.2119555760891,1.86044068215259,684.192175391092
-4.51799096401799,685.978628042744,36.9179261641475,3.08056642266266,686.986188832073
-18.6119627760741,608.518782962434,9.07798184403626,0.854684326304769,608.871024216804
-5.30398939202079,699.538600922798,52.5718948562101,4.29782731431535,701.531318341005
-4.28999142001718,688.198623602754,7.27798544402899,0.605904008593455,688.250476663281
-4.04999190001593,751.738496523007,61.3078773842452,4.6624268149398,754.245202449722
-18.5819628360739,677.878644242712,64.5718708562583,5.4413371764542,681.200610810836
-18.7679624640757,686.638626722748,7.80598438803115,0.651333433414794,686.939424924076
-18.8219623560751,602.758794482411,9.52798094403808,0.905615377211422,603.127857932041
-18.6839626320751,769.558460883076,34.7939304121393,2.58874241176804,770.571173072216
-19.8059603880793,709.798580402838,82.3318353363293,6.61635558117224,714.832030562864
-33.5639328721341,696.658606682786,37.4579250841501,3.07771464569198,698.471794710893
-22.1999556000891,1039.37792124416,105.527788944422,5.79736080471046,1044.95713569408
-33.7139325721345,639.238721522557,41.7119165761673,3.7333993321108,641.484728054946
-48.6659026681944,558.418883162231,14.3699712600575,1.47408524784281,560.719640487721
-33.6839326321342,701.278597442804,38.6879226241545,3.15767515629882,703.15221247315
-19.8119603760795,767.878464243072,49.8479003041992,3.71422378374027,769.749740361748
-18.8819622360748,678.238643522715,21.6299567400862,1.82662157539363,678.846110023468
-4.18199163601657,728.458543082912,3.67199265601466,0.288812454272164,728.479801761578
-18.5159629680748,690.118619762761,51.3718972562051,4.25720184429698,692.27568356515
-3.77399245201504,587.218825562348,-20.3999592000814,1.98965299897135,587.585185695841
-18.7079625840743,683.338633322731,7.89598420803151,0.662023797472975,683.640272527912
-33.6779326441349,616.858766282464,10.6379787240427,0.987990937049895,617.869004950111
-46.979906040188,535.138929722143,26.9879460241077,2.88707546982872,537.874646089873
-4.2419915160171,764.278471443057,35.2079295841406,2.63757344282895,765.100761147811
-4.40399119201801,668.458663082675,35.1539296921408,3.01038516428934,669.396876420481
-18.5819628360739,682.258635482728,22.3619552760896,1.87727509503027,682.877874936189
-18.0659638680717,747.778504442992,19.505960988078,1.49423371857,748.250996171438
-4.19399161201702,756.178487643025,34.3979312041374,2.6045419061742,756.972068448275
-30.1619396761209,284.45943108114,-54.6298907402185,10.8711827703327,291.223858051363
-19.0079619840761,847.198305603389,49.5659008681981,3.34831087883734,848.859853076418
-3.77999244001526,854.758290483418,49.7159005681985,3.32878385325577,856.211243947595
-17.9939640120725,687.598624802749,68.7478625042751,5.70960310970587,691.261108533097
-5.03998992002035,814.018371963253,17.3579652840693,1.22157863601201,814.219018661995
-4.55999088001784,816.178367643265,31.4099371801255,2.20389224503768,816.795265338451
-4.61999076001837,839.63832072336,47.189905620189,3.21679096443615,840.976064542986
-4.1879916240168,766.258467483063,49.4459011081979,3.69212101113629,767.863578638638
9.88198023603931,681.598636802727,21.3779572440854,1.79646092333214,682.005404876421
-4.18199163601657,766.258467483063,49.4459011081979,3.69212101113629,767.863545937647
-32.1539356921285,680.938638122723,22.5479549040905,1.89654502109892,682.070168486556
-18.1799636400726,755.698488603024,20.2079595840806,1.53176823338872,756.187197977724
-17.6099647800701,673.738652522694,35.5979288041423,3.02449066958621,674.908212498408
-17.9279641440717,826.738346523307,31.8839362321274,2.20857070732096,827.547153278952
-16.3919672160649,217.859564280873,-68.9338621322756,17.5581114644982,229.09247845867
-32.3399353201294,665.338669322661,-35.321929356141,3.03890256959197,667.060008549456
-46.8359063281869,616.798766402469,11.3399773200454,1.05327650398259,618.678361867303
-46.3139073721854,750.598498803002,34.6799306401389,2.64535775716217,752.825200169737
-46.1579076841847,655.198689602622,-6.27598744802497,0.548805426001095,656.852543054545
-32.39993520013,827.038345923308,47.2739054521891,3.27149411786939,829.021714773043
-4.20599158801661,833.158333683334,32.1899356201286,2.21258131610633,833.79055601899
-31.9559360881271,841.858316283368,33.179933640133,2.25701485743535,843.117734686621
-45.233909532181,737.398525202947,-7.45198509602992,0.578998664047291,738.822186743819
-46.1579076841847,764.818470363057,22.0559558880884,1.65184693008266,766.527436065014
-59.5318809362379,598.498803002395,-3.34799330401326,0.32050838584592,601.461612326398
-58.8418823162353,747.658504682991,20.8859582280837,1.60015048427074,750.261174518867
-31.0859378281237,732.178535642931,20.3399593200813,1.59127059342926,733.12035678463
-18.0539638920721,872.518254963489,36.287927424145,2.38155195181519,873.459137300359
-47.1059057881884,709.138581722838,25.4639490721018,2.05650949372283,711.157441886359
-18.3659632680735,768.538462923072,21.7679564640871,1.62240243481379,769.066005962782
-19.0559618880762,728.818542362918,-53.5678928642143,4.20365977827143,731.032910696502
8.08198383603289,865.318269363459,13.3319733360534,0.882687213716997,865.458703387939
-19.8299603400794,834.898330203341,33.0179339641321,2.26471041750032,835.786236466404
-4.58399083201874,809.878380243239,16.6139667720667,1.17520939320473,810.061743109291
-18.7079625840751,662.578674842651,7.22398555202911,0.624661643635231,662.882096746885
10.5539788920421,676.198647602704,7.06798586402843,0.598863978570246,676.317938483339
-19.6859606280791,760.078479843041,49.7819004361989,3.7472772172864,761.961331156246
-18.6419627160744,752.998494003013,5.12398975202049,0.389879207017626,753.24664620275
-33.6539326921348,759.95848008304,35.6639286721427,2.68685009034647,761.538833181935
-2.6459947080106,362.93927412145,-43.0799138401721,6.76918274925931,365.496644258572
-5.22598954802045,845.278309443382,20.5259589480822,1.39104449623895,845.543639543789
9.70198059603858,758.278483443032,6.79798640402691,0.51364439889806,758.371017048581
-18.0479639040719,739.738520522959,6.77398645202687,0.524658342446276,739.989658467625
-5.28598942802098,779.758440483121,7.28398543202879,0.535203549080103,779.810376715184
-5.06998986001976,756.778486443027,19.9379601240795,1.50915597141705,757.058058932133
-5.28598942802098,683.638632722735,22.1879556240886,1.85892086721009,684.019025473722
-5.05198989601995,763.738472523054,35.1059297881407,2.63179983444853,764.561575885191
9.60598078803842,822.298355403288,30.8699382601234,2.14993373681951,822.933662729893
22.8299543400912,895.618208763584,44.1779116441767,2.82392423062182,896.997698191752
-18.5219629560742,662.998674002649,35.1539296921408,3.03513040750572,664.188304333807
-19.0019619960759,691.078617842766,36.6479267041464,3.0355540932202,692.310480298313
-16.9139661720681,299.9994000012,-25.7459485081029,4.90510520636323,301.576816279587
-4.99799000402049,737.038525922948,5.81398837202356,0.45195749604264,737.078402247374
-46.6499067001868,662.818674362653,-20.5139589720818,1.77271438920949,664.774872713845
-18.9539620920758,704.218591562815,23.6759526480945,1.92556888138446,704.871355720671
-18.9479621040755,614.278771442457,24.2099515800965,2.25697284312282,615.047604717117
-18.749962500075,620.998758002485,25.4579490841015,2.34753566516384,621.803124554672
-4.54199091601888,689.338621322756,36.9119261761473,3.06508247603817,690.341114828512
-18.7619624760754,665.698668602665,7.13398573202875,0.61398895099029,666.001217992684
-19.0559618880762,682.558634882729,7.11598576802851,0.59731305142214,682.861667535896
-4.87199025602007,676.258647482702,21.497957004086,1.82079377127546,676.617806992647
-4.42799114401805,816.598366803267,60.209879580241,4.2169331815499,818.827044845492
-18.6659626680744,741.718516562968,33.1979336041328,2.56274154196729,742.695683823651
-32.9759340481318,661.198677602644,-7.96798406403163,0.690427515916131,662.068419621323
-18.2639634720731,741.778516442967,32.4779350441299,2.50702983534182,742.713778034829
-4.58999082001896,696.778606442787,36.9839260321479,3.0383198040849,697.774537509669
-18.8279623440753,771.778456443087,21.2399575200849,1.57642755230727,772.30020962781
-19.2119615760768,715.498569002859,68.5438629122743,5.47216430112709,719.030988800675
-5.10598978802025,789.658420683159,65.8018683962631,4.76342551925707,792.411748002246
-19.4579610840783,701.098597802805,52.6018947962104,4.2907380042121,703.338336383536
-5.48398903202237,934.498131003737,89.453821092358,5.46791606702975,938.78582067115
-33.773932452135,769.618460763078,50.2618994762009,3.73654105321028,771.99709338803
-4.45799108401831,740.818518362966,45.1319097361806,3.48624647302537,742.205389437748
-18.2579634840738,747.478505042992,46.8659062681872,3.58767275410702,749.168793999209
-4.47599104801813,688.258623482753,51.275897448205,4.2607167783806,690.18054518608
-18.5879628240749,743.038513922973,45.9959080081842,3.54222950832284,744.692801823884
-33.2639334721331,685.618628762744,37.0199259601479,3.09068003294702,687.422627133148
-18.7199625600747,841.078317843366,74.3998512002977,5.05509514145799,844.570015808697
-32.6759346481309,605.638788722422,38.0939238121525,3.59909170224336,607.71474076387
-19.1339617320765,704.398591202818,52.2418955162089,4.24159008253647,706.592314865656
-19.3979612040778,703.138593722812,66.9778660442681,5.44132413934728,706.587713890648
-5.27398945202138,688.798622402753,36.1259277481445,3.00228302963445,689.765496269808
-2.62799474400993,396.419207161584,17.2679654640689,2.49421941306108,396.803826587221
9.68998062003813,710.57857884284,82.4698350603297,6.62013675582371,715.413926429731
-19.6079607840779,793.738412523174,81.0358379283241,5.82935127085916,798.105222805655
-4.54199091601803,680.578638842723,22.2779554440894,1.8748417037662,680.958310492841
9.54598090803789,684.41863116274,36.185927628145,3.02646977279959,685.441033052796
-4.72199055601875,612.898774202454,24.4559510880975,2.28500999602365,613.40467731939
-32.7839344321306,604.078791842415,24.7679504640989,2.34788016787119,605.47454486612
-4.56599086801892,693.058613882772,36.9479261041478,3.05162948233806,694.057807241668
-4.58999082001811,696.178607642785,36.1919276161448,2.9759312147066,697.133830322233
-4.50599098801754,739.498521002961,32.6999346001305,2.53191652845338,740.234862893665
-5.13598972802051,677.27864544271,50.0278999442003,4.22454089716859,679.143234329862
-18.8699622600752,689.338621322759,50.1898996202008,4.164287353837,691.420882203268
-19.1279617440763,704.098591802814,51.8278963442072,4.20988468080774,706.26258341969
-4.46999106001791,678.298643402714,35.4359291281419,2.990548659401,679.238349576357
-18.5279629440744,602.938794122411,51.8998962002077,4.91979144466758,605.451958535304
-19.3739612520769,760.738478523045,33.8879322241359,2.55061729693622,761.739309101599
-4.64399071201841,774.358451283098,49.9259001481995,3.68897578560208,775.980137135545
-5.77798844402308,756.958486083027,46.8479063041873,3.5414994429107,758.428810850862
-18.8759622480754,672.358655282691,6.68398663202693,0.569564482481005,672.656776492764
-5.02198995601968,776.878446243106,65.0878698242604,4.78912913544764,779.616425826497
-4.66199067601908,661.798676402649,-39.5699208601584,3.42172562803141,662.996984067228
-32.6399347201304,741.838516322966,47.2619054761891,3.64533909039515,744.058759338289
-19.0079619840761,697.138605722787,51.7918964162071,4.24881883758184,699.318195632208
-19.1399617200759,710.638578722842,67.1698656602688,5.39957982881455,714.06254526945
-33.4559330881343,757.738484523032,48.983902032196,3.69873137868777,760.056795933277
9.31198137603771,853.318293363412,61.955876088248,4.15272022913698,855.615190005213
-19.3139613720772,692.938614122774,50.9398981202036,4.20441365465868,695.076848461211
9.58798082403775,811.258377483246,43.5659128681744,3.07392519538751,812.483891026196
-18.8519622960754,779.098441803117,93.4798130403739,6.84190344674114,784.912895771576
-18.6839626320743,672.958654082692,34.7999304001391,2.96023340731514,674.116811628578
-5.00998998002009,765.538468923063,48.5579028841943,3.62939395414477,767.093291153806
-4.64399071201926,714.298571402859,52.7758944482109,4.22561619179018,716.260644453335
-4.62599074801859,721.438557122886,69.0838618322761,5.46987859240279,724.75345563827
-4.72199055601875,765.238469523062,19.97396005208,1.49517289899801,765.513665137972
-47.3339053321892,778.198443603111,65.0998698002605,4.78192077114387,782.349863723585
-18.1499637000731,768.118463763074,49.5119009761978,3.68810793595276,769.926505514867
-18.9539620920758,693.958612082774,51.8158963682072,4.27018736671432,696.148472008148
-47.8919042161912,685.618628762744,6.59998680002679,0.551530679978408,687.320957356691
23.0219539560924,771.898456203088,62.0278759442485,4.59427703685341,774.728787671416
8.99998200003549,769.498461003077,62.7538744922508,4.66224832476728,772.10551735232
24.4439511120975,785.098429803139,63.5878728242541,4.63047836757618,788.048519315682
9.44998110003773,770.158459683078,91.0738178523646,6.74409807826946,775.582229981069
-4.7339905320192,621.538756922485,39.3119213761573,3.61909981193477,622.798734893858
9.49198101603759,789.358421283158,79.2358415283169,5.73215225779598,793.382085465098
-19.0439619120757,635.098729802539,70.06185987628,6.29521437186337,639.235272252268
-5.2799894400216,744.478511042975,45.1259097481809,3.46868933361978,745.863579633604
-33.0839338321324,606.298787402423,66.1198677602643,6.22379147182534,610.790146610186
-4.79399041201888,696.418607162787,79.9678400643202,6.55042808596,701.011208320652
-4.87199025601922,761.338477323047,75.8698482603034,5.69092145839731,765.124987970378
-7.50598498803022,1197.59760480479,158.429683140634,7.53587723345578,1208.05477001039
9.91198017603957,783.718432563132,92.51381497237,6.73230845432894,789.222170780171
-18.9359621280759,699.118601762796,65.3818692362616,5.34278572607705,702.424500439236
-5.33398933202106,775.858448283103,91.1938176123648,6.70374388602369,781.217700506828
9.73198053603884,721.018557962884,97.6978046043906,7.71656464293841,727.672545446472
10.0979798040405,719.458561082877,68.2618634762732,5.41996963194674,722.760176211183
-4.59599080801833,734.938530122938,99.8758002483995,7.73890536593563,741.708124309037
-18.8819622360756,725.3985492029,83.2858334283332,6.5496723695052,730.40818295896
-18.8639622720758,786.238427523144,109.235781528437,7.90973647140591,794.014590516319
8.89198221603573,864.718270563458,76.8358463283078,5.07776713708277,868.170779325689
-4.35599128801708,678.478643042714,62.993874012252,5.304463724292,681.410648499313
8.96398207203585,760.738478523045,60.533878932242,4.54958347654934,763.195739098908
-19.8239603520791,779.99844000312,78.4258431483136,5.7415739446987,784.181846694289
-18.9119621760751,628.558742882514,69.1978616042765,6.28237806410501,632.638996283031
-19.1219617560769,687.778624442753,63.983872032256,5.31491444681798,691.013040066543
9.77998044003892,839.158321683356,87.9478241043515,5.98303082161335,843.811090607681
8.91598216803578,744.838510322982,59.0938818122366,4.53622182172638,747.232218300187
-18.9899620200754,680.158639682718,63.3898732202536,5.32450916018218,683.370082619549
9.74998050003866,749.758500482998,60.8578782842434,4.64052333738268,752.287546431233
-4.60799078401792,717.118565762868,67.4038651922694,5.36960569847431,720.294073267104
-5.00998998002009,793.678412643175,94.4638110723781,6.78742892009557,799.295899087258
-4.54199091601803,698.518602962794,50.6278987442026,4.14548936809421,700.365656280937
-4.77599044801906,677.338645322709,49.6979006041991,4.196403996853,679.176215614789
-19.4519610960781,771.418457163087,49.4279011441976,3.66616073055623,773.245066103808
-19.1819616360766,624.358751282498,68.3038633922735,6.2432405740592,628.37665114926
-4.94999010002041,838.678322643355,73.451853096294,5.00522089958895,841.903204648338
-32.39993520013,673.618652762696,49.3679012641975,4.19157705161519,676.201918679646
-19.84796030408,860.878278243444,90.6718186563624,6.01249815257112,865.867617005095
-18.5879628240749,749.038501922995,60.4138791722418,4.61122298066262,751.700755967181
-4.83599032801958,850.318299363403,117.929764140472,7.89592433702142,858.470748660052
-19.6619606760782,758.758482483036,48.4199031601938,3.65135871076083,760.556056092928
-19.3139613720772,762.89847420305,48.4979030041942,3.63743165731495,764.682390042447
-33.6599326801342,694.918610162779,23.7839524320951,1.96021283305518,696.139743307256
-17.7179645640707,680.878638242724,35.9939280121439,3.02606391728654,682.059534892156
-18.6659626680753,782.398435203127,63.9238721522555,4.67083117297767,785.227349881273
-5.07598984801999,784.978430043138,65.2318695362611,4.75037636276782,787.700512954716
9.3359813280369,757.49848500303,33.8339323321351,2.55743606157625,758.311183028642
-18.9059621880757,617.45876508247,40.0919198161603,3.7150298967267,619.047755846002
-5.18398963202144,690.538618922763,65.9458681082638,5.45515594799092,693.699730065404
-4.94999010001956,702.838594322811,51.8518962962072,4.21935054906243,704.766068437725
-4.93799012401997,709.198581602836,67.1578656842688,5.40951759398355,712.388370776226
9.37798124403761,767.338465323069,47.7119045761909,3.55798135754321,768.877553798304
8.5379829240345,759.118481763039,47.2199055601888,3.55941791211299,760.63360824233
8.96998206003608,767.878464243072,48.5699028601943,3.61925516348114,769.465289594212
9.827980344039,776.158447683103,49.0799018401962,3.61824586874909,777.770764346495
-19.5059609880775,774.9584500831,48.9959020081956,3.61764800932615,776.750719525167
-4.95599008801978,850.738298523401,90.0958198083606,6.04526748014815,855.510064908172
9.41998116003747,774.418451163097,63.3598732802537,4.67729759688965,777.063155148277
-5.64598870802328,753.958492083014,76.5358469283064,5.79635465733656,757.854221362933
9.74398051203929,837.53832492335,74.4358511282978,5.07879337913696,840.896002371771
-4.90799018401885,749.038501922998,46.757906484187,3.57199125952432,750.512536570496
-8.09998380003271,1077.59784480431,99.7498005003991,5.28861681767352,1082.23507038181
-19.0379619240755,778.378443243111,64.2658714682572,4.71985119604301,781.258950115367
-18.5039629920744,706.138587722825,37.8359243281514,3.06705763037383,707.393567179801
-5.07598984801999,785.758428483143,66.1618676762646,4.81302501008643,788.555303285475
-4.68599062801912,712.13857572285,38.2019235961531,3.07062856124138,713.177885598805
8.68198263603474,811.918376163247,16.4699670600657,1.1620998181416,812.131815771932
-5.43598912802144,759.41848116304,33.9059321881357,2.55640017112763,760.194443380985
-18.7019625960749,689.218621562758,22.6439547120907,1.88174910493627,689.844055130445
9.26998146003701,847.138305723387,47.735904528191,3.22518351571818,848.532826802408
-4.94999010001956,746.938506122989,33.0299339401321,2.53199386253896,747.684833915549
-33.0899338201326,684.77863044274,51.3478973042055,4.28827970332514,687.4978712613
-19.4699610600779,747.358505282991,47.5979048041905,3.64414227004422,749.125740676594
-18.7439625120748,670.798658402684,20.6039587920826,1.75931901933096,671.376719408262
8.87398225203592,851.038297923402,76.0798478403044,5.10846271861892,854.478247435694
-4.87199025601922,691.858616282768,50.975898048204,4.21391841657245,693.751124968877
22.427955144089,752.398495203007,62.5258749482504,4.75048259979494,755.325091463099
22.0139559720881,816.058367883264,58.811882376235,4.1220788305627,818.470959508323
8.4299831400339,676.138647722705,34.6079307841388,2.93010828266917,677.076247134094
8.37598324803359,843.778312443374,60.8578782842434,4.12533950187379,846.011630531413
9.23998152003674,701.098597802801,51.4378971242059,4.1961336368764,703.043724358667
9.0419819160362,793.858412283175,51.8158963682072,3.73445294004812,795.599034254174
8.74798250403464,663.838672322653,20.0939598120802,1.73377616078261,664.200329185347
9.02398195203638,785.21842956314,51.2638974722054,3.73532055491283,786.941803159494
-5.39998920002181,698.158603682791,23.1659536680926,1.90046295985174,698.563710186134
-5.99398801202429,772.738454523089,20.5739588520823,1.52512480788428,773.035532672249
9.23398153203652,703.858592282815,22.721954556091,1.848979548745,704.285788273574
8.20198359603309,795.958408083185,66.3178673642653,4.76278384801253,798.758486317968
-5.8379883240236,765.898468203066,49.3859012281973,3.68938173607424,767.511246134932
-4.96799006401938,768.778462443074,64.1338717322565,4.76874863253713,771.464943302665
8.11798376403252,744.118511762976,47.54990490019,3.65628546718892,745.680397130537
-19.1459617080761,751.858496283008,48.8819022361952,3.71983629330204,753.68906496572
-4.9199901600193,813.778372443255,45.3299093401812,3.18825289032851,815.054750578362
23.6879526240941,847.31830536339,61.5058769882457,4.15175395582836,849.877875113538
-5.68198863602292,686.638626722744,21.7259565480868,1.81229310809782,687.005753899111
8.4959830080338,744.838510322979,32.1839356321288,2.47417034361349,745.581916291027
9.5879808240386,696.118607762786,22.3439553120893,1.83844381725581,696.543105477953
-5.92198815602332,678.358643282713,36.4619270761459,3.0767001467183,679.363666224643
7.93198413603157,848.878302243394,61.8958762082479,4.17033581667592,851.16883629721
-5.88598822802368,750.898498203006,5.32798934402126,0.406534545659903,750.940468300518
-5.77798844402308,758.158483683031,49.3259013481972,3.72242555125672,759.783334954659
-5.88598822802368,758.03848392303,21.2399575200849,1.60498658104205,758.358835750729
-5.10598978802025,772.618454763091,36.4139271721458,2.69838440929766,773.492935885209
-4.93799012401997,668.758662482676,-7.39798520402962,0.633795214662014,668.817809703929
-4.67399065201867,768.598462803075,35.6339287321424,2.65445857300925,769.438249691781
-5.00398999201986,756.118487763026,34.3859312281373,2.60384086329108,756.916507759814
-5.47798904402215,758.218483563033,21.2699574600852,1.60687096441563,758.536543793999
-5.04598990802057,743.878512242974,5.57998884002253,0.42977960609281,743.916553967195
-5.48398903202152,741.598516802964,-8.7179825640348,0.673518875295884,741.670032750445
-6.60598678802659,743.278513442972,5.45998908002191,0.420876828861325,743.327921639024
22.0199559600875,811.258377483246,17.7779644440712,1.25538219770761,811.751864498633
8.53198293603343,748.378503242994,48.3959032081938,3.70003326551185,749.990228133929
-6.41398717202627,715.078569842862,-9.54598090803832,0.764827745433782,715.171046695441
-5.39998920002095,811.558376883247,30.9419381161239,2.18343404581719,812.165969803656
-5.171989656021,661.018677962644,7.45198509602992,0.645895831145348,661.080913485146
-5.87398825202324,763.438473123057,35.0519298961404,2.62878843285871,764.265296720905
-6.56998686002696,738.538522922956,4.3019913960172,0.333744490079311,738.580274376816
-4.73999052001857,642.598714802569,84.8458303083392,7.52156840476693,648.193173904782
-4.93799012401997,732.53853492293,112.49977500045,8.73099783863198,741.143230602999
8.46598306803438,865.918268163461,117.707764584471,7.74099966089434,873.922901549095
-5.28598942802098,724.618550762898,112.085775828448,8.7929649577422,733.255212689976
-4.6019907960177,630.778738442522,96.5278069443858,8.70045232581293,638.138396199381
10.06197987604,707.518584962829,93.8038123923753,7.55230976070247,713.780741352814
9.64798070403913,699.9586000828,93.1018137963722,7.57646632534399,706.189119920233
-4.73999052001857,643.318713362572,84.9538300923399,7.52270063973195,648.921095141746
8.85598228803525,838.918322163357,87.9058241883516,5.98189272976324,843.557830625679
9.49198101603759,786.898426203145,92.0938158123684,6.67518427359054,792.326007256784
-19.7099605800792,851.578296843405,89.465821068358,5.9974269856575,856.491804596062
9.65398069203935,702.418595162809,80.6038387923222,6.54616408067511,707.094096285463
8.57398285203414,765.778468443065,62.735874528251,4.68345820918647,768.391804918414
8.99398201203612,770.03845992308,62.8438743122512,4.66564558152706,772.650939306823
-4.64399071201841,714.298571402859,52.4158951682099,4.19689541557428,716.234208778234
9.07198185603646,793.918412163177,80.2498395003209,5.77189380034405,798.015527898
-19.3799612400771,691.198617602764,37.0079259841483,3.06478514672589,692.459889422692
-4.94999010001956,702.838594322811,51.8518962962072,4.21935054906243,704.766068437725
9.48598102803822,789.658420683159,79.283841432317,5.73343707168889,793.6852856795
-5.36398927202132,693.778612442774,22.0319559360879,1.81890012009356,694.149078041815
8.40598318803301,850.498299003403,75.557848884302,5.07680060724626,853.889340423607
-5.02798994401991,759.298481403039,34.2719314561369,2.58436597316896,760.088172404737
-19.2599614800769,765.778468443062,63.1798736402526,4.71645532447609,768.621691913788
-4.91399017201993,705.298589402821,66.311867376265,5.37113509679369,708.426080313216
-5.47198905602192,780.598438803125,64.7098705802587,4.73885702189105,783.295112123534
-4.92599014801952,743.278513442972,32.6879346241309,2.51813369273816,744.013249206574
-4.80599038801847,674.278651442697,34.6619306761387,2.94275331903039,675.186083071318
-18.6959626080747,673.258653482693,35.1839296321406,2.99150782519606,674.436551805677
-4.95599008802064,696.358607282789,36.9119261761473,3.034241433931,697.353828460568
9.34798130403735,755.278489443023,47.2079055841888,3.57656107036048,756.810126596784
-4.49999100001817,701.518596962803,66.5938668122666,5.4227329310845,704.686692722851
-7.29598540802923,1247.45750508499,125.435749128501,5.74196930492656,1253.76935101931
-7.12198575602788,956.278087443828,106.067787864424,6.32922263328111,962.168841123421
-4.19999160001639,684.058631882737,21.9179561640875,1.83518903315578,684.422565806485
-4.54199091601888,689.278621442757,36.2159275681449,3.00765674828613,690.244334325991
-5.38798922402136,704.098591802817,37.7099245801506,3.06570306347083,705.128283235348
-4.2959914080174,761.698476603046,20.0699598600802,1.50933476015535,761.974952403532
-4.61999076001837,780.53843892312,64.7038705922589,4.73878221231338,783.229334116632
-5.03398993202013,714.77857044286,53.5918928162144,4.28783810740703,716.802508920413
-19.4879610240786,713.878572242854,83.267833464333,6.6529997672234,718.982564894459
-18.9539620920758,688.07862384275,37.0559258881484,3.08264067356281,689.336338017769
-19.3979612040769,697.67860464279,52.9378941242114,4.33912837432379,699.95295335436
-32.9879340241314,681.178637642725,50.9338981322038,4.27623041328834,683.876306177456
-18.3179633640734,592.918814162372,8.41198317603365,0.812824265718063,593.261350022463
-18.9419621160753,687.118625762748,36.5639268721459,3.04603100237529,688.351454234831
23.9099521800955,739.858520282961,3.91799216401528,0.303412491190597,740.255136092377
8.6039827920344,772.31845536309,77.8858442283114,5.75862674592668,776.283472544323
9.76198047603911,658.318683362632,5.60998878002237,0.488245143331037,658.414958139042
-18.9539620920758,699.7786004428,66.5818668362666,5.43516215372152,703.194487541017
8.13598372803234,753.658492683013,61.6978766042469,4.68005410830366,756.223476098122
-5.00398999201986,754.918490163019,33.8219323561355,2.56525570892562,755.692324834754
-5.56798886402209,786.478427043146,50.8138983722031,3.69670776975215,788.137913675032
9.1079817840361,665.878668242661,7.52998494003026,0.647892759370157,665.983525941892
-4.72199055601875,776.218447563106,35.5919288161426,2.62534332813197,777.048364600906
-19.7459605080796,685.678628642743,22.9919540160921,1.92050397612026,686.348100225576
-4.63199073601882,792.53841492317,81.1258377483245,5.84455573726061,796.693163029204
-5.19598960802104,678.598642802715,36.161927676145,3.05035672339552,679.581342691916
9.67798064403939,711.718576562848,67.6738646522705,5.43164732266251,714.994228991372
-4.49999100001817,692.218615562771,51.3958972082056,4.24630958276972,694.138602802406
-4.95599008801978,720.478559042881,84.7678304643393,6.71027975585564,725.465023939741
23.0999538000927,737.878524242952,18.1019637960726,1.40532363771068,738.461918786471
9.34198131603713,761.938476123049,34.295931408137,2.57722472374885,762.767149871292
-5.47198905602192,780.598438803125,64.7098705802587,4.73885702189105,783.295112123534
-4.98599002802005,761.518476963047,48.5099029801938,3.64490475581691,763.078280086536
-4.72199055601875,775.618448763104,35.495929008142,2.62029463386372,776.444612469328
-5.23198953602152,682.618634762728,36.9299261401476,3.09670448390103,683.636887305353
-18.8519622960754,760.078479843041,49.0139019721959,3.68962792039818,761.890447892255
-4.51799096401799,685.918628162741,36.2339275321447,3.02386197847726,686.889855950292
-18.8159623680749,680.458639082722,35.9159281681439,3.02137878454889,681.665573311669
9.4139811720381,776.458447083104,49.5119009761982,3.64860134970124,778.09239260289
-16.3679672640657,218.519562960874,-38.3759232481532,9.96058698037835,222.466674434885
-4.53599092801866,671.098657802685,7.6199847600302,0.650536550131135,671.157245275656
-4.24799150401732,681.478637042726,7.4459851080297,0.626001347569333,681.532553053527
-18.7619624760754,615.778768442465,10.9079781840438,1.01483809828448,616.161088424558
-4.63199073601882,740.818518362962,6.46798706402572,0.500229051452542,740.8612335278
9.28798142403682,856.318287363425,48.2759034481931,3.22669825919901,857.728301226969
10.109979780041,761.458477083044,5.90998818002372,0.444686861795878,761.548522402263
-4.22399155201728,736.678526642948,5.06998986002019,0.394316414058289,736.708082294905
-18.8819622360756,824.038351923295,17.6879646240709,1.22966378326385,824.444417793515
-32.0279359441281,657.71868456263,6.84598630802742,0.596352159020054,658.533616630288
-18.0539638920721,665.998668002665,6.87598624802768,0.591519193698642,666.27880844315
-4.17599164801635,690.118619762761,37.3739252521496,3.09987059911419,691.142502338162
-19.193961612077,680.938638122723,37.0079259841479,3.11087348172829,682.213620236684
-4.60799078401878,691.078617842766,22.5299549400903,1.86724673743769,691.46112579677
-18.5819628360739,666.778666442667,35.5619288761423,3.052916788925,667.984827785253
9.90598018803935,794.578410843178,52.7338945322106,3.79698866676868,796.387997808914
-5.06398987202039,775.618448763104,51.695896608207,3.81319230443912,777.355830865913
-5.11198977602047,772.978454043091,36.8519262961472,2.72952276865421,773.873301856353
-33.5579328841338,623.938752122496,11.261977476045,1.0340657879011,624.942024028073
9.3359813280369,764.098471803057,20.753958492083,1.5558491268507,764.437284512089
-32.7359345281314,613.678772642452,24.7799504400989,2.31231019197507,615.050667299199
-18.8279623440753,696.65860668279,23.3279533440935,1.91786052757233,697.303305483675
-5.08198983602021,768.178463643073,35.951928096144,2.67957490422891,769.036097826074
-4.3619912760173,690.058619882762,-6.91798616402796,0.574383277324839,690.107081817714
-33.2759334481327,686.158627682743,37.4579250841497,3.1247189097792,687.985498569498
-32.9099341801319,686.458627082744,37.4939250121498,3.1263518665949,688.269064303259
-32.6879346241305,678.898642202715,36.0239279521441,3.03739765337075,680.639104694833
-4.44599110801787,674.9986500027,35.4539290921417,3.0066660717089,675.943729485281
-18.5339629320738,739.858520282957,46.4279071441858,3.59074005299385,741.545472900377
-19.0619618760764,694.798610402778,36.6719266561469,3.02130534551398,696.026793746383
-19.0559618880762,747.178505642991,46.8179063641871,3.58544311497645,748.886350079034
-18.2099635800728,666.058667882664,34.4459311081379,2.96047462991175,667.197327636377
-19.4579610840775,771.898456203088,50.2798994402012,3.72686581372084,773.778978278666
-4.86599026801985,752.098495803006,62.5318749362502,4.75282275851342,754.709255696176
-5.27398945202138,695.458609082782,52.0918958162085,4.28362337722262,697.426739895901
-19.193961612077,749.698500602999,33.9899320201358,2.59590610639689,750.714037065702
8.50798298403339,749.158501683,32.9879340241322,2.52129454140491,749.932697119917
-6.31198737602503,780.298439403121,65.0578698842602,4.76604809136918,783.031303431388
-19.3259613480777,751.498497003008,20.1779596440808,1.53803929476154,752.017708458521
-5.92798814402354,785.39842920314,66.1078677842643,4.81130913947373,788.197997854078
9.14998170003595,677.998644002713,21.0539578920844,1.77863985453691,678.387170115672
9.03598192803598,789.538420923158,51.3358973282055,3.72014295727283,791.257190449306
-5.35798928402195,706.858586282828,52.6798946402107,4.26219055414,708.839149843058
-5.92798814402354,678.658642682713,36.5039269921462,3.07887833707914,679.665528783994
7.82998434003119,811.618376763246,16.4159671680653,1.15871871810019,811.822137005782
-5.99398801202429,772.018455963086,18.9539620920758,1.40639632096205,772.274353399686
-5.62198875602239,743.818512362975,61.1458777082443,4.69945402349127,746.348715046896
8.7779824440349,672.598654802693,34.2539314921367,2.91542596294599,673.527531167693
9.79198041603937,768.058463883072,48.2219035561928,3.59255176213783,769.633054647131
-4.84799030402003,687.478625042752,50.1058997882007,4.16855052327285,689.319203340691
-5.05798988402017,791.758416483165,80.5798388403221,5.81117000850008,795.864362665604
-5.23198953602152,595.978808042384,22.7879544240913,2.18970517276198,596.437259246067
8.41798316403345,669.238661522677,34.5899308201381,2.95872790308,670.184834080387
-5.68798862402229,739.378521242956,32.3039353921294,2.50169940738804,740.105732400328
9.23398153203737,695.518608962785,64.9018701962595,5.33108087635302,698.60121284137
8.4959830080338,699.718600562801,66.161867676265,5.40154087198744,702.890954868
8.36998326003337,839.81832036336,60.8758782482436,4.14594567993094,842.063382644207
8.78998242003535,672.598654802689,34.9199301601397,2.97200988813086,673.56188710149
-5.00998998002009,765.898468203066,49.3919012161976,3.68982872794908,767.50578076074
-5.37598924802176,834.658330683339,73.8598522802955,5.05699537194869,837.937174266878
-5.18398963202144,669.23866152268,20.8619582760832,1.78548443677282,669.583811877413
-4.90199019601948,711.838576322849,81.6718366563269,6.5451342911141,716.525280190476
-5.69998860002273,754.798490403022,60.8518782962431,4.60921880537101,757.268910016053
-5.171989656021,674.398651202698,34.6799306401385,2.94375583319717,675.309549621672
-5.48998902002174,852.298295403412,75.5338489323024,5.06453378222153,855.656406895624
-4.62599074801859,792.178415643167,80.6458387083224,5.8128347350071,796.28625085599
-5.62798874402261,711.058577882844,97.955804088392,7.8437260874485,717.796151419523
-4.76999046001883,676.798646402706,49.6019007961986,4.19165665860703,678.630613179305
9.49198101603759,783.658432683137,93.3538132923735,6.79338240552512,789.256340662035
9.0419819160362,780.898438203126,78.5758428483145,5.74589643640853,784.893808934925
-5.77198845602285,756.418487163024,46.7519064961868,3.53677735373778,757.883885785786
-19.8599602800796,712.738574522849,81.5698368603261,6.52884767323391,717.66589156836
-5.31598936802209,631.918736162527,98.4598030803937,8.85609639696116,639.565384991117
-5.82598834802316,778.498443003115,78.8758422483154,5.78534690577465,782.50569735235
8.9879820240359,769.138461723078,61.9018761962477,4.60136666565012,771.677782108065
-4.54799090401825,768.238463523075,63.2578734842533,4.70719861280713,770.851853221686
23.033953932092,772.558454883092,62.9338741322519,4.6571244338468,775.459735742863
-5.60998878002194,808.918382163234,82.3498353003295,5.81282240597754,813.118636085588
-4.94399011201934,726.658546682906,98.6638026723945,7.73218732408771,733.342779648998
-5.89198821602391,772.858454283093,48.515902968194,3.59200798031857,774.402155680631
-5.65198869602265,740.698518602961,45.4799090401821,3.5136285821694,742.114992816574
9.7079805840388,718.198563602871,82.3498353003291,6.54106290720101,722.969513203868
9.50398099203804,787.978424043151,93.9418121163758,6.79864311455475,793.615389515559
-19.1279617440771,688.078623842753,64.3858712282578,5.34579583266661,691.349124483167
23.4959530080938,778.858442283115,77.3098453803092,5.668636945399,783.038533608766
8.17198365603283,772.378455243089,77.5018449963104,5.72998231793911,776.300067897979
9.30598138803749,750.838498323004,45.185909628181,3.44394062143562,752.254490370423
-4.90199019601948,711.838576322846,82.0498359003282,6.57516227820518,716.568464154325
-5.25598948802071,685.318629362743,35.4539290921417,2.96147092457126,686.255222395573
9.95398009204028,798.658402683193,80.4298391403217,5.75065102048784,802.759792790023
-5.42398915202099,850.498299003403,90.0658198683603,6.04496214341119,855.271084612687
-34.2899314201372,704.99859000282,67.0498659002682,5.43285321572105,709.009517439651
-19.7099605800792,778.378443243114,92.9638140723718,6.81072696528791,784.157990572388
-4.81799036401891,753.178493643013,74.8378503242991,5.67443791292355,756.902741545218
-5.63398873202284,766.078467843066,105.263789472421,7.8237914213018,773.297113725317
-5.20798958402148,693.718612562776,65.5978688042624,5.40181344906265,696.832631959204
-19.1579616840765,700.4385991228,95.0038099923799,7.72416195886023,707.111718577813
-19.5959608080783,760.858478283043,61.7758764482472,4.64179611714743,763.613701138297
-5.01598996802031,727.49854500291,82.9918340163321,6.50807358918418,732.2342095601
-4.94999010001956,774.178451643098,77.5018449963099,5.71674822072903,778.063823454302
-4.94999010002041,702.478595042812,51.0838978322042,4.1591997497337,704.350937752655
-18.7799624400753,767.698464603072,76.8838462323078,5.71901694009643,771.767287046191
-4.94999010001956,774.178451643098,77.5018449963099,5.71674822072903,778.063823454302
-33.959932080136,624.898750202498,39.8219203561592,3.64626583716362,627.086525395326
9.38998122003721,862.798274403451,91.4698170603657,6.05162485617071,867.684136938058
8.9879820240359,769.37846124308,61.9498761002477,4.60348903340095,771.920842829412
-19.5659608680789,724.198551602896,98.477803044394,7.74368517839301,731.125328969579
-3.94199211601532,619.858760282481,67.2178655642689,6.18900561557068,623.505143083674
-5.4899890200226,790.79841840316,79.1878416243168,5.71834047504788,794.772289897866
-5.35198929602173,713.158573682851,67.3018653962695,5.39112375788055,716.347217550679
9.1619816760364,677.93864412271,48.1019037961926,4.05851630428986,679.704744909133
-5.38198923602199,791.818416363167,108.605782788434,7.80995432291383,799.250014923428
-5.12998974002029,675.718648562703,47.7179045641911,4.03940797936183,677.420849417949
-5.66998866002247,756.958486083027,75.3118493763014,5.68181376439152,760.716881028015
-5.17798964402122,695.698608602785,79.1158417683163,6.48788554805415,700.201886606508
-33.0539338921321,591.418817162367,49.7939004121993,4.81260918263375,594.43099881966
-5.67598864802269,750.478499043001,59.9518800962395,4.56736689529819,752.890710727687
8.57998284003436,763.498473003055,75.9478481043041,5.68072274895918,767.314544378775
-17.9399641200713,403.379193241614,47.9759040481922,6.782612022648,406.618129480384
8.8439823120348,688.138623722756,64.7098705802587,5.37207396197889,691.231038678601
22.8479543040919,858.058283883432,75.3838492323015,5.02077235969552,861.666276630309
9.29398141203705,713.758572482856,81.3658372683258,6.50343286451113,718.441422356498
8.59198281603481,772.558454883089,77.5198449603102,5.72997780057587,776.485489074153
9.7079805840388,717.53856492287,82.2538354923289,6.53946113879325,722.302935403001
-19.9679600640794,633.958732082538,84.1138317723368,7.55787746459716,639.826171790623
-5.171989656021,695.938608122783,79.5238409523182,6.51882654371025,700.486500250139
-5.40598918802118,778.258443483113,78.4318431363138,5.75476193811891,782.219268229579
9.34198131603713,724.618550762898,97.8238043523914,7.68847106635525,731.251539090761
-5.45998908002148,793.798412403176,94.0618118763764,6.75779989648459,799.370599576957
-19.6679606640785,764.878470243062,62.2498755002487,4.65278049357496,767.659397075192
9.17998164003707,681.95863608273,49.2599014801969,4.13146915555422,683.797039540658
7.95598408803247,847.85830428339,89.0578218843565,5.9962786091064,852.559849784108
8.89198221603573,852.838294323411,89.7058205883589,6.00457851382059,857.589271073062
8.57998284003436,767.63846472307,76.0678478643043,5.65915422562389,771.445880218848
9.4139811720381,763.798472403056,76.3918472163057,5.71148439290137,767.666883360139
8.61598276803399,780.418439163122,78.0958438083124,5.71451835432589,784.363522969417
9.08398183203606,790.13841972316,107.777784444431,7.76741818888291,797.506922771387
-5.14798970402096,664.858670282661,19.751960496079,1.70167173065259,665.171927543142
8.9879820240359,766.318467363065,63.203873592253,4.7149290733487,768.973020904899
7.93198413603157,853.498293003412,62.4238751522496,4.18309859564763,855.814812165048
-4.95599008801978,748.198503602991,33.9659320681358,2.59926917511587,748.985478612746
-6.17998764002524,745.258509482981,19.2959614080774,1.48315005398616,745.533884092928
-5.39398921202158,828.658342683313,60.2698794602411,4.15990490396443,830.864731703318
7.88998422003172,824.878350243299,46.2419075161848,3.20858940906825,826.211146476392
9.30598138803749,755.278489443023,19.1759616480768,1.45438496856763,755.579192017658
-5.4659890680217,763.498473003055,34.6919306161389,2.60162268702245,764.305780015017
8.47798304403398,740.398519202963,19.3679612640771,1.49844900535521,740.700318184057
-5.08198983602021,767.758464483071,35.1239297521405,2.61937940963269,768.578282836127
8.29198341603303,833.338333323334,17.8859642280714,1.22955215762381,833.571498128056
-20.1839596320806,749.338501322996,6.27598744802497,0.479862151473006,749.636558480088
-19.7459605080788,694.918610162779,-6.01198797602411,0.495673794034863,695.225087080709
8.35198329603355,838.438323123353,47.6879046241905,3.25530805599032,839.834932325587
22.9199541600911,816.058367883264,30.803938392123,2.16173032426857,816.961117013205
8.89798220403511,751.198497603007,19.169961660077,1.46182342754012,751.495738057354
-4.49999100001817,691.618616762766,51.6538966922067,4.27123537303228,693.559432215676
-5.63998872002306,753.958492083014,76.5418469163058,5.79680596515873,757.854782650485
-5.30998938002102,766.078467843066,77.6938446123107,5.79100048252384,770.026459526319
9.67798064403854,705.118589762821,95.3818092363816,7.70367351739323,711.606336728153
23.8139523720945,861.178277643445,91.0678178643643,6.03647542166612,866.307380589066
-7.24798550402915,1249.377501245,139.715720568559,6.38077744241916,1257.18620597151
8.27398345203321,809.878380243239,30.9239381521237,2.18668735017993,810.51078927946
-5.29798940402142,677.998644002713,8.14198371603256,0.688023323878254,678.068228027294
22.3259553480895,740.03851992296,32.6159347681303,2.52358056217204,741.093285931515
-6.52198695602602,749.338501322999,47.5679048641903,3.63225446776412,750.875110422514
8.29198341603303,822.118355763288,30.8399383201235,2.14831617390446,822.738384705304
-5.89198821602305,663.598672802655,6.9479861040278,0.599874216687849,663.661200147699
-18.9479621040755,676.258647482706,7.65598468803069,0.648622939334782,676.567363730013
9.23998152003674,699.298601402799,38.069923860152,3.1161150729971,700.395053013026
-5.33398933202106,703.678592642815,53.057893884212,4.31198551349574,705.696218843062
