8.06998386003244,754.498491003021,-25.5539488921021,1.93979708455615,754.974239209072
35.7779284441431,894.838210323579,-30.0179399641202,1.92130436933892,896.056114056787
35.5559288881416,722.398555202891,-69.2038615922771,5.47208481957171,726.576266538899
-5.74798850402281,662.698674602652,-53.4058931882139,4.6074239187563,664.87198927251
5.70598858802296,788.578422843156,-53.9638920722159,3.91475382722759,790.443286344535
20.4659590680817,889.618220763558,-14.6819706360588,0.945505129003023,889.974715627839
-4.90799018401885,585.598828802342,-79.4698410603179,7.72822525982054,590.986913814911
-19.8059603880785,756.238487523024,-39.0839218321565,2.95852857177314,757.506751800792
-43.9799120401762,747.838504322991,-37.5059249881502,2.87111749170665,750.068900582025
23.6699526600951,670.678658642683,-68.8498623002755,5.86128103266036,674.618731845215
-45.9299081401839,698.878602242794,-51.0358979282041,4.1766341774243,702.243205742814
-74.7598504802996,619.138761722478,-33.1079337841324,3.060929133559,624.514192625383
-47.3999052001891,796.258407483186,-55.4038891922217,3.9802417667131,799.589765716314
-19.2059615880766,673.258653482693,-38.8559222881552,3.30305967333966,674.652403943479
-32.3639352721295,671.638656722688,-23.4719530560938,2.0015178437701,672.827498019234
-27.5699448601106,737.45852508295,-39.4079211841579,3.05883241118891,739.025143232059
-30.5399389201222,626.938746122509,-36.7859264281469,3.35800673938735,628.759161875264
-13.8359723280551,909.95818008364,-56.5798868402262,3.55798836105933,911.820490681277
-29.1899416201172,800.2183995632,-9.7079805840388,0.695059036154681,800.809455849702
-30.2519394961208,719.338561322876,-22.8059543880912,1.81590069622819,720.335517106365
-43.4159131681731,782.998434003133,-8.08198383603204,0.59137681488685,784.242824404732
38.0759238481527,665.758668482663,-42.1439157121684,3.62210968080544,668.176990226582
-67.6198647602702,767.518464963072,-45.6179087641821,3.40140666764444,771.840679006675
-33.3599332801333,706.018587962824,-29.1359417281169,2.36313862074905,707.406555523667
-3.23999352001308,702.058595882806,-43.5359129281741,3.5484702202033,703.414632578422
-26.879946240108,635.21872956254,-56.0098879802242,5.0389762859536,638.24953854153
-36.1799276401452,729.238541522917,-29.777940444119,2.33833356268017,730.742474024612
-39.5999208001582,774.238451523097,-32.003935992128,2.36703193627696,775.910810250282
-41.0999178001645,785.098429803139,-80.1898396203208,5.83195798390836,790.252591328157
-82.0798358403289,715.798568402864,-16.3079673840652,1.30513824546873,720.673740176069
-96.5998068003864,703.258593482813,-17.1119657760682,1.39386848647002,710.068300485255
-79.7998404003191,690.238619522759,-45.6179087641825,3.78118238351994,696.332075958459
-92.9398141203713,836.398327203345,-7.20598558802844,0.49361928767229,841.577029763514
-81.2398375203249,689.99862000276,-29.2139415721168,2.42440550932444,695.378645910429
-100.439799120402,761.758476483045,-31.3139373721254,2.35395723039994,768.989396815627
-107.159785680429,842.09831580337,-4.97999004002025,0.338831083885459,848.903759826016
-103.319793360414,780.718438563123,-1.69799660400688,0.124613280323543,787.527233310028
-114.059771880457,713.638572722855,-45.0479099041801,3.61196152348501,724.098721326084
-115.799768400464,718.078563842873,-15.7019685960631,1.25266680655813,727.525231198229
-143.459713080574,665.698668602661,-28.8119423761155,2.47825804397099,681.590444974107
-85.6798286403426,715.498569002863,-44.6219107561783,3.56861691364257,721.990547168393
-133.079733840533,775.198449603098,-17.327965344069,1.28051594589576,786.729375458346
-103.379793240413,767.038465923068,-31.2539374921249,2.33329716767632,774.604543276636
-120.239759520481,766.558466883067,-17.3219653560696,1.29449568966045,776.124689340223
-128.939742120516,741.478517042966,-30.3179393641216,2.34143382026092,753.216453472458
-71.459857080286,764.99847000306,-17.9339641320715,1.34294684008223,768.538091021159
-61.1398777202449,838.018323963351,-20.8679582640839,1.42645913380143,840.504769545124
-44.2799114401771,646.978706042586,-42.8819142361716,3.79203253061197,649.908466784552
-34.0799318401362,707.218585562828,-16.001967996064,1.29618880626748,708.220045253918
12.5399749200504,504.358991282018,-51.8818962362075,5.87318712718798,507.175486607027
-10.5599788800424,633.718732562532,-56.2318875362252,5.07075703697013,636.29629130657
19.0199619600765,877.858244283513,9.97798004403989,0.651211662758531,878.120957553829
19.8599602800788,660.118679762641,-42.1559156881684,3.65401050836853,661.761445402652
29.2799414401171,739.918520162959,-29.3939412121179,2.2749311190468,741.080788599234
-22.49995500009,777.598444803109,-30.5759388481227,2.25176660145304,778.524551553555
-49.0199019601965,778.558442883114,-32.7539344921312,2.4090114786203,780.787435860415
-37.2599254801487,696.058607882784,-18.0359639280723,1.48429086201494,697.288450821696
-88.2598234803524,535.798928402144,-41.6099167801665,4.44065296123365,544.611488395279
-93.2998134003736,698.938602122796,-17.735964528071,1.4536010431818,705.361318159462
-46.4999070001863,674.9386501227,-31.0379379241241,2.63296650401748,677.250157896667
-33.959932080136,689.45862108276,-31.4519370961258,2.61192580267508,691.010630540028
-45.0599098801805,643.378713242571,31.6619366761268,2.81736551108059,645.731401099683
-35.9999280001445,738.898522202956,-110.08777982444,8.47410796437659,747.921346263363
-40.5599188801624,744.898510202981,-19.7459605080792,1.51845559913401,746.263224659083
-53.6398927202149,742.978514042973,-36.1019277961445,2.78186032579936,745.786604606933
-70.2598594802814,774.178451643095,-20.3879592240818,1.50853343768292,777.627411890817
-89.9398201203595,695.57860884278,-17.9999640000718,1.48235129446525,701.600150389767
-42.0599158801678,758.518482963034,-20.3759592480813,1.5387571948328,759.956910117718
-48.7199025601947,700.138599722803,-32.4539350921299,2.65396513691237,702.581629157955
-34.1999316001364,696.418607162784,-46.4279071441858,3.81407483429037,698.80187627524
-43.2599134801724,754.618490763018,-19.1939616120766,1.45702224180144,756.101114189189
-59.8798802402398,750.838498323004,-46.9199061601879,3.57576428475617,754.682402216727
5.17798964402037,678.238643522715,-39.2039215921571,3.30816097231223,679.39047433158
21.7979564040878,758.638482723033,-27.6899446201108,2.09034083162234,759.45653687671
-2.03999592000767,617.698764602472,-51.5338969322065,4.76907654743496,619.848100672893
23.735952528095,683.998632002738,-25.7399485201031,2.15511372280177,684.894202759704
-4.43999112001764,710.03857992284,-25.1099497801005,2.02537563439087,710.496311093836
21.2399575200849,749.458501082999,-13.8419723160553,1.05809252046815,749.887178739995
11.7539764920475,771.958456083087,-13.8539722920557,1.02814980913828,772.172225886057
-46.4999070001855,700.318599362803,-26.4239471521055,2.16082052291348,702.357890927126
5.05198989601995,741.298517402965,-44.3219113561774,3.42161607452812,742.639513042504
4.46999106001791,751.378497243007,-44.99991000018,3.42733913270749,752.738081167188
19.889960220079,475.019049961902,-64.1998716002568,7.69701216139558,479.750280727123
5.04598990801972,778.978442043116,-43.6859126281746,3.20984401821524,780.218773258007
28.157943684112,604.798790402422,-66.5998668002664,6.28403778200778,609.105893028924
1.1039977920044,750.238499523,-25.3439493121016,1.93478386719952,750.667263669052
2.09999580000905,779.878440243121,-26.1839476321051,1.92294886938481,780.32069731105
-7.63798472403002,717.598564802869,-38.4539230921539,3.06737264040594,718.668729818516
25.9679480641039,724.978550042902,-24.4439511120975,1.93109834102117,725.855177769601
13.9799720400553,650.3986992026,-36.6419267161466,3.2245003437084,651.580032180351
15.095969808061,816.418367163264,3.94799210401597,0.277065694527709,816.567465178248
0.203999592000767,645.238709522582,-65.0578698842602,5.75753772757368,648.510262305908
-0.341999316001637,647.098705802587,-50.5498989002023,4.46674653656209,649.070215226161
0.341999316001637,783.658432683135,-11.5319769360461,0.843078939796699,783.743352489176
0.11399977200083,716.878566242868,-38.267923464153,3.05562408851667,717.899244811301
1.58999682000628,852.418295163409,-26.1539476921048,1.75740111074321,852.820911445693
13.5899728200544,789.178421643156,-36.0419279161439,2.61489208929861,790.117895706929
11.9459761080479,739.318521362957,-8.02198395603194,0.621664105788749,739.458541503224
1.16999766000515,745.978508042984,51.6058967882066,3.95734831204578,747.762309788261
10.9919780160439,716.878566242868,-11.039977920044,0.882289096754244,717.047825065811
-10.4999790000418,767.578464843071,-12.8579742840515,0.959691805197535,767.757954535501
21.5039569920862,719.15856168288,-53.6338927322147,4.26514746726081,721.476299997246
-7.60798478403061,719.038561922875,-24.7319505360993,1.96996105072026,719.503998836636
6.52798694402625,717.05856588287,-25.2119495761009,2.01370368809287,717.53135396369
5.71198857602318,778.618442763115,-40.7099185801628,2.99297372311063,779.702894502229
-20.6459587080824,583.07883384233,-49.4219011561974,4.84482387469655,585.533693650332
-7.72798454403081,722.27855544289,-53.4418931162139,4.23164363485251,724.294187010793
-8.11798376403252,727.978544042914,-38.7239225521546,3.04490869272899,729.052950357558
-7.76398447203129,734.098531802937,-23.8739522520955,1.86268560449752,734.527670987448
-8.69398261203434,867.778264443471,-12.8459743080511,0.848104159349531,867.916885784638
-21.8279563440872,716.878566242866,-52.2838954322092,4.17135078658153,719.113999403539
-21.8999562000873,665.278669442659,-51.1318977362043,4.39499091057099,667.600020268923
-22.3019553960895,777.53844492311,-52.4038951922094,3.85574269214708,779.621432991201
-6.7139865720272,575.2188495623,-34.6379307241386,3.44601652991295,576.29991215713
4.57799084401851,931.978136043729,-13.9799720400562,0.85939068273907,932.094224680076
-7.51198497602959,781.318437363125,-38.6999226001546,2.83563201205565,782.312350976957
6.69598660802653,643.018713962571,-66.3058673882652,5.88733487829166,646.462969390238
-8.67598264803452,866.038267923466,-13.9559720880557,0.923226055806703,866.194160301089
-9.11398177203632,857.09828580343,-43.3799132401735,2.89741205226439,858.243760864968
-8.79598240803472,795.418409163182,-12.44997510005,0.896726522781652,795.564464278164
-9.0419819160362,771.418457163086,-53.1118937762123,3.9385791199675,773.29752796019
6.1019877960249,812.758374483251,-26.0339479321042,1.83464797216321,813.198116077903
6.89998620002729,739.678520642961,-24.6119507760986,1.90574795908171,740.120038798521
-8.6699826600343,776.458447083106,-39.7679204641589,2.9319595922619,777.524518034047
-7.83598432803141,740.518518962965,-24.9959500080997,1.93326547675564,740.981698218181
6.9539860920276,791.038417923164,-0.377999244001271,0.027378897410328,791.069073745383
-34.631930736138,650.2186995626,-36.2339275321447,3.1895516961597,652.147702128741
6.88198623602748,706.678586642828,-53.0098939802119,4.28987894317671,708.697421622127
-7.6739846520305,720.658558682884,-39.0299219401562,3.10003563557647,721.755487024509
-35.1359297281405,723.418553162895,-23.3639532720936,1.84981538456155,724.648060047536
-20.5799588400825,631.678736642525,-64.6378707242586,5.8425769425742,635.310644774603
-34.5299309401376,711.958576082847,-36.7919264161475,2.95824598720592,713.744335205581
-61.2238775522455,719.878560242879,-36.5159269681458,2.90384647778294,723.399555987032
-48.3719032561937,793.618412763173,-23.6219527560946,1.70489834345748,795.442029788077
-47.9219041561915,727.438545122911,-38.0399239201522,2.99344004051756,730.007110677933
-49.5659008681989,743.038513922973,-23.3579532840934,1.80054133837297,745.056109083979
-49.1759016481964,743.218513562973,-23.3159533680935,1.7968709088287,745.208468743567
-61.8418763162471,727.85854428291,-51.0238979522041,4.00995397074862,732.260825330829
-47.0099059801883,935.698128603743,-13.4939730120539,0.82622171340481,936.975456690549
-22.8539542920912,789.178421643156,-39.1919216161567,2.84306859759613,790.481429974124
34.7819304361393,781.438437123124,-23.1299537400925,1.69541431236606,782.554029098512
50.1238997522005,791.638416723168,-10.4159791680417,0.753825481430907,793.292052639103
21.1559576880848,741.238517522964,-35.8019283961431,2.7652454838785,742.404130162423
6.31198737602546,728.458543082913,-20.1839596320806,1.58713203811696,728.765450883578
4.89599020801968,671.638656722684,-33.4079331841334,2.84759858505384,672.486836989397
9.48598102803779,798.178403643194,-7.6199847600302,0.546970078074402,798.271139429584
24.0659518680962,863.038273923451,-23.7539524920953,1.5765902231902,863.700458813751
-56.795886408227,509.878980242041,-113.411773176454,12.5400866305968,525.418478453686
-21.0419579160839,751.198497603004,-33.5999328001341,2.56104352896035,752.243911426424
-54.5158909682181,526.858946282108,-55.7038885922226,6.03536199111605,532.592954187198
-69.6118607762787,759.358481283038,-28.0739438521123,2.1172954305818,763.059146187653
-35.5799288401421,675.538648922703,-30.7019385961231,2.60219286460844,677.171327330197
-65.7058685882625,623.158753682491,-42.8999142001718,3.93818102181206,628.080007719108
62.0938758122484,842.338315323369,-9.83398033203923,0.668876106050096,844.681119739496
33.8399323201354,895.318209363583,-23.4419531160939,1.49982226129617,896.264114088777
7.51798496403024,597.478805042388,-60.8758782482436,5.81767238437451,600.6191098569
14.5559708880584,763.258473483053,-20.6159587680826,1.54720889317169,763.675579934374
29.6939406121189,1346.15730768539,92.303815392369,3.92253859620239,1349.64485012904
0.941998116003491,772.67845464309,-5.76598846802348,0.427552586505723,772.700542418017
6.37798724402578,877.13824572351,-9.71398057203903,0.634503556854943,877.215220029131
-8.59198281603438,831.778336443327,37.6379247241509,2.59086357357258,832.673787579915
-24.2339515320969,826.318347363305,-20.6879586240827,1.43417503763742,826.932456267206
-23.8619522760955,810.17837964324,-19.9019601960795,1.40718275094388,810.774005273614
-10.0739798520405,791.938416123169,-6.14998770002455,0.444935172936376,792.026364681405
-42.4199151601693,755.938488123023,-3.89999220001589,0.295594303250451,757.137805796988
-27.3599452801092,756.658486683026,-4.31999136001702,0.327115320191287,757.165301899478
-59.3938812122375,670.198659602678,-0.455999088001614,0.038983693563512,672.825448681787
-26.9999460001082,748.558502882994,-3.76199247601502,0.287946066924568,749.054725577396
26.027947944104,752.63849472301,-20.7599584800828,1.57998361300984,753.374497636596
35.729928540143,732.958534082932,-4.2479915040169,0.332064159369898,733.841185754999
38.735922528155,756.898486203028,-4.77599044801906,0.361528618416866,757.904083770039
60.5518788962422,836.158327683343,7.92598414803178,0.543093125378595,838.385412693223
61.6138767722468,843.298313403374,23.3579532840934,1.58659163380368,845.868730466792
43.1939136121729,816.478367043266,-5.63998872002263,0.395775838703642,817.639558421397
35.6819286361429,551.638896722208,-91.1578176843647,9.38327728447044,560.257458792888
6.04798790402459,551.158897682203,-102.959794080412,10.5812381385928,560.725804515032
51.7678964642071,738.418523162955,-18.971962056076,1.4717592138288,740.474014262989
57.5818848362306,809.758380483238,-21.7499565000868,1.53858383721326,812.09443344471
46.3079073841856,736.138527722945,-5.19598960802104,0.404412104205078,737.611925467867
27.9059441881116,812.518374963252,7.2659854680294,0.512356664599701,813.029916988775
-22.3379553240895,703.378593242811,-19.1519616960763,1.55969419943748,703.993769373781
-40.3739192521614,646.378707242584,-33.2099335801328,2.94118194975439,648.489310799161
-21.5279569440862,789.478421043159,-22.4819550360898,1.6311694890328,790.091810187418
-27.5219449561101,652.138695722607,-34.3559312881375,3.01566497060964,653.622724457791
-31.9619360761278,903.778192443614,21.0179579640843,1.33221101273745,904.587387183439
-35.1599296801405,803.698392603214,-6.74998650002726,0.481196240799191,804.495425248555
-34.4519310961377,820.618358763284,-6.06598786802398,0.423521079710809,821.363635976425
-38.1179237641525,726.538546922905,-20.6639586720827,1.62914759915816,727.831186103575
29.9519400961199,848.698302603394,16.0559678880643,1.08381207646035,849.378432538892
-30.9419381161235,782.93843412313,-10.1399797200404,0.742006698304762,783.615220851589
-30.8399383201231,762.598474803053,-39.3059213881571,2.95053345213874,764.233270031934
-44.2379115241772,916.198167603664,0.851998296003554,0.053280932191321,917.265938012215
-31.6619366761264,863.818272363455,-28.9259421481159,1.91789801696634,864.882186215107
-46.8659062681872,857.398285203431,14.0759718480559,0.940544609868608,858.793552388227
-60.4558790882416,695.03860992278,-36.8639262721477,3.03604740295728,698.636194066641
-59.9398801202395,691.618616762766,-36.6539266921462,3.0336840993877,695.178114315765
-62.8138743722509,794.038411923175,-26.1659476681044,1.8873848408265,796.948705526586
-63.1078737842524,794.698410603179,-41.5979168041664,2.99637176155521,798.284757609235
-63.7858724282555,801.058397883204,-9.70198059603901,0.693901174537102,803.652488808518
-60.8698782602434,767.818464363073,-24.4079511840974,1.82074523797614,770.614095625878
-0.953998092003937,686.698626602747,-39.3959212081574,3.28346147116676,687.828432458485
40.3559192881616,687.898624202753,-40.2959194081611,3.35245725910537,690.258559180966
55.1578896842202,762.53847492305,-42.7319145361707,3.20744504443293,765.724059340122
41.5019169961658,792.358415283171,2.98199403601201,0.215628259725232,793.450162059877
12.785974428051,701.158597682803,-25.5719488561024,2.08870809651901,701.741252040158
55.9558880882234,767.518464963069,-13.1039737920526,0.978125594246454,769.667051133248
27.3359453281087,706.378587242824,-9.62398075203866,0.780572025277216,706.972830756363
13.0439739120529,699.358601282798,-55.7638884722231,4.55887729558974,701.699515249364
42.3959152081701,763.258473483053,-27.0539458921085,2.03001775179902,764.91360751287
24.4439511120984,705.778588442825,-25.2059495881007,2.0453737414391,706.651443460604
9.72598054803862,596.758806482385,-67.0918658162685,6.41466239790635,600.597191360907
-30.4499391001222,697.258605482788,-25.3919492161017,2.08560911135628,698.384931678796
20.3579592840811,802.258395483208,-16.9319661360675,1.20906954474451,802.695254194726
-9.80998038003919,451.379097241804,13.4159731680535,1.70245457271676,451.684971498863
-111.089777820444,1225.4375491249,55.8358883282237,2.60882294319599,1231.72877370257
-53.1478937042119,718.738562522874,-28.4039431921139,2.2631033394322,721.260427204697
-76.8598462803069,849.118301763396,-4.87799024401944,0.3291475149869,852.603730433199
-93.8398123203749,868.558262883474,-20.3339593320811,1.34111587257846,873.849435716245
-22.4399551200903,673.198653602694,-29.0639418721163,2.47209012920291,674.199296584784
-27.5399449201103,720.598558802882,-15.9179681640635,1.26545367033752,721.300293376805
-29.0399419201167,752.45849508301,-1.56599686800624,0.119242300156893,753.020290161893
-18.0599638800724,792.958414083172,-33.4379331241341,2.41465130682789,793.868568550401
-32.9399341201313,794.578410843178,-18.6959626080747,1.34788728019859,795.480627831848
-17.39996520007,786.418427163147,-32.54993490013,2.37012503136788,787.284065399983
-54.3598912802169,713.578572842853,-30.5519388961222,2.45162728378765,716.297981548707
-61.0198779602438,803.578392843213,10.8599782800437,0.774277965713055,805.965010455793
-61.3198773602456,793.978412043176,-34.1339317321365,2.46168743828363,797.074006253857
-45.419909160182,783.718432563136,-17.735964528071,1.29641264721122,785.233795837315
-52.3798952402098,858.718282563436,-6.64798670402645,0.443561035857382,860.340012995611
-59.3998812002381,796.198407603187,-16.8299663400675,1.21093241588563,798.588440890213
-32.1599356801287,802.49839500321,-47.6639046721908,3.39905482977529,804.555643354938
-42.1199157601692,740.458519082962,-44.9099101801796,3.47082246239181,743.014001091883
-112.979774040452,759.358481283038,-31.979936040128,2.4115530165918,768.383009148331
-67.8598642802715,734.878530242939,-31.4879370241259,2.45349802930796,738.676455269961
-53.4598930802133,711.778576442847,-44.9399101201795,3.61271607910327,715.196684537033
-46.0199079601838,799.918400163203,-33.3959332081333,2.39066319570628,801.936760102169
-48.2999034001928,830.39833920332,-19.8119603760791,1.36672528194649,832.037737241553
-5.93998812002313,798.898402203195,-33.5339329321342,2.40359173466788,799.623952342338
1.67999664000707,860.758278483443,-6.91798616402754,0.460481049870173,860.787717674373
7.97998404003165,783.718432563136,-45.6599086801828,3.33431753263617,785.087949815293
-23.0999538000927,873.718252563494,-33.8159323681353,2.21643948832085,874.677489141054
-0.179999640000727,722.158555682887,-43.7999124001754,3.47081631323711,723.485621330602
-13.019973960052,729.83854032292,-58.6138827722345,4.59161243377917,732.304173084005
-4.97999004001983,786.538426923145,-46.2719074561851,3.36681936383574,787.914073200351
2.87999424001078,789.538420923159,-58.6138827722345,4.24574504072919,791.716363184629
34.7459305081396,661.138677722643,-68.8378623242754,5.9442267870149,665.620223668946
17.1419657160689,729.83854032292,-55.2778894442208,4.33130634219771,732.1296244455
17.6399647200704,752.398495203011,-42.9479141041719,3.2669746935064,753.829680541288
-24.9719500561001,792.47841504317,-42.7619144761709,3.08866891364052,794.024066340943
-22.0499559000886,742.558514882969,-83.033833932332,6.38038133369324,747.511850178911
18.0179639640725,747.53850492299,-56.3038873922253,4.30733066208878,749.872383211561
-79.193841612317,874.9782500435,-15.4079691840615,1.0088483569771,878.689938552206
-88.9798220403553,811.378377243245,-40.283919432161,2.84232972459847,817.23624121366
-77.8198443603111,868.198263603473,-14.4719710560578,0.95497320472738,871.799054281774
-105.557788884422,825.118349763301,-41.9699160601679,2.91185912059457,832.901081620368
-39.1439217121566,830.458339083324,-44.6939106121784,3.08059328302252,832.580834037062
17.4779650440695,822.05835588329,-53.7598924802151,3.74162622213818,823.999724380478
6.48598702802554,769.438461123077,-66.5878668242663,4.94610299768864,772.341606733305
-5.89798820402413,641.87871624257,-50.8438983122034,4.52900340527188,643.916279205337
19.283961432077,899.758200483598,-13.7519724960549,0.87564485426936,900.069890204938
-7.12798574402895,698.458603082795,-52.51189497621,4.29955371100622,700.466078775503
-19.9259601480804,694.678610642777,-50.7958984082033,4.18210678931241,696.818225412839
-34.4819310361384,628.138743722514,-63.5938728122543,5.78102769663045,632.290649616567
-20.4659590680817,619.198761602478,-92.6338147323706,8.5085023495772,626.423966242105
6.87598624802725,688.798622402755,-38.069923860152,3.16352106641107,689.884150066903
-6.41998716002564,624.058751882499,-64.8658702682594,5.93412443954705,627.453682084929
-17.5859648280701,889.858220283561,-28.2359435281132,1.81743307766219,890.479750961291
-2.23199553600884,670.018659962679,-82.0678358643284,6.9831413031233,675.029715039057
-1.50599698800571,753.178493643013,-53.8258923482154,4.08769272459147,755.100879353459
13.4459731080542,759.298481403036,-54.6718906562187,4.11836987080699,761.382948115929
-0.689998620002644,670.858658282686,-53.1778936442126,4.53226791893299,672.963374830589
-1.84199631600713,807.958384083232,-26.039947920104,1.84596493873803,808.379998669251
-1.49399701200612,737.818524362953,-54.9538900922199,4.25961510748316,739.863728639582
-1.39199721600573,684.478631042739,-53.7598924802151,4.49087006828514,686.587984201497
28.7099425801146,604.258791482415,-51.743896512207,4.89441290522784,607.149387476434
-26.1419477161044,1005.11798976402,-12.1019757960481,0.689828099599824,1005.53072185579
-27.9539440921121,842.098315803367,-8.02198395603194,0.545793659397881,842.600349332803
-28.1759436481127,758.098483803032,-24.6539506920985,1.86264672920817,759.022405617677
-57.2998854002291,683.818632362735,-50.8618982762036,4.25378272131171,688.097472404585
-43.3259133481732,751.618496763006,-37.3499253001495,2.84483980577915,753.792090939976
-40.1999196001609,840.358319283363,-25.5779488441022,1.74337087176457,841.708007441826
-57.0658858682281,609.298781402439,-48.8159023681953,4.58064869073117,613.909205560923
-27.1679456641093,746.518506962987,-53.6338927322147,4.10937522304774,748.935626712647
-42.2879154241695,762.838474323051,-54.5278909442181,4.08856315799858,765.953064220822
-27.3479453041092,860.938278123443,-11.8739762520477,0.79016767042838,861.454363366133
16.1579676840647,709.73858052284,-24.6779506440985,1.99139945100936,710.351274969115
44.6399107201786,690.17861964276,-54.7318905362188,4.53412694854317,693.782983707989
59.2138815722372,850.978298043403,-29.0459419081161,1.95488422959523,853.530324155521
76.8118463763077,876.238247523504,-30.4739390521219,1.99183801513532,880.126233632512
62.2678754642493,887.698224603548,0.203999592000767,0.013166992018595,889.879468183729
46.3619072761855,790.318419363159,-12.7559744880511,0.924690641389746,791.779859125065
-13.4159731680539,911.218177563646,-13.6319727360547,0.857090280804255,911.418886209373
-20.2079595840815,821.098357803285,-15.0179699640598,1.0478286272687,821.48427510187
-35.753928492143,815.03836992326,-17.5139649720704,1.23101181662901,816.010187938134
-79.4398411203177,939.358121283758,-6.43198713602566,0.392310397094964,942.733121746282
-42.9599140801723,802.67839464321,-33.0299339401321,2.35637178791633,804.50552265405
-67.7998644002709,753.598492803015,-60.455879088242,4.58661275227314,759.053636631828
-35.2799294401408,707.27858544283,-57.4918850162303,4.64713059228401,710.48785189476
-46.6799066401871,647.338705322589,-40.4879190241622,3.57891319885479,650.281235066466
-53.2798934402134,733.618532762933,-109.187781624437,8.4654482928372,743.610698090274
-54.7198905602192,728.218543562913,-46.4159071681858,3.64704098966621,731.745140093228
-75.1198497603011,640.798718402564,-58.3618832762336,5.20395783232667,647.821039141156
34.6199307601384,639.178721642558,-56.4298871402257,5.04527643255271,642.598093655054
-8.39998320003364,644.518710962579,-56.1238877522246,4.97669161899026,647.012224981144
-8.51998296003469,638.638722722555,-55.3678892642216,4.95496716550258,641.090954102389
25.7999484001028,821.818356363287,-2.14199571600891,0.149335963844604,822.226025092098
6.35998728002511,884.398231203538,-4.76399047201904,0.308632353633689,884.433929923184
-12.2819754360493,735.658528682941,-45.2819094361811,3.52227702043147,737.153151703733
-31.7999364001264,854.218291563415,-18.5939628120743,1.24697327652956,855.012199357195
-92.5198149603702,847.798304403391,-24.2219515560969,1.63651916167814,853.175588051341
-98.2798034403934,770.158459683081,-36.3419273161453,2.70164614042867,777.253953651412
-113.699772600455,783.11843376313,-21.4079571840856,1.56589365774434,791.618860449781
-100.499799000403,676.378647242704,-61.3018773962454,5.17871005227673,686.546578330484
-120.539758920482,831.838336323329,-23.7899524200953,1.63816978232552,840.863135768196
-101.279797440404,762.23847552305,-37.0079259841483,2.77962117782948,769.827693398282
-93.4798130403743,683.638632722735,-47.771904456191,3.99726726278313,691.651943142246
-110.579778840442,750.778498443005,-23.0159539680921,1.75591622609236,759.227222476773
-141.359717280565,818.338363323274,-10.481979036042,0.733853311966317,830.524002326705
-133.739732520534,771.118457763086,-37.4399251201499,2.77968503559236,783.525200584249
-138.359723280554,697.378605242789,-36.1439277121447,2.96688659806116,711.889538894279
-135.719728560543,769.018461963077,-11.0819778360443,0.825606462571682,780.981465716928
-140.579718840563,894.538210923578,-16.1639676720645,1.03520044113606,905.661383742594
-96.1798076403852,561.178877642245,-47.8979042041915,4.87850245639873,571.37246812977
-126.479747040506,768.358463283076,-41.7179165641666,3.10781495070997,779.815516050184
-143.699712600575,874.498251003497,-16.1099677800642,1.05538091811867,886.37256809512
-89.8198203603601,803.398393203213,-10.2119795760405,0.728246193508543,808.468220066771
-82.5598348803288,667.258665482671,-35.0879298241404,3.01013747318131,673.261773618944
-79.7398405203177,747.118505762988,-37.8479243041514,2.90004081060423,752.314408471524
-89.5198209603575,794.81841036318,-10.4039791920417,0.749944953137244,799.911461713142
-79.3198413603174,727.85854428291,-22.5359549280901,1.77342527088701,732.514550697516
-94.5598108803778,731.278537442928,-7.96798406403206,0.624268003523865,737.409890039756
-152.219695560609,718.858562282875,-9.95398009203985,0.793319621045474,734.865667999016
-185.519628960741,949.018101963797,10.5599788800419,0.637519190471439,967.038987703518
-169.739660520679,726.358547282905,3.82799234401534,0.301952493889552,745.937628149964
-167.999664000673,633.298733402534,-23.0159539680921,2.0813824849952,655.607281053722
-182.579634840731,631.258737482523,-39.6959206081588,3.59823591192019,658.330223231117
-129.299741400517,574.7388505223,-50.4598990802019,5.01748741506052,591.260831478899
-112.619774760449,653.938692122616,-21.263957472085,1.86241601573863,663.906004348135
-95.0998098003809,745.198509602982,-39.1079217841565,3.00411923182553,752.259411429893
-77.9998440003127,718.618562762873,-35.939928120144,2.86312100879818,723.732196910385
-119.339761320478,824.698350603296,-11.5559768880461,0.802797015687379,833.368399161897
-111.779776440447,785.57842884314,-7.69198461603117,0.560993218289964,793.52841972551
-141.899716200568,772.858454283093,67.0918658162685,4.96141026977991,788.636188792628
-140.819718360564,889.198221603556,-15.7379685240627,1.01397530251868,900.4173221542
-153.419693160615,884.458231083537,-15.2639694720613,0.988711720086773,897.795607889101
-139.859720280559,799.438401123199,-24.6359507280987,1.76510088397158,811.954080361476
-174.419651160698,836.338327323347,-9.01798196403616,0.617779032846991,854.380088988348
-53.9398921202158,835.858328283342,-47.1659056681885,3.22966755749765,838.923881874908
-21.1799576400852,660.35867928264,-41.8259163481672,3.62416913263937,662.020832895697
1.21799756400523,832.13833572333,-17.9639640720718,1.23669279109866,832.33310477455
-15.5759688480627,593.878812242374,-40.3919192161616,3.89090803240981,595.454583972559
-79.4398411203177,757.198485603029,-29.8679402641198,2.25887956733229,761.939845927724
-77.9158441683121,699.898600202801,-27.5039449921103,2.2503967581056,704.759105175967
-65.5078689842624,768.418463163075,-30.2159395681208,2.25183856784543,771.797394678646
-67.8838642322715,826.738346523307,-17.0219659560683,1.17951348587521,829.695281389623
-58.5898828202345,294.839410321179,-91.4878170243659,17.2389655546366,314.218193157737
-49.3859012281973,760.61847876304,-43.0319139361725,3.23805120951162,763.433810551336
-76.7098465803073,694.558610882776,-57.5698848602306,4.73824453621545,701.149310886495
-79.9498401003196,783.598432803135,-10.8779782440435,0.795333661742975,787.741589123155
-87.3958252083501,552.418895162209,-69.023861952276,7.12210584977388,563.532571831382
-79.3978412043178,762.05847588305,-29.5379409241182,2.21971491293284,766.75265099453
-83.8018323963358,831.418337163324,13.1579736840529,0.906683668668458,835.734605455512
-58.907882184236,927.958144083712,-5.41198917602183,0.334153673715224,929.841785134203
-84.3358313283378,936.958126083747,-4.67399065201867,0.285816098962928,940.757624826301
1.22999754000568,888.118223763554,-18.0959638080724,1.16727579270697,888.303414482361
-14.4419711160572,658.438683122633,-25.1579496841006,2.1881209887479,659.077379671228
0.011999975999594,724.918550162899,-42.9659140681721,3.39195200342085,726.19072858719
13.1399737200522,805.318389363223,-14.243971512057,1.01330650341654,805.551524038267
-13.6439727120548,652.618694762611,-24.7079505840988,2.16816572768536,653.228751332248
-7.54198491603071,755.938488123023,-10.5539788920421,0.799878789243103,756.049777351101
35.8199283601429,693.118613762774,-24.7979504040992,2.04901745676569,694.486442168887
13.1459737080529,743.218513562973,-39.4259211481577,3.03655452302111,744.379593208914
29.4899410201181,811.558376883247,-26.8979462041074,1.89829209911595,812.539325338004
14.8619702760596,838.558322883354,-11.4059771880457,0.779282774026171,838.767569325999
-4.48199103601793,656.818686362627,-52.5178949642098,4.57152895699211,658.930196826831
29.1479417041164,804.95839008322,-41.2019175961649,2.93013606477905,806.539032089927
16.223967552065,862.85827428345,-9.84598030803967,0.653767426921457,863.066951024525
31.8299363401275,849.838300323399,5.59798880402235,0.377408847336645,850.452596575864
30.3599392801215,820.258359483281,-9.99598000804014,0.698193576393749,820.880881633637
63.3358733282532,767.698464603072,-9.06598186803624,0.676591626885963,770.360018063891
7.82398435203139,732.238535522929,-22.8779542440913,1.7895588389972,732.637624222439
16.8239663520673,646.798706402586,-68.0638638722722,6.00723525338709,650.587658976941
-10.8839782320438,834.238331523337,-22.2059555880889,1.52475272980266,834.604792239163
0,770.57845884308,-20.6399587200826,1.53430169570681,770.854830126233
4.23599152801688,849.058301883397,-22.7399545200908,1.53416087545929,849.373327314273
-9.05398189203622,568.558862882274,-63.179873640253,6.34085537540263,572.130100224839
14.4599710800578,736.978526042949,-52.7638944722109,4.09509749049397,739.006405365981
3.79799240401508,810.238379523242,-21.9599560800878,1.55251205629057,810.54481435007
0.23399953200103,723.178553642893,-20.5739588520823,1.62958806173243,723.471190157324
11.0339779320442,664.978670042658,-35.9579280841438,3.09518650559539,666.041554914415
-0.815998368003494,731.158537682927,-36.6179267641466,2.8670952526361,732.075368825148
13.3499733000536,725.0385499229,-52.4938950122098,4.14107595344899,727.058958871265
-0.779998440003007,754.138491723018,-37.1819256361488,2.82261644936728,755.054944152971
-27.6659446681108,478.499043001915,-91.2538174923653,10.7971396730723,487.907775973142
-0.215999568000787,742.738514522972,-36.5159269681458,2.81461808516686,743.635636944564
17.771964456071,817.618364763271,-24.2519514960972,1.69899213220776,818.171003073418
15.4079691840615,811.498377003248,-8.61598276803442,0.608307933021125,811.690369877789
16.6799666400666,846.838306323389,20.531958936082,1.3888887095863,847.251379273904
-29.6579406841184,829.318341363318,-37.2179255641489,2.56958046047461,830.682658270007
-16.9079661840674,404.99919000162,-74.3398513202976,10.4011756913854,412.112407865589
-27.7619444761109,865.738268523461,-20.0399599200804,1.32603600286186,866.415070933496
-37.5839248321501,953.218093563813,9.95998008004008,0.59865004656418,954.010737102268
-29.99994000012,773.338453323094,-19.0619618760764,1.41199348217477,774.154841216362
-47.7059045881911,701.638596722804,-0.413999172001757,0.033807151766759,703.258661616789
-60.8578782842434,799.258401483199,-32.8439343121316,2.35313216816442,802.244599677578
-34.4399311201376,947.998104003789,-4.28399143201738,0.258917139895947,948.633157038551
-46.8179063641875,769.678460643081,-50.9338981322038,3.78605971787744,772.78141224616
22.3079553840893,759.118481763039,-22.1579556840884,1.67193528178078,759.769365812901
41.1779176441649,827.818344363313,-54.8758902482195,3.79257543951463,830.656484653229
72.3658552682894,764.278471443057,-23.849952300095,1.78738293690535,768.067197024299
92.6158147683708,780.298439403121,-9.07798184403626,0.666548278616941,785.828068622212
95.3518092963817,850.498299003403,-42.7499145001713,2.87752484035722,856.89373864765
93.6958126083747,838.018323963351,-11.1659776680449,0.763378938033517,843.313877305462
94.5538108923781,837.958324083352,-11.1479777040446,0.762203053838727,843.349781206909
80.2318395363211,847.49830500339,-26.5379469241063,1.79353241657809,851.701114057008
90.1498197003605,762.118475763048,-10.2419795160408,0.769941807615994,767.50013630996
66.6298667402666,611.818776362447,-19.9379601240795,1.86649524515742,615.759105905368
96.8458063083874,861.598276803447,19.181961636077,1.27537849939347,867.23621259862
72.3418553162894,774.118451763096,-39.9839200321601,2.95675148121826,778.518744316303
86.5618268763464,674.398651202698,-7.81198437603137,0.66366342182703,679.976115548245
95.8498083003836,790.43841912316,21.8039563920871,1.58008255868528,796.527144980941
109.799780400439,780.53843892312,-9.56998086003836,0.702453604989493,788.281568315654
128.111743776512,849.778300443396,18.6599626800746,1.2579343545378,859.583604430161
-21.5039569920858,646.198707602587,-30.9539380921235,2.74246197733269,647.296945888811
-4.07999184001619,801.95839608321,-0.707998584002461,0.050582823777165,801.96908708738
-4.76999046001926,811.498377003245,-4.27799144401673,0.302044453682372,811.52367180427
-12.0479759040483,709.678580642837,-31.1939376121248,2.51681721503998,710.465976166604
17.54996490007,716.818566362868,-19.0199619600761,1.51992143921733,717.285589778209
4.43399113201785,713.038573922853,-2.34599530800967,0.188510341247515,713.056219293598
53.063893872212,701.818596362808,-51.5338969322065,4.19963953577652,705.705931366998
48.9059021881957,713.998572002855,-34.0559318881361,2.73079459687992,716.481370719244
81.2398375203249,722.45855508289,-19.6559606880789,1.55846425302706,727.277547985195
95.6758086483827,925.1381497237,25.9919480161044,1.60931345469218,930.435402269488
145.637708724583,953.398093203813,5.43598912802186,0.326679759153909,964.472817815522
129.053741892516,772.078455843088,-7.85998428003145,0.583267628063622,782.829348981239
73.3078533842932,904.918190163619,27.7319445361107,1.75532579237497,908.30613396837
45.5639088721822,808.498383003235,-14.2619714760573,1.01059698807793,809.906852015059
46.8779062441875,707.518584962829,-60.6778786442431,4.90177978323844,711.661359860438
73.3384533230934,815.638368723262,-12.7439745120507,0.895147374237872,819.028013047009
97.3966052067896,740.938518122963,-14.6819706360588,1.13518849005406,747.456718884657
52.5952948094104,651.958696082607,-42.4379151241695,3.72429720559712,655.452044831586
97.1482057035886,739.078521842955,-46.3919072161857,3.59173979756957,746.878199157098
97.9564040871918,736.378527242947,-14.5199709600579,1.12961639939861,743.007148042915
108.333983332033,814.918370163259,-30.9959380081242,2.17823136172972,822.671836242819
116.269387461225,720.418559162882,-47.1179057641884,3.74201578542632,731.260260024114
96.2083075833849,678.298643402714,-30.5639388721222,2.57998592931642,685.769088286575
115.280169439661,721.858556282888,-44.5139109721781,3.52871586914948,732.359734703439
100.494399011202,721.378557242887,-43.0499139001723,3.4152061377168,729.615955259521
64.8958702082596,584.638830722339,-91.5538168923662,8.90017401827988,595.311798762658
128.577162845674,785.698428603144,-1.72799654400672,0.126011133215448,796.151426229301
121.587596824806,750.298499403001,-32.1119357761286,2.45069959619625,760.764456535212
144.464111071778,807.71838456323,-33.5579328841343,2.3790752067204,821.221652788484
101.525796948406,720.898558202886,-43.3139133721731,3.4383819205358,729.299879169482
146.775306449387,914.338171323656,-3.8699922600152,0.242506444687748,926.051974223311
142.51831496337,714.538570922858,-33.7859324281355,2.70713255605712,729.395865539774
189.768820462359,773.698452603095,-36.4139271721458,2.69462331733482,797.463149538709
210.00797998404,796.438407123188,-24.8879502240995,1.78985670599083,824.036951880348
137.145325709349,781.738436523127,-45.2819094361811,3.31513240829211,794.968096733279
38.0933238133524,313.739372521257,-112.937774124452,19.7975183192583,335.616501402072
99.9292001415997,788.938422123156,-30.6119387761223,2.22204347882132,795.83086754583
51.9298961402078,737.098525802946,-13.4159731680535,1.04272868322463,739.047318640732
35.4359291281418,717.658564682871,2.51999496001018,0.201188265965499,718.537313512981
27.48594502811,869.398261203478,-1.26599746800488,0.083432718649216,869.833556783888
-1.50599698800614,795.478409043181,-30.1799396401207,2.17272298577865,796.052131482279
13.9019721960556,795.718408563183,-16.001967996064,1.15206793592507,796.000699457615
32.3279353441292,967.798064403871,-2.43599512800961,0.144215978652025,968.340912561148
-17.0519658960683,684.838630322739,-27.8159443681117,2.32589197435806,685.615377514489
13.4819730360541,945.058109883782,-4.93799012401954,0.299371452101451,945.167169552835
7.91398417203176,933.898132203736,-5.5259889480218,0.339022146382615,933.948011954067
-30.2939394121211,835.378329243342,-33.8339323321351,2.31928760182692,836.611863836246
-49.3379013241973,718.558562882874,-30.1559396881203,2.40313714558323,720.881417084565
47.5439049121902,843.298313403374,-4.99799000402007,0.339571864266443,844.652264655316
38.9459221081556,750.358499283003,-19.3859612280773,1.47994156124013,751.618572008324
60.1498797002405,837.958324083352,-6.89998620002772,0.471779015524735,840.142708554978
58.7158825682349,824.338351323299,-19.331961336077,1.34342506617116,826.652887890245
73.2658534682931,827.45834508331,-21.509956980086,1.48908070963195,830.974052772848
50.3758992482013,733.678532642935,-48.8639022721954,3.81034290717367,737.027544554084
72.3358553282892,643.438713122573,-65.531868936262,5.81531317190615,650.79972292341
77.7118445763109,722.27855544289,-36.2999274001454,2.87712292856108,727.353509078891
53.4418931162139,764.098471803057,-34.6139307721386,2.59374580005537,766.746786595882
6.74398651202703,862.918274163452,-15.1619696760609,1.00661617198052,863.077814894904
53.4838930322142,755.758488483023,-5.53198893602203,0.419385243488241,757.668808008891
38.2979234041533,766.138467723065,-20.1299597400807,1.50507575900232,767.359171406228
71.9338561322878,805.918388163225,-8.81998236003562,0.627020797726174,809.170390045571
84.4078311843375,796.498407003188,-39.93592012816,2.87036998124289,801.953410143222
52.2538954922089,757.258485483028,-21.2699574600852,1.60890697034144,759.357158733961
20.5379589240822,852.53829492341,-21.1919576160844,1.42393572981051,853.048914854995
0.347999304001007,800.278399443203,-5.71798856402255,0.409371335485018,800.298902355931
28.205943588113,981.838036323926,7.13998572002855,0.416651037476049,982.269048795798
-9.07798184403669,875.698248603504,-37.3499253001495,2.44227602449773,876.541413329417
-14.2619714760573,641.338717322565,-42.4739150521696,3.78899237366876,642.901849139661
6.14998770002455,879.898240203517,-21.2159575680844,1.38123851281465,880.175466777783
15.7019685960631,783.598432803131,-5.71798856402255,0.418085059347964,783.776595148473
-5.63998872002263,713.818572362858,-33.4979330041337,2.68679356066009,714.626388568503
29.1779416441167,687.778624442753,-35.5979288041423,2.96286136697985,689.317054086214
61.2118775762446,891.898216203568,5.11798976402069,0.328777420103326,894.010914834232
24.281951436097,929.338141323716,-10.3319793360411,0.636963442983446,929.712721157221
-12.4619750760496,859.498281003437,-9.11398177203632,0.607532476714123,859.63693530141
-38.8859222281555,771.598456803087,-38.2319235361529,2.83662806914953,773.52309174692
-48.5579028841938,818.218363563273,-24.8759502480995,1.7414031858282,820.03534881456
-69.9178601642798,827.818344363309,-9.17998164003664,0.635347898193025,830.816460174733
-17.5559648880698,702.778594442813,-41.9699160601679,3.41764306925235,704.249557020992
-6.22198755602424,620.758758482483,-40.6199187601625,3.74386440867513,622.11745447459
-85.2838294323406,659.698680602639,-70.3438593122811,6.08646716531206,668.897555156583
-66.7978664042669,896.698206603586,-4.28999142001718,0.274112879225647,899.192989690553
-59.7778804442394,734.758530482938,-28.9499421001159,2.25632217593959,737.754425439422
37.0679258641476,828.538342923312,-45.4919090161821,3.14273911190899,830.61382760457
12.6839746320506,691.858616282768,-40.7879184241632,3.37391730421321,693.175939012996
14.6999706000591,603.118793762414,-69.2338615322769,6.54849500168057,607.257520420902
26.8739462521077,796.918406163187,-13.3859732280537,0.96231639984731,797.483754911721
12.5159749680503,682.438635122728,-54.9658900682199,4.60485329227314,684.763016969056
-101.339797320406,619.918760162479,-115.925768148464,10.5920635587053,638.754888390796
-87.5518248963508,636.238727522548,-53.9818920362161,4.84966508166639,644.499096283309
-29.7179405641189,866.87826624347,-15.4139691720618,1.018669353119,867.524452060167
-71.039857920284,626.878746242506,-37.6019247961504,3.43264680038978,632.010702957067
-55.3558892882216,603.538792922416,-52.8478943042114,5.00424816969155,608.371801593011
-58.5058829882339,783.898432203135,-12.9359741280519,0.945415149493576,786.185111650817
-53.6938926122143,727.85854428291,-10.3799792400416,0.817038823923282,729.910157867742
7.78198443603111,757.49848500303,-12.2459755080492,0.926182178879141,757.637431744098
93.725812548375,838.318323363352,-15.1919696160607,1.03819808150365,843.678217785318
3.56999286001427,923.098153803692,-2.45999508001008,0.152689073707872,923.108334910155
-10.8899782200435,769.618460763078,-11.8019763960472,0.878552782479654,769.785978970659
5.18998962002082,676.618646762706,-9.94798010404006,0.842330038214841,676.711675270496
-9.92998014004024,675.058649882702,-41.1779176441649,3.49066137533734,676.386284743081
-10.1759796480409,693.058613882775,-25.2719494561014,2.08832955680956,693.593875598842
-10.6139787720418,747.53850492299,-42.647914704171,3.26524929147662,748.829297982182
-9.93598012803961,675.418649162702,-40.8359183281632,3.45990018235946,676.724942324116
-11.1659776680444,759.118481763036,-42.9839140321719,3.24082456909642,760.416442008604
5.06998986001976,754.978490043018,-26.1719476561047,1.98541007292124,755.449002957136
4.64399071201926,774.838450323099,-43.7399125201749,3.23093856771318,776.085929969167
35.4179291641416,748.258503482993,-27.0539458921085,2.07067744102072,749.584640803971
6.22198755602424,766.498467003068,-27.4319451361097,2.04966379279357,767.014422720428
11.0939778120443,789.358421283158,-10.5899788200422,0.768630163447674,789.50740417411
32.4419351161298,738.478523042954,-41.8439163121675,3.2430448018997,740.374176671581
20.0219599560805,608.878782242434,-22.0679558640884,2.07569645738657,609.607451579728
-8.45998308003416,677.93864412271,-22.9619540760918,1.9398810256128,678.380149948129
9.6539806920385,740.638518722962,-40.8899182201635,3.16003514716907,741.829225746329
28.4639430721136,872.338255323489,17.7299645400707,1.16435601405646,872.982576801297
48.1139037721922,870.418259163482,-12.7799744400512,0.841188679895225,871.840708712363
17.1779656440685,758.278483443035,-24.6419507160985,1.86129912148233,758.873221751455
41.1539176921648,775.978448043104,6.41998716002564,0.47402060883918,777.095497994894
56.8918862162276,842.63831472337,-26.4359471281055,1.79694125592007,844.970339986937
26.1119477761046,780.118439763121,-8.34598330803333,0.612947153433414,780.59994191166
-14.3339713320574,898.018203963591,-22.49995500009,1.43525242311102,898.414383989453
46.8539062921876,835.13832972334,-10.5059789880421,0.720738689119197,836.517599278356
22.7759544480909,621.358757282485,-35.4599290801419,3.2662337775018,622.786364593048
63.341873316253,857.158285683429,-26.6699466601066,1.78214757179785,859.909184557195
62.6338747322506,852.178295643411,-26.5619468761064,1.78530113992506,854.889692797575
29.2319415361166,774.298451403096,-23.2019535960927,1.71636188048004,775.197348358389
10.0499799000404,706.678586642828,-5.4659890680217,0.443160250154807,706.771182174251
33.3599332801333,786.718426563148,-7.5599848800301,0.550567877902582,787.461695077187
25.4759490481018,805.258389483221,-6.35398729202532,0.452089794199498,805.686335348639
18.2399635200727,909.538180923641,38.8079223841552,2.44319847707853,910.548435651215
12.1919756160489,826.018347963304,11.1719776560447,0.77488368526433,826.183858790642
14.9939700120598,861.418277163447,-8.85598228803525,0.589019929798535,861.59427562528
17.8259643480713,887.698224603552,5.56198887602229,0.358989473360267,887.894610125264
6.46798706402615,971.698056603886,4.66799066401888,0.275244047900077,971.730795128604
-38.3639232721536,718.378563242874,-18.8279623440753,1.50131968258369,719.648555130737
-42.5819148361706,619.618760762478,-15.1979696040605,1.40506551381663,621.266131734243
-16.2599674800651,801.478397043206,9.6539806920385,0.690106686229905,801.701444936082
8.47798304403355,702.178595642811,-3.8699922600152,0.315777181987361,702.240438322586
25.5239489521019,717.778564442873,-4.78199043601928,0.381710780571888,718.248151390806
33.329933340133,799.258401483195,8.59198281603438,0.615902679789214,799.999186853738
37.3739252521491,785.638428723146,-9.80398039203939,0.714956808006273,786.587991903547
28.3079433841133,841.978316043365,31.3319373361252,2.13112356419497,843.036484763912
-12.7079745840506,936.298127403743,30.2939394121211,1.85315929462728,936.874270520271
-25.3199493601011,924.178151643694,28.4219431561133,1.76150483764304,924.961708755516
-31.3019373961258,760.438479123044,18.3179633640734,1.37991314933858,761.302856685515
-31.7579364841274,756.058487883024,2.37599524800951,0.180057566821186,756.728913801444
-12.7919744160512,933.358133283732,27.9419441161117,1.71475170952757,933.863904333679
0.83999832000396,823.618352763297,-1.99799600400781,0.138992184389721,823.621204555672
-10.7999784000436,745.378509242982,0.34199931600121,0.026288812710828,745.45682540189
-5.03998992002035,846.778306443387,-1.86599626800759,0.126259183628045,846.795361172696
-78.8998422003155,654.23869152262,-12.671974656051,1.10962543296789,659.100925144358
-80.8198383603238,890.458219083559,9.91798016403979,0.638137641448711,894.173390644447
-38.3999232001536,732.238535522929,-16.0739678520641,1.25754461543413,733.420888337012
-42.8999142001718,732.05853588293,-32.0339359321283,2.50559086284256,734.01381161988
-30.8999382001236,737.93852412295,13.9559720880557,1.08345473423325,738.717023441624
-61.6198767602465,945.17810964378,4.69199061601849,0.284421580299695,947.196221982372
15.1199697600602,764.518470963059,-14.9819700360602,1.12265932916463,764.814726162749
-13.6379727240545,765.238469523062,17.6939646120707,1.32456603345089,765.564488414734
-36.077927844144,671.878656242686,-25.3679492641012,2.16227487831286,673.324645651614
-17.9219641560715,785.758428483143,3.17399365201276,0.231439389991099,785.969197212724
-1.0379979240045,845.39830920338,-30.197939604121,2.04575659460868,845.938114875999
-1.84199631600798,695.998608002782,-9.56398087203856,0.787273489227915,696.06675328043
-16.7339665320665,687.238625522746,-25.0799498401003,2.09001329686073,687.899671413115
-1.25999748000509,666.178667642665,-39.2639214721572,3.37305523775488,667.335942644466
-1.11599776800399,702.05859588281,-7.71598456803079,0.62968469307545,702.101882864456
13.3259733480532,766.078467843066,-26.3459473081052,1.96966363706287,766.647187041089
13.6859726280546,766.378467243067,-42.4799150401703,3.17262535363587,767.676887813114
13.7459725080551,929.338141323719,-0.18599962800095,0.011467293829115,929.439813691602
13.6859726280546,757.078485843028,-10.4999790000418,0.794588572057474,757.274975905152
-0.60599878800293,874.198251603496,-29.5979408041183,1.93913628400767,874.69937032159
-61.397877204246,692.63861472277,-54.2098915802169,4.47517533003651,697.464452338185
-1.28399743200513,678.598642802715,-40.8959182081638,3.44877342556529,679.831039883573
-32.1479357041291,655.078689842621,-54.7918904162194,4.78118708189035,658.151753709845
15.533968932062,874.138251723497,1.06799786400434,0.070002358972702,874.276917192964
14.9279701440599,764.338471323056,-12.2819754360493,0.920593199940247,764.582886257402
15.095969808061,780.898438203126,-12.1139757720486,0.888750677923952,781.138276812456
-0.761998476002764,789.538420923158,3.60599278801433,0.261680401703076,789.547023260488
27.5639448721104,765.238469523062,3.27599344801272,0.245282299709037,765.741743950258
28.6859426281146,867.53826492347,1.57799684400626,0.104217258409725,868.013833118418
57.1978856042287,665.998668002665,-41.0879178241645,3.53031388496201,669.711908875782
29.4479411041174,859.858280283441,-14.4779710440581,0.96463368123676,860.484198026216
44.2619114761773,868.618262763473,-13.8239723520555,0.9117795979444,869.855105994871
73.0078539842916,848.518302963394,-29.9639400721199,2.02245985373828,852.180318308229
59.0278819442363,857.578284843431,-14.3459713080574,0.958381250020947,859.727056905036
-1.46399707200585,694.258611482779,-7.85998428003145,0.648641125200073,694.304646576922
-31.8959362081274,679.618640762718,-39.0959218081565,3.29238357993837,681.489059868746
-60.863878272244,582.658834682331,-50.5018989962018,4.95372596588727,588.001846182419
-29.9459401081197,769.318461363077,-40.6979186041628,3.02819638521533,770.975988537726
-76.2418475163044,896.938206123589,2.11199577600864,0.134912550102411,900.175219300697
-46.8599062801878,774.058451883093,-12.4259751480495,0.919691249623744,775.575104426786
-33.5759328481345,881.398237203526,0.887998224003614,0.057724795771659,882.037972171805
-17.7359645280705,855.058289883419,-14.6219707560583,0.979694101891184,855.367199257073
-33.1979336041332,622.618754762491,-52.5718948562101,4.82642019470545,625.715606890504
-48.959902080196,798.058403883192,-11.4419771160457,0.821408659879188,799.640673590716
5.44798910402189,696.058607882784,-25.6679486641025,2.11188975527542,696.553020079319
17.747964504071,775.438449123102,-42.1379157241686,3.11043706717801,776.785287298914
-14.97597004806,700.138599722801,-55.1458897082206,4.50356122113684,702.466659459648
8.50198299603402,1059.47788104424,5.62198875602239,0.304030136599061,1059.52690899969
-7.16998566002881,707.45858508283,-37.8659242681517,3.06376862322504,708.507506327524
37.1459257081488,787.198425603149,-42.3719152561696,3.0810419721008,789.212620446016
51.5398969202058,795.898408203183,-27.5159449681103,1.98005151720953,798.039951620465
50.9878980242041,796.558406883187,1.26599746800531,0.091062061600361,798.189616614246
39.1199217601565,801.238397523207,-56.6098867802265,4.04140225901941,804.187799724261
-16.559966880066,701.038597922804,-64.8838702322592,5.28788425023945,704.229554120641
-59.0578818842365,668.098663802675,-48.8399023201954,4.18104628161381,672.479735045019
-54.5998908002182,881.398237203527,-8.93998212003582,0.581128550187082,883.133015972785
-70.0858598282801,646.078707842583,-75.3778492443013,6.65460002858573,654.225912534888
-69.9478601042801,812.038375923248,-35.8679282641434,2.52912428553352,815.834257299358
47.2739054521887,738.478523042954,-55.7758884482231,4.3192414656165,742.089146170858
38.0819238361529,639.238721522557,-52.721894556211,4.71485914664443,642.538694696632
35.9759280481445,910.438179123644,-15.977968044064,1.0054237465603,911.28878017219
9.67198065603917,763.258473483052,-25.6319487361025,1.92339924981219,763.749986153518
10.1219797560406,777.178445643107,-27.48594502811,2.02549692511245,777.730202589887
9.70198059603943,700.378599242802,-53.3638932722136,4.3571144364914,702.475633605866
-16.3739672520659,712.858574282851,-23.3279533440931,1.87430790512524,713.428095283173
-54.0178919642162,775.318449363103,-48.5759028481945,3.58505731131422,778.714484848318
-71.7058565882866,744.95851008298,-48.6779026441949,3.73856933673876,749.982966353204
-15.9539680920639,928.318143363712,-26.6459467081065,1.64413593382271,928.837505095538
9.98398003203969,690.178619642762,-64.8958702082597,5.3715939228662,693.294800816619
35.9279281441444,693.898612202774,-53.0998938002123,4.37597344604619,696.854144537621
38.6279227441544,700.978598042804,-81.5938368123266,6.63934507263923,706.767759264201
36.3959272081456,848.938302123396,-55.6198887602225,3.74849014238807,851.536538473361
-3.24599350801331,804.118391763216,-53.711892576215,3.82145227038605,805.916802064477
-2.33399533200923,771.058457883084,-51.8038963922071,3.84366541832607,772.800256656702
-2.95799408401112,728.098543802912,-52.5478949042101,4.12795972017825,729.998301693768
-16.7159665680667,739.55852088296,-21.719956560087,1.68222554124662,740.066203701985
-2.6999946000109,760.918478163045,-50.0098999802001,3.76024671224294,762.564889354889
-31.307937384126,641.338717322567,-92.1538156923685,8.17684904997827,648.681634568813
9.68998062003899,774.058451883095,-38.0099239801519,2.81123514123497,775.051699551099
-3.98999202001625,615.118769762461,-92.8558142883716,8.58432255173755,622.100653590366
-42.3719152561692,757.138485723029,-65.2258695482609,4.92375303487551,761.123169942792
-68.8978622042751,783.118433763134,-49.8539002921994,3.64257637950026,787.722545119973
-55.7098885802228,787.138425723149,-51.4198971602056,3.73754212972677,790.78094233454
-54.1258917482168,851.998296003409,-37.313925372149,2.5077105457297,854.530887432941
-57.0358859282287,800.818398363202,-53.699892600215,3.83629795998859,804.640837831325
-41.6159167681658,771.598456803087,-38.0039239921521,2.8197389631951,773.653902793854
24.3539512920976,768.658462683075,-54.7738904522191,4.07595448656058,770.992299749562
51.3358973282051,781.798436403129,-70.3678592642816,5.1432007464777,786.635751243425
36.8819262361475,697.918604162792,-96.3718072563856,7.86194718468787,705.505619930338
36.9119261761477,689.218621562757,-66.509866980266,5.51199761226173,693.40346192432
35.3459293081415,751.138497723007,-66.8818662362675,5.08823531695791,754.938117670235
49.8779002441995,694.678610642779,-82.3438353123293,6.76002100152554,701.317819701807
78.2518434963135,862.31827536345,-43.799912400175,2.90773761672524,866.968621901987
60.1318797362407,814.798370403258,-70.0318599362802,4.91249493027996,820.010176021343
63.5218729562533,771.058457883083,-54.9298901402198,4.07484388904455,775.618119081629
24.2039515920971,705.41858916282,-65.6278687442622,5.31515241893971,708.878151987385
-15.371969256061,766.198467603065,-50.7478985042028,3.78935730197118,768.031079057799
24.1499517000968,855.598288803424,-55.5958888082224,3.71779366177675,857.742708988447
9.98398003203969,770.098459803079,-66.7018665962668,4.95030363356555,773.046218964805
24.7019505960986,715.018569962859,-67.0798658402685,5.35954846872644,718.582945912392
36.8339263321474,853.078293843413,-27.6119447761105,1.85386942883408,854.319456087798
50.4298991402021,851.458297083404,-44.5019109961781,2.99187143159585,854.110546991298
36.3719272561456,694.918610162781,-67.4938650122702,5.54744414159517,699.13533286281
51.0898978202045,705.178589642823,-54.479891040218,4.41771733732388,709.122753462103
65.5138689722618,867.418265163469,-44.8619102761791,2.96063628081883,871.044835103536
-2.98799402401181,695.818608362786,-63.3838732322537,5.20485252603299,698.705931875588
14.3279713440572,797.51840496319,-52.9858940282119,3.80105716941356,799.405029996582
1.05599788800389,773.278453443094,-64.2958714082574,4.75304550590626,775.947576045592
-9.29398141203705,354.539290921418,-130.955738088524,20.2726548663894,378.065989260948
12.3539752920494,866.638266723466,-34.3559312881375,2.2701740039567,867.406961045186
-1.26599746800488,736.438527122946,-60.1138797722404,4.666583927205,738.88902111337
8.62798274403444,655.258689482621,-89.8678202643594,7.80931614494923,661.448877350155
-8.19598360803287,649.858700282601,-103.001793996412,9.00638927231334,658.021940399234
-8.65798268403428,873.058253883491,-17.8379643240713,1.17048076135898,873.283383736044
-11.5259769480463,798.778402443194,-45.0899098201804,3.23083691343826,800.13304163864
-25.1759496481009,819.658360683279,-60.5218789562419,4.22293849992676,822.275230388875
-9.13198173603656,787.558424883151,-57.7018845962308,4.19039100871409,789.722212667729
-53.8918922162157,720.118559762881,-81.3958372083256,6.44883790716002,726.705138606061
-24.7499505000991,816.238367523266,-59.7838804322392,4.18904405428284,818.798964964135
-56.7898864202272,867.178265643469,-53.4478931042137,3.52692164341294,870.677846784513
-42.7139145721709,651.118697762605,-55.6018887962226,4.88089738019312,654.882895724004
19.1219617560765,817.438365123271,54.6418907162185,3.82426282473509,819.485732894631
41.7959164081674,778.858442283115,-50.2498995002009,3.69145688197786,781.596074800699
36.509926980146,952.858094283813,-24.8279503440994,1.49257793346483,953.880469308689
-3.85199229601538,628.798742402515,-86.3038273923453,7.81512519960091,634.705480450737
-40.03791992416,564.838870322259,-114.791770416459,11.4877267082178,577.774294179071
-17.9879640240722,680.998638002725,-67.6138647722704,5.67010563091883,684.583337893014
-4.25399149201669,676.198647602704,-80.0578398843202,6.75204355981455,680.934626223607
-32.0399359201285,676.618646762706,-93.9658120683758,7.90641501001472,683.863235214784
-19.6499607000786,770.278459443081,-54.3418913162176,4.03543794132961,772.44292163845
6.87598624802811,808.318383363232,-68.7538624922749,4.86175641049527,811.266282842717
3.36599326801351,807.958384083234,-84.3478313043373,5.95987611270124,812.356225412729
-40.0259199481596,722.158555682887,-83.3398333203335,6.58302876563123,728.052595374504
-28.4939430121143,735.17852964294,-55.5898888202222,4.32414226163318,737.827629582532
-28.0259439481122,721.318557362887,-82.6918346163308,6.53982852918537,726.58368701924
13.019973960052,802.018395963207,-44.5379109241782,3.17850068698563,803.35960359904
-17.5199649600702,653.758692482614,-82.7458345083311,7.21353484811103,659.207289323517
0.059999880000527,769.918460163081,-85.3138293723413,6.32308778255344,774.630807793008
-31.6799366401271,818.698362603275,-44.4959110081779,3.11094076938383,820.518441847138
-41.3999172001655,592.798814402371,-95.9158081683835,9.19089712265843,601.933741999592
-34.4399311201376,835.078329843339,57.2158855682285,3.91952861211609,837.744342500059
-35.0999298001409,858.598282803435,-32.8259343481313,2.18946620726269,859.942183097683
-20.8799582400835,871.978256043489,-76.7218465563069,5.02827549919427,875.595964705047
-24.4199511600975,740.698518602965,-86.8558262883475,6.68807757477024,746.173280167227
-30.5999388001219,822.05835588329,-46.2599074801851,3.22082366138532,823.927348600703
-35.519928960142,858.298283403435,-32.8679342641316,2.19303035006646,859.661508821588
-43.7999124001746,808.738382523234,-59.0998818002364,4.17955361125761,812.076966624077
-32.39993520013,650.098699802601,-96.965806068388,8.48343902127072,658.088476447124
-38.5199229601547,712.43857512285,-70.6378587242827,5.66233594389659,716.967373646168
-54.7798904402189,736.978526042947,-56.8018863962272,4.40730191380215,741.191364320475
-63.1798736402526,655.43868912262,-83.6518326963345,7.27318218607162,663.768936261281
-61.9198761602483,652.678694642612,-83.8978322043355,7.32485221328878,660.955668522989
-59.0998818002364,773.098453803094,-58.7098825802351,4.34276425254343,777.573704296976
-49.4399011201976,667.618664762669,-85.4098291803415,7.29036618982278,674.873191261054
-31.0079379841242,843.178313643373,72.5938548122902,4.92077416897676,846.865413494385
-1.979996040008,767.938464123072,-59.1238817522364,4.40253939650768,770.21363170063
-11.4719770560464,720.118559762878,-42.3779152441694,3.36788787866519,721.455635554244
-40.1159197681603,692.458615082771,-54.7378905242191,4.519753157756,695.776154578638
7.01998596002835,889.018221963557,-4.70999058001874,0.303548397862164,889.058413827453
37.1819256361484,797.518404963189,-14.7059705880589,1.05639514159162,798.520110842537
2.1539956920085,635.158729682541,-38.7539224921549,3.49154760574647,636.34355351328
23.255953488093,859.558280883436,-39.3179213641571,2.61899839240958,860.771268426361
-22.2479555040892,775.078449843101,-49.4699010601979,3.6519878149734,776.974160475239
8.14198371603256,778.618442763116,-36.4259271481459,2.67850230503358,779.512552482828
-37.3799252401498,692.098615802767,-46.757906484187,3.86500680549653,694.682700681288
-6.18598762802461,784.078431843135,-49.6799006401985,3.62546468323798,785.675089494471
-8.74198251603527,696.178607642785,-48.4979030041937,3.98495900073173,697.920570404371
-25.3199493601011,609.658780682439,-59.4178811642375,5.5665167560763,613.070479880449
36.3179273641453,759.418481163037,-22.2959554080892,1.68167791958104,760.613259815762
-31.8239363521273,737.758524482951,-59.753880492239,4.63049630472264,740.858238535609
33.0599338801324,783.478433043134,-24.3359513280973,1.77911615001177,784.553154858819
32.1959356081284,830.098339803321,-40.793918412163,2.81345035793212,831.723497199238
10.9619780760445,876.358247283507,-13.5779728440544,0.887648743177292,876.531975396057
30.1559396881207,734.038531922935,-52.2538954922089,4.07183758774945,736.513690735048
31.7399365201267,776.878446243106,-27.3059453881093,2.01301972345023,778.005885878085
38.6999226001546,720.658558682881,-55.5478889042223,4.40760602151159,723.831479126088
23.2379535240927,689.338621322756,-68.0878638242723,5.64096405014647,693.082747246891
18.4139631720736,763.618472763056,-10.5899788200422,0.794535778095274,763.913865325204
31.7819364361275,967.378065243869,-1.76399647200721,0.104477705802699,967.901608781675
32.8499343001314,827.038345923308,-26.1479477041046,1.81088115967698,828.103410800982
32.0339359321283,744.658510682979,-24.5159509680981,1.88563393028922,745.750294961903
2.53199493600977,675.478649042701,-37.5959248081506,3.18569300514975,676.528838907174
16.6739666520668,730.678538642923,-25.6559486881025,2.01097177806554,731.318928854134
18.2519634960735,805.738388523221,-11.8679762640475,0.84386668489475,806.032464465336
-10.319979360042,749.998500003,36.9599260801478,2.82125366939159,750.979552395797
-2.42399515201002,679.318641362718,-54.7258905482186,4.60579982284452,681.523745258873
8.43598312803412,745.558508882985,-26.8379463241077,2.06159191105913,746.089090753948
24.2279515440971,796.078407843183,1.45799708400563,0.104935625976429,796.448335314763
12.3059753880493,385.859228281542,-77.8438443123116,11.4058466881147,393.8253993556
-2.90999418001189,390.059219881559,-13.7039725920549,2.01214824237974,390.310724866153
-20.2019595960813,713.998572002855,-24.5159509680981,1.96654299999937,714.704912425756
23.2739534520932,779.578440843118,-26.8139463721072,1.96993716098937,780.386577317116
-6.32998734002485,801.658396683206,-11.4119771760455,0.815576769858797,801.7646081834
-5.88598822802368,790.318419363159,-27.1259457481086,1.96578023203279,790.805706716152
9.32398135203731,781.078437843123,-26.7659464681067,1.96264014892059,781.592527204578
8.78398243203513,686.338627322743,-40.1339197321606,3.34658219088176,687.56716124005
10.1399797200404,681.418637162727,-54.1798916402166,4.54604849592329,683.644380449059
10.0799798400399,605.758788482423,-67.3138653722691,6.34087690915188,609.570727880387
-19.9679600640802,715.078569842861,-39.3059213881571,3.14622682593138,716.436344648849
43.0799138401717,787.67842464315,-26.8739462521077,1.95405462818176,789.313238589061
14.2499715000568,702.05859588281,-24.7859504280991,2.0219690686996,702.640503443488
41.4959170081665,880.018239963522,1.49399701200612,0.097270303351672,880.997301825559
43.7219125561751,781.078437843123,-26.1299477401044,1.91604008100537,782.737443763823
15.989968020064,788.158423683151,-39.713920572159,2.88459418145824,789.320324955086
35.2859294281414,878.458243083515,-11.3879772240454,0.742717698856346,879.240392431012
-30.8999382001236,642.05871588257,-48.6059027881943,4.32921654995816,644.636901369601
3.85799228401561,799.798400403198,-22.3499553000895,1.60068454700503,800.119919695725
17.6699646600706,747.118505762988,-25.0319499361002,1.91895765602345,747.746539826305
-34.0559318881366,691.798616402769,-48.4739030521941,4.00812895968567,694.33050590527
49.4699010601979,763.138473723052,-23.0099539800919,1.72704429128913,765.086308313919
31.223937552125,763.498473003052,-38.279923440153,2.87026509908394,765.094899403228
57.2998854002291,1161.17767764465,42.7079145841706,2.10637941900364,1163.37476416468
29.6639406721186,683.818632362735,-77.8918442163117,6.49839139899657,688.879532819824
-4.27799144401716,788.098423803152,-18.2579634840729,1.32714027272297,788.321495357315
28.2719434561128,792.478415043172,-20.5379589240822,1.48455150306387,793.248478632572
-6.03598792802415,723.058553882892,-46.4219071561856,3.6734700016369,724.57235591589
19.4279611440776,875.818248363506,-19.2539614920771,1.25938579956401,876.245265250474
4.19399161201659,858.298283403434,-17.1539656920685,1.14496209876413,858.479930690221
-6.49798700402598,719.038561922875,-46.5959068081865,3.70775808684195,720.576058371702
-33.2699334601333,730.738538522925,-29.3879412241177,2.30300990448759,732.085617427671
-56.4058871882257,567.778864442272,-40.4159191681617,4.07158926348434,572.003417419035
-14.2319715360566,810.118379763241,-17.1839656320688,1.21515707638419,810.425583825477
-43.2599134801733,552.778894442212,-55.3618892762214,5.71921342371518,557.226044832166
-32.0579358841283,738.358523282952,-29.6579406841188,2.30018585701334,739.648979992101
-36.3779272441454,641.458717082568,-42.2039155921689,3.76427358766613,643.874063620445
31.8239363521273,795.598408803182,-5.49598900802197,0.39579260348936,796.253600877431
69.5338609322783,707.63858472283,-36.5399269201463,2.95592395743577,711.984894968993
57.9178841642321,729.718540562921,-20.519958960082,1.61075432084435,732.300961670176
116.399767200465,761.218477563046,-40.5359189281623,3.0481990705819,771.132697472409
115.739768520463,710.998578002842,-54.9118901762196,4.41630465483221,722.44722134005
103.805792388415,833.03833392333,-41.7419165161671,2.86857987921093,840.518230565873
71.5438569122861,728.398543202913,-22.3859552280896,1.76032362153158,732.245923302742
51.4138971722058,704.878590242819,-6.72598654802722,0.546702584170353,706.783173752872
-6.85798628402744,768.958462083078,-38.3519232961531,2.85526998855284,769.944815168956
38.0819238361529,805.738388523225,-15.2939694120611,1.08741831866823,806.782801727604
-25.5899488201018,747.238505522989,-42.3419153161694,3.2431699929797,748.874533823582
-13.3979732040541,800.698398603201,-14.9399701200599,1.06893921456854,800.949832335893
0.197999604000544,801.118397763203,-29.675940648119,2.12144556897109,801.667878795125
-34.1819316361366,722.458555082893,-27.3119453761091,2.16498836143898,723.78222596515
-59.2198815602374,853.498293003415,-18.9119621760759,1.26936203207467,855.759307775908
-64.8598702802596,858.358283283432,-18.8819622360752,1.26017574793886,861.012354006572
-44.3399113201776,786.058427883144,-48.3059033881934,3.51659374314196,788.78852684617
-54.6598906802187,728.098543802912,-14.9459701080601,1.17596823344779,730.300332164491
-19.0199619600765,800.698398603204,-17.4779650440699,1.25047661870095,801.114950391503
-19.0199619600765,817.318365363267,-17.201965596069,1.2057168641088,817.720598330147
-4.7999904000191,812.45837508325,-2.80199439601129,0.197600051319747,812.477385730428
-32.2799354401289,782.398435203131,-31.2479375041251,2.28710057068811,783.687271326126
-46.3199073601856,791.758416483169,-33.7859324281351,2.4434443828441,793.83147652372
-84.5398309203385,875.998248003505,-7.25998548002917,0.474837712347256,880.098074595338
-98.0998038003919,851.398297203406,-20.5019589960818,1.37943516546496,857.276479503089
-88.439823120354,728.758542482916,-47.8619042761914,3.75755800366232,735.663902496464
-109.259781480438,792.53841492317,-48.6299027401948,3.51124842620447,801.510889769194
-101.999796000408,709.55858088284,-31.8239363521273,2.56801363122526,717.558430382877
-114.119771760457,648.418703162595,-31.9379361241277,2.81983116932708,659.158682474553
-120.419759160482,557.398885202228,-42.9779140441721,4.40903390692073,571.875455598982
-170.21965956068,1265.69746860506,66.7198665602666,3.01749186035557,1278.83398262951
-112.49977500045,794.698410603179,-19.9439601120798,1.43760817465259,802.869556488053
-126.119747760504,799.3784012432,-34.8719302561392,2.49787639707685,810.017327388184
-93.3598132803733,742.978514042971,-32.9279341441317,2.53762101895453,749.544779124134
-13.9199721600556,672.898654202693,-45.4079091841815,3.86052670113914,674.572637059355
-80.09983980032,585.778828442342,-42.8699142601715,4.18569919180838,592.78212670086
-23.639952720094,805.318389363223,-34.1579316841365,2.42876973560836,806.389062368855
-111.647776704446,787.198425603149,-14.8259703480595,1.07897206458786,795.214685925684
-35.7599284801433,922.258155483691,-17.4059651880698,1.08122650080847,923.115293701287
4.49399101201795,779.458441083117,-26.7119465761068,1.96275131222254,779.928961778458
7.70998458003014,788.578422843153,-27.2039455921089,1.97577482856785,789.08518392617
24.827950344099,703.498593002815,-56.3158873682253,4.57683458289287,706.185653100727
28.1459437081124,784.318431363138,-27.8639442721113,2.0346522531262,785.317767094029
8.71198257603458,890.518218963565,-26.2919474161053,1.6911278301777,890.948855684419
4.55399089201847,800.758398483203,-9.38398123203783,0.671410889905498,800.826329910669
36.4199271601456,828.418343163315,5.4659890680217,0.37803793510117,829.236540089915
17.2379655240686,707.45858508283,-37.3979252041496,3.02597317710337,708.656053295521
33.0839338321324,786.058427883144,-39.0959218081561,2.84735446045807,787.725135961751
6.52198695602602,817.738364523269,-9.47398105203777,0.663775686919313,817.819249861496
6.11398777202449,811.138377723245,-24.0659518680962,1.69943024313866,811.518341568009
-51.0838978322047,765.418469163059,-19.4639610720777,1.45667054142428,767.368127650782
15.431969136062,672.53865492269,-36.077927844144,3.07065406945848,673.682421408014
10.5839788320424,851.698296603406,-9.20398159203668,0.6191497329386,851.813783829663
0.683998632002847,674.458651082697,-50.0098999802001,4.24061912693969,676.310527768457
21.1559576880848,772.078455843088,-37.4399251201499,2.77623420120451,773.275154466862
-2.59799480401009,590.75881848236,-32.8319343361311,3.18099037622293,591.676150528249
19.8479603040796,747.718504562994,-37.6319247361502,2.88120822927262,748.927944033002
-1.76399647200678,600.658798682404,-32.7299345401312,3.11896604713899,601.55245218779
-29.5499409001182,707.338585322829,-50.1418997162007,4.05480697370958,709.729021106542
52.067895864208,904.438191123619,22.6619546760905,1.43532498372644,906.219107905164
10.5479789040423,724.498551002897,11.3699772600456,0.899102193469184,724.664533868708
15.1379697240604,805.798388403224,-21.941956116088,1.55978333054118,806.23920167578
32.747934504131,828.118343763314,40.5119189761623,2.80070230666862,829.755165136507
36.9539260921476,890.158219683561,36.7679264641471,2.36525388154675,891.683312135146
29.8139403721195,744.59851080298,26.7119465761068,2.05456461012768,745.673749987495
50.753898492203,890.158219683561,5.65798868402245,0.364176277173926,891.621908164169
49.751900496199,881.938236123525,19.0199619600761,1.23545459416422,883.545167432102
16.9979660040682,833.518332963334,25.0259499481,1.71975902627462,834.067167801883
64.1038717922567,831.538336923325,24.3779512440976,1.67924160379731,834.361790028059
94.283811432377,817.918364163272,7.90798418403196,0.553942814662935,823.372591083523
67.7698644602711,842.518314963369,9.68998062003856,0.658941776309353,845.295073511075
60.5458789082422,826.378347243307,25.6739486521028,1.77949470280519,828.991030038771
20.0039599920799,568.678862642275,2.06999586000836,0.208556199941917,569.034350557448
86.8978262043476,794.518410963176,-56.3518872962254,4.05695769957614,801.240458763995
56.0578878842243,624.298751402499,-33.0359339281319,3.02908790064787,627.680484583728
70.5598588802824,738.538522922952,-3.98999202001583,0.309540358146399,741.912234406969
81.6298367403264,812.038375923248,9.26398147203721,0.653619373370953,816.183542820506
47.9459041081917,935.998128003745,26.2139475721045,1.60422976400454,937.591849577726
61.6978766042467,925.198149603702,25.667948664103,1.58916010141225,927.608261927528
38.6519226961545,834.95833008334,13.3079733840533,0.91313078102657,835.958423762366
38.2919234161532,849.178301643395,13.043973912052,0.880034121928431,850.141285102827
12.9299741400519,762.898474203054,1.19999760000456,0.090123055069166,763.00898170785
55.1458897082206,888.838222323557,13.7459725080547,0.886014361692081,890.653359267905
56.0458879082242,692.398615202771,-12.9539740920517,1.07181246356691,694.783987532034
12.1559756880489,649.858700282597,24.9119501760996,2.19532498905556,650.449616295906
28.0979438041123,727.13854572291,21.2819574360852,1.67645952554294,727.992363170356
-3.6959926080147,716.278567442864,4.28399143201738,0.342676317581208,716.300913807843
13.0619738760527,835.078329843341,19.1699616600766,1.31504432989595,835.400454611757
-2.57399485200963,721.018557962884,4.64399071201841,0.369029875310314,721.038107887584
12.995974008052,825.658348683304,18.4679630640739,1.28135315267738,825.967111785085
12.9539740920521,890.998218003565,29.3519412961172,1.88679883087001,891.575664982035
-19.2239615520764,819.358361283278,2.52599494800997,0.176636253343333,819.587741216919
-2.9639940720122,721.618556762889,5.4059891880216,0.429222014066552,721.644892897133
44.5979108041778,824.398351203298,-32.8559342881316,2.28228331995399,826.257301046569
28.3619432761136,743.158513682971,21.065957868084,1.62370117326048,743.997816439524
27.6719446561101,721.918556162887,3.82799234401534,0.303809547330485,722.45885127026
27.8519442961117,845.758308483383,51.833896332207,3.5070935421016,847.80280724867
12.3059753880493,624.298751402499,-40.457919084162,3.70788995886999,625.729343446183
44.1419117161771,824.698350603299,-14.6339707320583,1.01658597162737,826.008493271799
41.9699160601679,694.378611242776,-28.1039437921121,2.31769665402621,696.213301555073
11.831976336047,731.938536122929,5.10598978802067,0.399687822381094,732.051970462144
-5.06398987202039,813.658372683253,2.69399461201111,0.189703642767447,813.678590745728
-47.3759052481891,866.518266963467,32.8079343841315,2.16828519192391,868.432348509663
-48.2339035321929,857.338285323432,15.431969136062,1.03120465292081,858.832690692833
-1.25999748000509,829.738340523319,1.27799744400533,0.088249268823533,829.740281416727
27.3119453761095,809.158381683236,-15.8519682960636,1.12232009653069,809.774359872749
28.6259427481141,737.998524002953,-13.3919732160539,1.03959468019881,738.674902088446
-1.69199661600666,829.198341603316,1.19399761200476,0.082502548790022,829.200927520306
28.9739420521159,858.778282443435,30.9179381641239,2.06188562282746,859.822973998052
13.3079733840533,759.778480443036,-11.8859762280473,0.896262190646708,759.987972227728
28.3139433721136,845.458309083382,31.0919378161244,2.10611731269617,846.50347925131
12.7079745840506,911.158177683643,14.0579718840565,0.883928361076382,911.355223802058
-1.80599638800749,682.438635122731,-8.6039827920344,0.722329830305438,682.495260680259
-48.425903148194,780.718438563123,20.8559582880834,1.53022421224134,782.496849453257
-28.157943684112,766.438467123066,2.12399575200866,0.158780757986248,766.958476735493
-2.91599416801212,757.738484523032,-0.431999136001574,0.032665259941314,757.74421843555
-51.0178979642035,1117.55776488447,52.2118955762087,2.67489309377442,1119.93940273834
-37.2719254561492,784.798430403138,17.3159653680694,1.26398160673981,785.873791042217
-81.2458375083251,863.338273323454,11.4119771760459,0.757316187730573,867.227821002428
-64.0198719602557,668.338663322674,0.695998608002867,0.059667007998131,671.398240474168
-47.3999052001891,869.518260963479,27.0719458561083,1.78329474111032,871.229962417717
-52.1398957202086,932.758134483731,23.0399539200918,1.41496888809118,934.498339028981
-73.3798532402935,786.238427523144,29.8619402761196,2.17509229657444,790.219718339582
-38.9999220001563,846.058307883384,25.8179483641034,1.7478707525327,847.35011696007
-34.079931840137,767.938464123071,-17.8379643240713,1.33064869339667,768.901241646257
-19.8599602800796,769.498461003077,-1.72199655600692,0.128217241878919,769.756626980612
-42.5399149201704,848.878302243397,-5.45998908002191,0.368521631070743,849.961074321525
-79.3798412403171,856.078287843423,25.0319499361002,1.674866146695,860.114988027687
-60.7198785602429,803.398393203213,-21.3059573880852,1.5191160271759,805.971355368228
-85.0798298403399,734.518530962939,-3.8099923800151,0.29719403443494,739.439359119834
-77.9398441203122,657.658684682631,-15.5339689320624,1.35308088544803,662.443106259526
-106.139787720425,750.538498923003,-4.27799144401716,0.326576452087358,758.018465549308
-148.379703240593,826.438347123306,38.9399221201558,2.69765352110809,840.55528995087
-121.859756280488,704.338591322819,-4.72799054401898,0.384601721927276,714.818162417504
-132.599734800531,795.598408803182,-9.39598120803743,0.676629107028268,806.627424665309
-136.139727720544,811.018377963244,7.16998566002881,0.506522695929106,822.396646121761
-146.939706120588,790.618418763164,7.31998536002927,0.530461059331388,804.190489565775
-143.459713080573,794.278411443177,22.0319559360884,1.58888176594213,807.430672717
-92.5798148403699,822.838354323291,-7.58998482003036,0.528489904917057,828.06496564636
-125.0397499205,773.758452483093,15.1739696520609,1.12346817066497,783.943448983543
-96.059807880385,1034.15793168414,85.3078293843411,4.71565994147991,1042.10725940735
-106.199787600425,753.838492323017,-3.23399353201286,0.245799392726328,761.289252589566
-120.719758560483,744.478511042975,-3.80399239201488,0.292756351437278,754.212161046072
-18.2999634000728,768.298463403074,15.1499697000605,1.12966104303635,768.665687480507
-75.9118481763032,677.158645682709,-11.015977968044,0.932002240335812,681.489392351029
-29.4059411881184,810.238379523242,19.8419603160794,1.4028382639616,811.014577192539
-24.479951040098,718.858562282875,7.64398471203067,0.609231884464327,719.315877117005
-50.5978988042024,758.038483923033,11.0639778720441,0.836203228933674,759.805831826845
-9.62998074003846,728.938542122916,-37.2599254801492,2.92614531684447,729.953722346918
10.1039797920403,948.838102323793,6.79198641602711,0.410128459931112,948.916205946832
-17.7539644920712,676.678646642708,-0.827998344003088,0.070108296033418,676.912017664519
-35.729928540143,674.8186503627,-32.0939358121284,2.72289825309023,676.52557925531
4.64399071201841,784.078431843135,28.2779434441131,2.06548838452508,784.601934752109
-3.20999358001282,1028.69794260411,66.1258677482645,3.67797722973863,1030.82607241095
24.2579514840974,821.518356963287,20.0879598240804,1.40073073174095,822.121879752483
-69.4138611722781,795.538408923183,3.59399281201431,0.258842585756738,798.569070888177
-46.535906928186,790.198419603158,50.0338999322001,3.62302597558448,793.147227265773
-44.1899116201763,944.458111083777,44.2199115601766,2.68065396431418,946.524839853305
23.4839530320933,765.118469763061,15.8219683560633,1.18465683499359,765.642281685933
-44.1359117281769,837.718324563354,12.5639748720504,0.859249160506079,838.974268662571
-41.7899164201672,780.838438323124,0.20999958000099,0.015409191905722,781.955950151365
-13.8299723400557,855.778288443425,44.4059111881775,2.97038556805979,857.041207909245
-25.7699484601025,795.898408203183,17.5979648040701,1.26665015975791,796.509921337608
12.3779752440494,1034.09793180414,-26.4899470201058,1.46739516691969,1034.51121991299
-6.46798706402572,769.018461963077,-15.197969604061,1.13217850890586,769.195819006319
8.45398309203394,743.938512122976,-0.437999124001797,0.033733296404371,743.986674271186
-11.9519760960481,854.758290483421,-2.75999448001143,0.185006085764155,854.84630340914
-82.9138341723318,936.358127283745,40.3799192401616,2.4693183805206,940.888826751238
-60.5278789442426,826.318347363305,11.6999766000468,0.811206103323388,828.614822925075
-40.2659194681608,763.558472883054,14.3759712480577,1.07861441261314,764.754571304705
-124.721750556499,674.278651442697,-10.0439799120402,0.853408452337669,685.790125611133
-22.3739552520896,888.838222323553,32.2619354761291,2.07873781440619,889.704901536224
11.7359765280469,711.778576442847,21.6719566560869,1.74398077166281,712.205131077681
11.6639766720468,820.258359483281,18.0119639760723,1.25794961639674,820.539003034154
-37.1459257081488,723.538552922892,-10.04997990004,0.795789530119344,724.561149564659
-6.42598714802586,732.298535402928,22.0619558760882,1.72562783076515,732.658971255508
10.3919792160421,824.578350843298,18.7139625720749,1.30011543132775,824.856146431988
25.5899488201018,801.118397763207,18.7079625840747,1.33774548417961,801.74529657451
10.6559786880425,723.958552082894,5.97598804802362,0.472942982807191,724.061632355223
24.8459503080997,899.518200963599,48.191903616193,3.0667032622381,901.150805739891
11.3099773800447,835.258329483341,19.9979600040801,1.37152759345454,835.574240246767
-20.3759592480809,629.878740242519,-23.7599524800951,2.16025684329978,630.65596204796
