-155.081689836621,800.458399083202,86.8498263003473,6.19237488954786,819.955408247196
-161.927676144648,746.638506722988,67.7098645802706,5.18176685721979,766.990389629894
-134.621730756539,848.878302243397,52.4458951082097,3.53538759176999,861.085335100546
-159.743680512639,702.358595282811,29.5979408041183,2.41306125067661,720.90337627952
-111.617776764446,669.718660562678,9.56998086003836,0.818675407240141,679.023708665144
-140.753718492563,772.798454403091,41.237917524165,3.05450897697293,786.593685608409
-129.497741004518,688.018623962755,26.5679468641066,2.21138677619335,700.603416809717
-173.027653944692,516.598966802064,-11.831976336047,1.31205025147572,544.933993429095
-164.147671704656,867.53826492347,40.1759196481609,2.6514878379558,883.844558591645
-161.945676108648,879.898240203521,73.0558538882925,4.74624578444368,897.65498545426
-81.1918376163244,1103.45779308442,133.079733840533,6.87679987552091,1114.41528667428
-163.097673804652,655.078689842621,12.0479759040483,1.05364495248894,675.184489461805
-171.689656620687,689.398621202758,41.9879160241682,3.48530193420307,711.695708992858
-139.229721540557,760.798478403044,67.9258641482718,5.10197312983497,776.410434706372
-167.369665260669,665.03866992266,11.1839776320447,0.963454228204155,685.86742064166
-152.291695416609,834.358331283338,50.6338987322028,3.47279465173579,849.653092253306
-163.763672472655,835.258329483341,80.0758398483204,5.47618434905303,854.919386562526
-162.917674164652,819.59836080328,34.3859312281378,2.40241329253785,836.340859849062
-146.663706672586,816.058367883264,50.2798994402012,3.52571464466998,830.656108708626
-113.195773608452,750.358499283,51.8878962242073,3.95575219583819,760.620479860769
-96.299807400385,754.138491723018,52.907894184212,4.01310929834439,762.100887593386
-111.305777388445,753.598492803015,37.9499241001518,2.88288161393557,762.718730053372
-134.813730372539,805.018389963222,57.3118853762291,4.07220277243535,818.238352976268
-114.815770368459,735.058529882939,47.5979048041905,3.7049524477693,745.492631768228
-82.1458357083283,700.138599722803,13.9199721600556,1.13898961445398,705.078550780666
-112.42177515645,721.258557482883,17.2439655120689,1.36957579495875,730.171155701317
-71.8678562642875,895.858208283586,41.993916012168,2.68381105594263,899.716848289026
-72.1198557602888,905.458189083622,71.8498563002877,4.53702391179749,911.163107036193
-90.3838192323615,558.838882322233,36.6539266921467,3.75262275188327,567.286207761254
-53.7058925882148,624.118751762496,31.5179369641262,2.8909754656266,627.217601435696
-62.8078743842511,690.658618682761,42.3299153401694,3.50722549912189,694.799236023006
-68.9158621682758,599.518800962399,15.2699694600611,1.45902960890057,603.659971120415
-70.0858598282805,622.258755482488,45.8999082001836,4.21869000142655,627.873226133484
-93.4618130763741,529.438941122119,2.62199475601056,0.283749444149093,537.63145158792
-119.681760636479,631.558736882527,17.2559654880689,1.56509286352384,643.030271687598
-150.533698932602,717.958564082872,18.1019637960726,1.44429844056033,733.79327834721
-109.571780856438,739.978520042958,61.3798772402453,4.74172596673814,750.560906665839
-129.719740560519,662.578674842651,49.9199001601997,4.3086295799519,677.000522805807
-155.20168959662,780.478439043124,39.2039215921571,2.87558609300794,796.72523854403
-135.21572956854,855.058289883422,65.2558694882611,4.36420809185524,868.139563160086
-131.765736468527,718.738562522874,19.9679600640798,1.5913792377079,730.989774205947
-226.337547324905,752.158495683009,51.9598960802078,3.95177418644222,787.191792867435
-219.93556012888,1043.69791260417,83.4838330323338,4.57326668708723,1069.88155127625
-252.539494921009,586.198827602347,26.6879466241064,2.60671205039451,638.840753609486
-234.743530512938,667.438665122671,39.3839212321578,3.37696786659703,708.611310994986
-145.499709000582,658.978682042636,36.965926068148,3.2106867865716,675.862077938968
-140.363719272561,752.758494483014,48.4319031361934,3.68129240947502,767.263301576293
-232.397535204929,755.818488363022,33.6299327401344,2.54767932693283,791.455099229764
-176.933646132707,1291.13741772516,171.629656740687,7.5718824484465,1314.4573350462
-216.431567136866,721.438557122886,45.0719098561805,3.57491039976341,754.55131834419
-137.039725920549,631.318737362525,61.8958762082474,5.59950854403509,648.979455851245
-220.01955996088,584.338831322339,27.5519448961104,2.69953285224194,624.99566896427
-232.37953524093,517.13896572207,31.5959368081265,3.49628706935601,567.830310471065
-148.679702640595,512.518974962048,1.95599608800753,0.218664638692823,533.652676929612
-166.679666640667,733.498533002935,21.3599572800855,1.66801919978363,752.501466419773
-164.639670720659,670.978658042684,24.8579502840993,2.12168384102403,691.329515076634
-200.879598240803,571.258857482286,27.6179447641103,2.76785301636042,606.178229660507
-213.299573400854,801.358397283205,60.5638788722422,4.32199930436132,831.468563647084
-218.939562120876,716.518566962867,64.1698716602566,5.11763452895311,751.964866927368
-226.439547120905,389.279221441557,15.4079691840615,2.26662758835311,450.611347239328
-220.199559600882,466.079067841863,-0.809998380003271,0.099574181861846,515.478612190785
-256.199487601025,794.878410243179,45.2639094721809,3.25915658492588,836.372336951945
-228.179543640913,569.338861322276,26.249947500105,2.63981073277893,613.923206021469
-240.899518200964,717.418565162869,50.5378989242023,4.02949264417796,758.469547666536
-223.679552640894,480.059039881922,-1.01999796000383,0.121738130980771,529.613315955917
-214.019571960856,726.298547402906,49.193901612197,3.87485904029885,758.77137340421
-234.659530680939,790.918418163165,46.4699070601857,3.36251131267124,826.302905592921
-227.759544480911,730.318539362919,35.1239297521405,2.75346078977572,765.81542781572
-179.819640360719,492.839014321971,15.1079697840606,1.75585106559225,524.836782103071
-188.339623320753,564.478871042256,12.1919756160489,1.23731850443707,595.194803266262
-160.31967936064,479.279041441917,-15.1199697600602,1.80692906743177,505.607963387966
-206.999586000828,619.078761842475,36.5039269921458,3.37453349907574,653.788863972747
-201.599596800807,638.818722362555,52.277895444209,4.67838978782032,671.911255913495
-209.699580600839,700.318599362799,17.5679648640703,1.43700193033592,731.251453405124
-168.119663760673,565.618868762264,26.9039461921076,2.72325006586206,590.688368231179
-170.699658600683,636.418727162544,23.5859528280946,2.12243497993662,659.33562538391
-177.659644680711,702.89859420281,22.8539542920912,1.86225154733184,725.363140990186
-158.159683680633,733.258533482933,54.5758908482182,4.25663393221034,752.104441104676
-109.85978028044,728.758542482916,54.725890548219,4.29454778992943,739.021723402896
-183.443633112734,584.338831322336,17.4239651520696,1.70795417267245,612.704684886915
-162.41367517265,588.598822802355,2.42399515200959,0.235956820228873,610.600238977927
-119.411761176478,752.998494003013,40.7579184841629,3.09825335631531,763.496632996659
-85.7758284483436,713.218573562853,16.7519664960672,1.34550693038411,718.553306862139
-96.1198077603839,907.49818500363,89.5498209003582,5.6355704728603,916.957547355417
-103.739792520415,718.018563962871,31.7759364481268,2.53397330330734,726.169617158855
-114.263771472457,639.538720922558,34.7219305561392,3.10765988971675,650.593265790475
-139.463721072558,483.599032801935,27.3299453401094,3.23455292585102,504.04868805966
-132.107735784529,651.778696442607,20.1539596920808,1.77110577405649,665.337587305729
-172.871654256691,579.118841762316,10.0139799720404,0.990645739497369,604.453076362799
-148.307703384593,586.078827842346,11.1419777160448,1.08912210454351,604.655034706315
-152.735694528611,495.119009761978,12.8039743920512,1.48136146579488,518.300075218064
-190.127619744761,761.758476483045,51.7618964762073,3.88730333793,786.831482727015
-170.999658000685,585.118829762338,41.5319169361661,4.06006295135708,611.007224264322
-101.747796504407,732.778534442932,49.6499007001986,3.87618954056171,741.472930910747
-141.941716116568,582.178835642327,27.7919444161112,2.73310031798774,599.876687010256
-141.701716596567,580.798838402324,-1.87199625600739,0.184671707697054,597.837914108736
-144.425711148577,589.858820282361,12.5879748240504,1.22254401487337,607.413097501067
-143.387713224574,588.11882376235,12.8459743080515,1.2512830147432,605.482292245864
-119.903760192479,637.558724882549,45.8099083801833,4.10975704779007,650.351125998839
-28.6679426641148,812.038375923248,68.8678622642757,4.84757670832221,815.457514136396
-24.3719512560978,861.958276083447,61.9498761002477,4.11084141557754,864.525215864531
-47.8679042641916,696.418607162784,38.7479225041551,3.18458718432252,699.136334458156
-83.1598336803324,638.278723442555,44.8559102881793,4.01993013024489,645.234329081288
-46.6379067241868,693.778612442774,39.2639214721568,3.23915977181452,696.452089490732
-131.603736792526,587.578824842351,37.1159257681485,3.6144328251182,603.279380458591
-45.3599092801815,839.938320123358,25.6259487481027,1.74751332029043,841.552489290356
-52.6978946042105,676.858646282708,32.3219353561292,2.73396041478985,679.675954149139
-82.5778348443303,690.598618802762,50.7778984442031,4.20524050417714,697.36930393463
-50.6458987082024,655.678688642623,16.1039677920644,1.40694510800461,657.828919685596
-51.8098963802069,656.398687202626,0.287999424001333,0.0251389144438,658.440266742494
-57.7618844762312,774.598450803097,17.6999646000709,1.30900961002887,776.950760364932
-48.0479039041921,677.878644242712,4.2959914080174,0.363101689998543,679.592902355595
-49.5839008321985,805.258389483221,51.5038969922058,3.65962264524634,808.425808878113
-86.7958264083472,715.13856972286,56.051887896224,4.48162695704565,722.563840448646
-38.0939238121523,674.278651442701,2.42999514000981,0.206484163060047,675.358239528603
-129.97774004452,684.178631642738,22.4279551440899,1.87753186104523,696.776596963155
-121.361757276485,539.878920242159,1.07999784000436,0.114616876586881,553.352591975867
-76.3678472643057,785.158429683141,67.4578650842697,4.91057935443785,791.742616864855
-94.6558106883784,825.898348203306,26.5439469121061,1.84082315091757,831.728552581728
-111.107777784445,718.858562282875,-2.54999490001044,0.203243503522945,727.398840613312
-118.037763924472,652.738694522609,16.6199667600665,1.45854421422218,663.533676865368
-100.193799612401,739.438521122955,13.1519736960527,1.01898009730205,746.311663055975
-125.243749512501,727.258545482908,15.3179693640612,1.20662073951631,738.123044590333
-110.555778888442,833.518332963334,27.1139457721081,1.86314683725017,841.255346305115
-160.583678832642,760.078479843041,16.559966880066,1.24811601774282,777.03323347911
-179.783640432719,662.93867412265,-12.251975496049,1.05878055869285,686.993416211753
-127.39774520451,617.038765922468,14.2199715600566,1.32017664116884,630.213639748842
-109.427781144438,696.95860608279,26.6879466241068,2.1928992391846,706.001405362675
-116.501766996466,630.658738682521,30.4379391241218,2.76316351130664,642.051068473568
-98.8498023003955,703.618592762813,10.8899782200435,0.886701949190861,710.611707701176
-69.2638614722768,712.67857464285,41.1299177401648,3.30297513947579,717.216775734037
-65.2318695362611,772.85845428309,21.3299573400857,1.58089282085802,775.899706302414
-86.4658270683458,619.978760042482,28.1399437201126,2.59878935106999,626.611409556989
-44.8259103481791,1336.01732796534,116.081767836464,4.96575453232588,1341.7997763028
-98.7718024563951,734.518530962939,28.2659434681131,2.2037844726805,741.6685950265
-81.5998368003268,836.458327083348,58.2478835042332,3.98343694943006,842.445180558139
-82.9438341123316,722.45855508289,43.6079127841747,3.45420725434444,728.5105994336
-77.0758458483082,553.978892042216,17.1359657280687,1.77173817684612,559.577465739094
-55.4038891922217,739.258521482955,26.6999466001068,2.06846393791054,741.812401939491
-67.49986500027,716.518566962867,27.48594502811,2.19681238626487,720.215638369275
-132.671734656531,636.058727882544,14.2139715720568,1.28017275658907,649.90347858754
-99.7498005003987,819.898360203281,33.9119321761355,2.36846885061814,826.639802397524
-60.581878836242,796.438407123186,16.8599662800678,1.21272485163508,798.917116381425
-131.477737044526,557.518884962232,10.6319787360425,1.09250770943442,572.910762160848
-134.567730864538,649.858700282601,23.6459527080947,2.0838620137478,664.066213266791
-147.70170459659,643.318713362572,9.12598174803676,0.81273116613633,660.119719479792
-123.917752164496,618.178763642473,7.19998560002907,0.66729910404973,630.517591279322
-126.803746392507,710.518578962841,35.2559294881411,2.84068652150794,722.605578247652
-95.9518080963836,763.978472043056,15.3419693160616,1.15044073716089,770.133255511475
-112.60777478445,775.798448403104,31.7639364721268,2.34458261650374,784.571660937848
-128.093743812512,788.758422483153,32.3519352961295,2.34874312777814,799.746524818597
-82.6438347123302,849.238301523397,42.5519148961704,2.86846209289524,854.310459757829
-49.8539002921994,753.598492803015,15.3899692200617,1.1699303249747,755.402509184285
-115.709768580463,765.718468563063,30.0299399401198,2.24587440904195,774.993755417625
-136.517726964546,596.698806602386,-9.40798118403787,0.903291493030909,612.188750048739
-96.4558070883857,697.978604042794,32.5919348161303,2.6734700196299,705.365216492604
-42.5999148001705,835.858328283346,25.0919498161003,1.71946746552257,837.319236401019
-68.4118631762737,692.45861508277,31.1579376841247,2.57634887731831,696.527051668723
-81.6358367283264,688.138623722752,16.2239675520646,1.35058934107995,693.153945686316
-48.5459029081942,769.318461363077,28.6559426881148,2.13319444852965,771.381074913411
-53.8438923122152,663.718672562656,-15.1799696400607,1.31018852682841,666.072122615814
-81.9478361043278,686.938626122748,2.72999454001074,0.227700606459173,691.814698291226
-66.2278675442649,610.198779602438,4.21199157601684,0.395486710204189,613.796726889939
-57.9898840202317,619.558760882476,20.08795982408,1.85705106482828,622.590885706499
-31.0559378881241,861.298277403443,57.9658840682317,3.85023384806964,863.80509239762
-55.8538882922235,690.478619042761,17.9819640360716,1.4918026279214,692.967337775131
-65.7718684562631,862.558274883449,32.1599356801287,2.13524757889866,865.659851046061
-79.4338411323179,721.198557602887,36.1979276041446,2.87334120012368,726.462238914284
-88.3078233843531,634.55873088254,23.477953044094,2.11891231332609,641.103945463824
-88.5298229403541,631.318737362525,23.2079535840929,2.10530626600904,637.918087848608
-73.3918532162937,610.918778162445,7.18798562402905,0.674103090746408,615.353382023165
-53.1058937882123,864.478271043456,31.6619366761268,2.09754819453793,866.686445778062
-170.621658756683,124.139751720498,-107.297785404429,40.8378592770383,236.717644350402
-75.0898498203004,831.358337283325,54.2158915682171,3.73118216912362,836.501364861449
-27.3179453641091,978.898042203915,63.7318725362552,3.7250263803786,981.350803100784
-85.8778282443435,555.118889762221,-19.7339605320788,2.03595435589449,562.068867980684
-66.4438671122657,719.938560122881,9.69598060803878,0.771600818991229,723.06315759316
-67.51186497627,907.918184163632,50.7478985042028,3.19920679414562,911.838050450931
-201.269597460805,614.99877000246,-10.8539782920435,1.01109566571408,647.186794373415
-136.139727720545,625.558748882502,-4.68599062801869,0.429188248995474,640.218503540339
-152.39969520061,893.098213803572,25.9319481361034,1.66316965032357,906.378812931162
-189.503620992758,757.31848536303,15.1799696400607,1.14830386011578,780.81581830813
-204.827590344819,828.538342923316,27.6599446801106,1.91205361802653,853.92927107594
-197.699604600791,739.378521242956,14.5919708160585,1.13061145129587,765.492427752899
-204.719590560818,891.538216923568,38.6219227561542,2.48053354064201,915.55565418604
-172.859654280691,604.19879160242,10.7999784000432,1.0240458911941,628.532639872669
-159.059681880636,665.458669082661,21.3419573160853,1.8369061172831,684.536852038893
-216.599566800866,633.838732322535,5.07598984802041,0.458833711464271,669.845263179115
-233.519532960934,575.878848242301,20.6699586600829,2.0556289085167,621.767695621268
-221.999556000887,692.638614722771,13.649972700055,1.12899365682989,727.473968760658
-222.47955504089,730.978538042923,42.5279149441699,3.32968237792824,765.268187657151
-199.139601720798,705.478589042822,13.253973492053,1.07630114963672,733.165935095663
-203.999592000816,802.85839428321,39.3539212921571,2.80623624043456,829.304627943546
-273.899452201097,753.298493403014,43.2359135281728,3.28491368635516,802.713444697376
-264.899470201059,680.998638002722,16.2659674680653,1.36827602821918,730.88676001966
-257.27948544103,665.03866992266,1.99799600400824,0.172134943831799,713.073038411448
-211.319577360845,661.558676882647,18.9299621400757,1.63902478357418,694.747573008578
-238.199523600953,805.61838876322,27.6659446681103,1.96683590851194,840.550656326879
-236.939526120948,772.018455963089,19.7999604000791,1.46914302193274,807.8024967886
-179.639640720719,776.278447443104,34.5599308801383,2.54912590623031,797.541859280994
-241.499517000966,724.438551122899,8.20198359603309,0.648666425756218,763.675653402447
-151.079697840604,772.738454523092,39.6119207761582,2.93451297119024,788.364698896343
-230.099539800921,821.158357683287,50.2798994402012,3.50387211957981,854.268643283496
-212.69957460085,786.95842608315,32.1839356321288,2.34189837327907,815.831158470565
-269.099461801075,469.739060521879,-17.5199649600698,2.13598368992846,541.642183081976
-286.379427241145,725.278549442899,32.4299351401298,2.56020474693508,780.444649749202
-265.319469361061,642.418715162569,34.7099305801387,3.09268809167372,695.917384244739
-288.719422561154,520.738958522085,-23.8919522160957,2.62693749672534,595.901664091826
-235.799528400943,680.578638842723,33.9419321161357,2.85509920222406,721.069175598914
-302.699394601211,717.478565042868,21.0839578320842,1.68321997323878,779.003817747884
-218.915562168876,815.998368003265,23.6159527680944,1.65774453155679,845.183455333132
-203.741592516814,663.538672922656,1.90199619600765,0.164234671861111,694.116578518894
-197.48960502079,752.09849580301,42.7919144161712,3.2564292514101,778.771750527598
-212.807574384852,744.958510082983,44.2739114521769,3.40116653701013,776.022180543763
-126.059747880504,608.398783202436,-6.70798658402697,0.631697100656461,621.357494943058
-92.2438155123684,776.098447803105,34.2539314921367,2.52717012768272,782.311353621649
-72.2098555802892,694.018611962777,-4.56599086801807,0.376946996924048,697.780012085666
-100.913798172404,715.018569962859,25.9919480161039,2.08186687159694,722.57230185981
-200.261599476801,578.638842722315,-10.7399785200431,1.06333129876889,612.407516014163
-37.47592504815,766.258467483066,20.159959680081,1.50708181457311,767.439188419522
-144.533710932578,620.098759802483,-12.4799750400498,1.15296695465791,636.842378678994
-109.94378011244,847.798304403391,24.2279515440967,1.63692432117803,855.240664006746
-85.6858286283428,673.678652642695,12.0659758680481,1.02609097208279,679.213203661304
-100.829798340403,684.418631162737,26.7299465401067,2.2365480688085,692.322180027534
-113.063773872452,691.498617002766,27.1559456881089,2.24891549817686,701.206959224761
-69.5218609562783,736.618526762948,7.57198485603012,0.588944588306888,739.930725187094
-67.0138659722677,734.75853048294,9.05398189203622,0.705985265808356,737.863761773201
-125.759748480503,720.598558802882,31.0979378041242,2.47110636323716,732.150858103942
-105.707788584423,719.518560962879,31.2779374441249,2.48911750797079,727.914421830108
-122.255755488489,728.218543562913,17.8799642400716,1.40650181116435,738.626028555844
-90.8278183443631,763.678472643054,39.4019211961576,2.95355156120474,770.069486187819
-122.897754204491,698.998602002796,29.4719410561178,2.41433711644589,710.331963873221
-141.683716632566,677.398645202709,11.5559768880461,0.977333643204025,692.153697297876
-61.4878770242459,706.258587482824,3.49199301601436,0.283288352279624,708.938745893753
-137.951724096552,769.618460763078,27.0959458081083,2.01637881839639,782.353784171699
-179.423641152717,833.578332843333,36.4259271481454,2.50213434415306,853.44743725608
-136.679726640547,758.818482363036,7.73398453203103,0.58394641125675,771.068512758119
-154.499691000618,766.498467003066,38.4839230321542,2.87426069450093,782.860822093737
-201.737596524807,694.678610642777,-14.2919714160575,1.17860853323474,723.519654455318
-216.263567472865,765.058469883059,28.673942652115,2.14640755729239,795.554264612487
-220.07355985288,763.438473123055,-16.2299675400652,1.21786970748112,794.691188976657
-220.775558448883,877.558244883512,-5.59798880402235,0.365487742431106,904.920801976668
-213.749572500855,685.198629602742,-42.4619150761696,3.54609776982811,719.019510156511
-188.843622312756,823.858352283297,23.6219527560942,1.64235452260903,845.554548782728
-198.359603280793,859.498281003437,25.5539488921021,1.70297285890818,882.460668565777
-181.301637396725,1126.4977470045,144.131711736577,7.29119377560717,1150.06148012055
-258.419483161033,727.138545722909,-2.62799474401078,0.207075189044537,771.698127709026
-266.117467765065,587.638824722351,-10.5059789880421,1.02424160623223,645.173054742101
-244.157511684977,661.618676762646,14.4359711280578,1.24994808627915,705.379728384481
-199.829600340799,681.118637762725,26.9939460121079,2.26954615241596,710.340158657398
-154.241691516616,652.43869512261,-15.9239681520637,1.39813146293551,670.611901964846
-146.039707920584,849.658300683399,23.8499523000955,1.60787327721042,862.447473435019
-133.781732436536,736.078527842946,-2.57399485201048,0.200356938551836,748.141548461692
-168.875662248675,619.978760042478,-11.4659770680458,1.05951566705704,642.669526921778
-141.419717160566,827.818344363311,23.3459533080933,1.61541496287665,840.135573108324
-177.62964474071,817.978364043273,8.81398237203539,0.617356728787489,837.089350678214
-190.15161969676,819.778360443278,8.83198233603521,0.617259200419379,841.589093700931
-207.131585736829,778.498443003112,27.5219449561101,2.02471162280387,806.052589489228
-231.197537604925,707.818584362833,15.2879694240609,1.23732263245119,744.777263195579
-200.117599764801,684.658630682739,0.671998656002827,0.056236309217419,713.305646890715
-177.647644704711,758.098483803034,-1.67399665200642,0.126517582135075,778.636499965408
-167.879664240672,606.058787882423,-25.0979498041005,2.3713630488322,629.381238296345
-176.399647200705,747.178505642987,-1.75799648400699,0.134807937197701,767.72107264231
-166.253667492665,817.67836464327,22.7939544120911,1.59678830390466,834.720165275881
-192.083615832768,761.098477803046,-2.12999574000846,0.160346461379988,784.965951661189
-204.413591172817,828.958342083314,25.901948196104,1.78970345752354,854.182509822133
-165.905668188664,805.438389123224,17.7959644080715,1.26573030825677,822.540203126725
-133.907732184535,830.638338723322,29.243941512117,2.01635606728244,841.870856254693
-183.707632584735,790.558418883161,-15.9059681880639,1.15263069775357,811.778361229795
-173.393653212694,798.478403043193,40.6259187481623,2.91265014696136,818.097539646089
-170.135659728681,770.21845956308,-4.76399047201904,0.354383958889982,788.799919984945
-181.139637720724,816.298367403265,3.76199247601545,0.264051447427354,836.163109426755
-270.119459761081,647.338705322587,7.01398597202812,0.620781771636279,701.470682173929
-252.359495281009,690.478619042764,-19.2659614680771,1.59827099313873,735.40275732756
-216.539566920867,782.63843472313,21.0359579280841,1.53964006084921,812.314480404048
-237.47952504095,684.178631642738,-6.45598708802613,0.540633421637582,724.250374234964
-238.859522280955,680.578638842723,-22.9739540520923,1.93337094805442,721.643234291078
-239.93952012096,528.898942202116,-33.4379331241336,3.61752661065087,581.741488764561
-236.039527920943,691.258617482766,21.4019571960858,1.77335978191141,730.760685010592
-245.399509200982,587.818824362353,-35.8739282521437,3.49236611510838,637.995946788897
-237.779524440951,606.778786442427,9.14398171203658,0.863365558761161,651.769292251069
-243.659512680974,670.198659602682,-9.66598066803852,0.826294552994442,713.182748414063
-215.639568720864,764.938470123058,17.9459641080715,1.34395047263469,794.954932244648
-208.079583840833,517.378965242069,-47.0579058841883,5.19700501404209,559.636090144777
-242.819514360972,676.858646282708,21.1979576040851,1.7938112433833,719.408296455318
-260.759478481043,596.458807082388,-6.32398735202548,0.60745889620148,650.998162040323
-300.599398801203,963.418073163851,53.0158939682117,3.14975034037182,1010.61618197595
-277.43944512111,749.638500723,3.28199343601337,0.250845134877326,799.338037976582
-293.699412601175,684.178631642738,8.26198347603276,0.691857000164106,744.599224636826
-274.8594502811,762.478475043052,7.3859852280296,0.554996054654364,810.540372276788
-280.919438161124,803.878392243217,24.7979504040992,1.76689346279881,851.910287880446
-271.499457001086,685.858628282744,-16.9739660520678,1.41769468752864,737.836112334785
-234.125531748937,659.81868036264,18.8699622600756,1.63813880394278,700.379562128932
-203.819592360816,938.218123563753,58.0498839002323,3.54051874305074,961.855219164739
-230.01553996892,675.778648442705,6.02398795202413,0.510729281911901,713.876893272985
-194.453611092778,834.118331763336,14.8799702400598,1.02200016540896,856.613688756499
-209.321581356838,984.538030923938,57.995884008232,3.37120939157052,1008.21336101006
-208.769582460835,973.378053243894,26.3639472721054,1.55147703473699,995.86376117093
-190.241619516761,904.918190163619,14.5679708640584,0.922305639832093,924.814051829045
-136.019727960544,740.578518842963,16.667966664067,1.28932032850228,753.150536133921
-155.639688720623,805.618388763224,31.0859378281246,2.20974333440841,821.103548006681
-163.757672484655,738.658522682957,-11.261977476045,0.873493998782309,756.676827031482
-154.96769006462,795.058409883182,2.01599596800806,0.145282172343599,810.022792475423
-269.465461069078,348.779302441398,-102.215795568409,16.3341336313489,452.445251256284
-184.391631216738,583.498833002335,-20.7599584800833,2.03763304443191,612.292526211084
-108.893782212435,699.7786004428,9.38998122003763,0.768777448042435,708.262745871563
-128.027743944512,794.158411683176,21.9719560560878,1.58479626417132,804.712031051852
-146.561706876586,824.698350603297,-3.95399209201577,0.274700832229816,837.629594429328
-59.6398807202385,972.71805456389,102.269795460409,6.00192302418853,979.896137409673
-92.1778156443685,656.278687442626,7.33798532402909,0.640609054810771,662.761126890375
-127.745744508511,855.59828880342,21.0599578800842,1.41001112278306,865.338620927834
-101.639796720406,1435.31712936574,126.095747808504,5.02066945134907,1444.42585401379
-117.065765868468,662.878674242652,0.07199985600012,0.006223292464261,673.136342421092
-160.985678028644,614.278771442457,5.60998878002237,0.523247358251061,635.048241907108
-79.1338417323165,871.498257003485,25.9739480521041,1.70712584348114,875.469030203148
-106.319787360425,901.858196283608,12.2579754840488,0.778711130858791,908.186303217163
-127.727744544511,825.5383489233,15.8279683440631,1.09839196140015,835.510901695086
-105.173789652421,899.218201563598,14.4419711160576,0.920124677580187,905.463124916107
-116.141767716465,556.438887122226,-10.8239783520437,1.11439025476377,568.533467631847
-84.6778306443385,807.958384083232,12.5639748720504,0.890893309714098,812.480731388508
-149.153701692597,739.618520762958,4.35599128801708,0.337440212463363,754.520614459467
-162.227675544649,725.578548842903,-11.4539770920458,0.904395591682414,743.581362626053
-101.765796468407,678.298643402714,-7.9979840040319,0.67555714121765,685.936800821285
-128.483743032513,577.618844762311,-34.3919312161376,3.40741806014669,592.734685150926
-178.937642124715,786.598426803147,29.2979414041173,2.13307415878488,807.226197660147
-199.523600952798,545.098909802179,-7.79398441203113,0.819176072788067,580.519797248733
-189.95962008076,698.878602242794,1.6559966880066,0.135762410286705,724.236632779024
-271.757456485087,1622.57675484649,140.957718084564,4.96497741365226,1651.20456600962
-185.03962992074,475.019049961902,-22.2359555280891,2.68009685473244,510.271692518956
-167.891664216671,721.738556522887,14.4899710200581,1.15014316572248,741.150534065345
-196.607606784787,854.278291443417,-4.61999076001837,0.309856160461761,876.62266374521
-201.191597616805,613.618772762456,-26.6099467801065,2.48311012662396,646.308089463335
-180.563638872722,775.018449963099,26.249947500105,1.93987184991948,796.207187363893
-158.957682084636,870.118259763481,6.67798664402671,0.439725214213343,884.54390856145
-162.701674596651,938.698122603757,33.1619336761327,2.02327984426083,953.271060161543
-144.359711280577,804.118391763216,28.5659428681144,2.0345511268133,817.473013196654
-150.401699196602,705.538588922823,15.3539692920612,1.24667710339475,721.554652090509
-169.559660880679,715.79856840286,-1.40399719200575,0.112382189542775,735.60861899088
-170.699658600683,726.238547522908,30.6899386201226,2.41980870029827,746.661016584554
-144.94171011658,646.198707602584,-20.5379589240822,1.82040348896903,662.57277094334
-116.489767020466,836.158327683343,-11.8379763240473,0.81111524910864,844.316737047263
-156.665686668627,709.018581962837,-34.3739312521373,2.77558357519488,726.934009451801
-184.751630496739,725.878548242903,-19.7759604480791,1.56059006879602,749.282270163969
-208.637582724835,721.858556282889,-31.4999370001259,2.49864624354023,752.064932193419
-194.96361007278,789.838420323159,-20.3639592720813,1.47689763269232,813.799871165159
-167.807664384672,781.918436163127,-20.531958936082,1.50415218857798,799.985883860322
-215.633568732863,746.578506842985,-19.3859612280778,1.48743127740727,777.337197319869
-200.231599536801,662.398675202651,-46.3739072521855,4.00468939327442,693.552620669208
-175.0196499607,744.238511522977,-6.79798640402691,0.523333706086687,764.571155959634
-166.931666136668,709.738580522838,-47.201905596189,3.80491248367761,730.631955045526
-190.913618172764,745.918508162985,-21.6779566440867,1.6646669916237,770.267722436927
-160.529678940642,658.018683962631,-34.6859306281387,3.01742159642626,678.204600432818
-163.439673120653,737.218525562948,-22.6739546520909,1.76163846229302,755.458661610652
-130.913738172524,644.098711802577,-49.3619012761973,4.38241999385191,659.119226457281
-145.673708652582,715.498569002863,-36.0479279041446,2.88421157591882,731.066675990586
-105.695788608423,714.298571402857,-22.733954532091,1.82293532967454,722.433998041611
-84.8758302483391,937.858124283752,13.2419735160526,0.808927025659988,941.784007991207
-94.8538102923794,1019.15796168408,85.3858292283418,4.7890996440132,1027.11778098913
-146.333707332585,53.6398927202149,-163.319673360653,71.8180110324487,225.752314936891
-130.805738388523,701.338597322805,-50.9158981682039,4.15228405810886,715.247088757697
-152.47169505661,892.558214883569,8.81398237203539,0.56577550686528,905.530491499228
-137.903724192552,867.65826468347,-34.4339311321378,2.27265066534754,879.223519381117
-159.353681292638,766.978466043065,12.1199757600484,0.905326155290156,783.451630241276
-203.123593752812,705.898588202823,-24.2219515560969,1.96525580300666,734.941299766847
-125.939748120504,910.138179723641,0.467999064001634,0.02946186570065,918.810396855871
-126.641746716507,620.698758602481,-39.6479207041587,3.65487515947935,634.725955478608
-95.3278093443813,743.338513322972,-54.5698908602184,4.19866008849205,751.410280480711
-92.9878140243718,755.038489923022,-54.6118907762182,4.13699609325752,762.700670929574
-85.9198281603438,614.758770482461,-38.6819226361547,3.60042509589388,621.937982354382
-84.1798316403366,608.878782242435,-23.6159527680944,2.22115889767854,615.123832041298
-57.3298853402294,805.678388643221,-42.4739150521696,3.01773683665293,808.831512207406
-43.7219125561747,579.898840202319,-68.4238631522737,6.72937268746713,585.556227491644
-53.5558928882143,674.158651682698,-27.2219455561088,2.31229804683646,676.830226586806
-43.799912400175,582.29883540233,-68.7418625162753,6.7327515013124,587.976028167288
-49.4459011081979,750.898498203005,-14.6039707920585,1.11418576095563,752.666411966699
-76.4218471563056,753.538492923012,-11.9039761920476,0.905051132877571,757.497368766814
-79.1458417083165,754.018491963015,-27.2459455081092,2.06944366418251,758.650309449965
-96.7258065483868,688.438623122753,-39.6299207401585,3.29459159385661,696.32905301837
-82.3498353003295,677.818644362713,-40.0859198281605,3.3845070832931,683.978428744772
-16.0259679480641,1038.41792316415,107.65178469643,5.91865550855933,1044.10608730414
-94.8538102923794,779.038441923117,-13.775972448055,1.01307301570408,784.912680963857
-164.339671320657,50.5798988402034,-163.043673912653,72.7649074177532,236.957999104065
-103.085793828412,868.318263363472,-13.1159737680526,0.865388679289198,874.514331585066
-146.807706384587,694.678610642779,-47.4179051641898,3.9048821398539,711.603353328696
-143.483713032574,778.258443483112,-21.2699574600852,1.56551530210056,791.660401844581
-147.083705832588,693.898612202777,-60.767878464243,5.0048851348112,711.914064751802
-97.7578044843911,901.978196043607,-19.727960544079,1.25296674831258,907.474763782948
-138.425723148554,822.11835576329,-33.9059321881357,2.36166299742078,834.379939805412
-131.669736660527,734.698530602939,-34.0079319841361,2.65023141886858,747.178285190495
-169.745660508679,729.478541042919,-35.1539296921408,2.75897737110958,749.792191127937
-177.51564496871,704.218591562817,-35.1899296201408,2.86070091122808,727.099690591355
-189.77962044076,852.298295403408,-12.46197507605,0.837696969383909,873.260550755037
-161.957676084647,843.778312443376,1.74599650800697,0.118559681726861,859.182854749987
-140.03971992056,685.798628402742,-40.4399191201617,3.37468842476068,701.117870926819
-204.533590932818,688.678622642755,-28.4099431801137,2.3622737096447,718.971042515965
-236.219527560945,677.758644482711,-27.3599452801092,2.31167645381891,718.265279668931
-223.499553000894,841.258317483363,-3.83999232001536,0.261529450241153,870.449511728024
-235.16352967294,730.678538642924,-30.6299387401225,2.4004253863226,768.19997765479
-235.379529240942,759.238481523037,-18.3659632680731,1.38571348556194,795.099932849864
-233.999532000935,797.51840496319,-11.1299777400448,0.799554406782607,831.213127685182
-240.059519880961,892.618214763568,-10.0319799360402,0.643910130910723,924.389793882761
-227.759544480911,799.198401603196,-36.6299267401466,2.62422002778207,831.825851221423
-254.399491201017,733.678532642935,-33.935932128136,2.6482999276715,777.274042969294
-181.799636400727,581.278837442324,-60.965878068244,5.98742431691945,612.089072719297
-219.599560800879,648.238703522595,-64.5238709522582,5.68433846790082,687.459608828953
-182.51963496073,577.67884464231,-45.989908020184,4.55180554850557,607.570025867947
-199.919600160799,586.678826642348,-32.8979342041319,3.20949177694638,620.678794735083
-174.8996502007,509.458981082037,-44.6459107081788,5.00826183931128,540.491996599799
-200.159599680801,584.098831802337,-19.5239609520782,1.91444352808323,617.751160021972
-216.239567520865,722.93855412289,18.1979636040728,1.44195708308155,754.805186441006
-231.659536680926,585.538828922343,-20.5019589960822,2.0053256565348,630.033484374956
-201.239597520804,653.938692122616,-9.56398087203814,0.837902208457793,684.269434064896
-217.619564760869,831.598336803327,12.3659752680494,0.851932892721834,859.690052335782
-199.739600520799,694.018611962777,19.98596002808,1.64951595350838,722.466040977146
-190.01961996076,759.838480323039,2.02799594400807,0.152921095161939,783.240757951988
-186.719626560748,662.038675922648,-8.70598258803478,0.753411132323972,687.92094131028
-292.079415841168,830.338339323321,29.6339407321187,2.04396127485418,880.710118797124
-204.599590800819,563.158873682251,-0.317999364001597,0.03235324942942,599.173606466873
-183.239633520733,704.878590242822,-6.05398789202396,0.49208392995541,728.331820700509
-183.419633160734,707.518584962829,8.02798394403216,0.650088731776794,730.951269526791
-162.29967540065,633.418733162531,-2.35199529600947,0.212748340878029,653.885317191214
-172.799654400691,722.278555442886,10.1459797080406,0.804791420587284,742.730754121503
-212.279575440849,843.178313643373,17.5019649960699,1.18912539424668,869.665801056102
-175.319649360702,712.738574522852,-4.34999130001728,0.349683680352207,733.997396105148
-172.48165503669,662.338675322652,1.79399641200747,0.155189747080776,684.430902703471
-147.875704248591,738.358523282952,16.3919672160657,1.2717890530093,753.199329129289
-136.979726040548,727.258545482908,3.04199391601211,0.239656718103116,740.052492091638
-137.49572500855,803.698392603216,-9.71398057203903,0.692477419641873,815.432733024112
-118.847762304476,677.158645682709,-5.44198911602209,0.460447929166277,687.53053552054
-184.94963010074,704.63859072282,13.799972400055,1.12196396954872,728.637322986193
-132.575734848531,561.298877402246,-29.9939400121202,3.05878615147598,577.52263304662
-83.2258335483331,855.358289283423,33.6059327881343,2.24992068361815,860.054475678279
-120.353759292481,843.178313643373,20.0519598960804,1.36231701003431,851.960549010333
-145.823708352584,639.838720322559,-1.90199619600723,0.170317972690936,656.248245354788
-131.663736672527,736.438527122946,11.807976384047,0.918595671664713,748.20884256461
-121.301757396485,732.838534322931,-15.197969604061,1.18805803793377,742.965283183638
-132.269735460529,837.058325883346,1.71599656800713,0.117458031576188,847.446085891987
-122.117755764488,762.538474923047,31.4279371441254,2.36010334488209,772.894163028843
-121.835756328487,868.738262523474,29.9279401441195,1.97305318085945,877.750421186859
-49.2659014681971,768.778462443074,12.1079757840488,0.902312685264231,770.450554183329
-76.4458471083056,724.318551362897,31.4999370001259,2.49017081947789,729.022343566756
-56.5078869842261,702.838594322811,1.49999700000592,0.122280375027726,705.108134226295
-30.6119387761225,699.718600562801,-13.0019739960522,1.06453153121975,700.508573892563
66.5998668002664,1380.35723928552,94.0258119483763,3.89679784132131,1385.15793453971
-5.80198839602312,787.078425843148,0.119999760000627,0.008735444285594,787.099819525464
-16.8179663640673,721.858556282888,1.06199787600412,0.084293455715087,722.055224419107
-35.2079295841408,821.998356003287,16.8059663880671,1.17126366856197,822.923651430645
-84.9418301163398,748.018503962991,-7.60198479603038,0.582267213938697,752.864255325875
17.3099653800692,837.778324443353,19.8479603040792,1.35715097349824,838.192160149928
-7.00798598402833,685.378629242742,25.4639490721018,2.12773787131958,685.887301232906
-31.7759364481272,841.618316763366,19.3139613720772,1.31462713067877,842.439392688067
-83.6218327563346,664.378671242656,-5.71798856402298,0.493105118314075,669.644924649552
-94.4518110963781,830.758338483323,35.285929428141,2.43213973130519,836.854622019001
-113.357773284454,654.358691282618,-18.8579622840756,1.65075009566997,664.37256442648
-122.36975526049,747.418505162989,7.24198551602893,0.555140417434694,757.404268021249
-184.571630856738,729.77854044292,7.67998464003073,0.602942453116339,752.796378293749
-186.221627556745,812.098375803247,20.1239597520805,1.41951033939174,833.419006447692
-132.707734584531,556.558886882223,-35.147929704141,3.61355695000387,573.240363502628
-130.931738136523,779.878440243119,0.275999448001313,0.020277009905917,790.793005648878
-122.46575506849,9.89998020004083,-91.1278177443645,83.7997941943072,152.971075498954
-154.175691648617,847.85830428339,4.15199169601674,0.280577188379726,861.772062132835
-166.475667048666,671.578656842689,-6.49798700402598,0.554358911171072,691.935158725897
-148.835702328595,726.718546562905,4.05599188801615,0.319778275993185,741.814237714768
-165.677668644662,661.318677362645,23.0579538840924,1.99690182938016,682.14599035216
-107.657784684431,820.978358043283,31.4999370001259,2.19729125484483,828.606003483934
-144.125711748577,625.918748162505,-23.1299537400925,2.11632258633581,642.71416263248
-119.867760264479,801.238397523204,45.2159095681808,3.22991997861157,811.41587863096
-163.661672676655,659.338681322636,38.6699226601547,3.35652714348253,680.446913954451
-148.871702256596,733.558532882934,19.517960964078,1.52412241481757,748.766890092193
-135.05372989254,654.358691282614,36.9839260321483,3.2348784437304,669.173084933737
-140.927718144564,913.198173603655,44.7359105281787,2.80457350873779,925.090713230475
-121.559756880487,803.458393083212,45.7319085361829,3.25769350276391,813.887935386108
-146.825706348588,639.838720322562,-7.66798466403071,0.686613850243314,656.51365108243
-122.27375545249,816.658366683266,46.6319067361866,3.26809030626897,827.076957647889
-136.919726160547,752.758494483011,51.6958966082065,3.92863496387772,766.853850583235
-154.007691984616,585.35882928234,9.71998056003882,0.951318503130332,605.35758542477
-181.085637828725,738.118523762954,19.8599602800792,1.54123951397909,760.266651492859
-209.507580984838,1103.81779236441,86.5378269243463,4.48274271479352,1126.85222665581
-216.527566944866,251.579496841005,-96.7738064523873,21.0399832957055,345.747885160735
-104.555790888418,834.95833008334,34.6919306161385,2.37923079575967,842.194072903471
-161.645676708646,760.318479363039,23.4359531280937,1.76551829038395,777.664939905704
-196.163607672785,836.758326483349,51.1798976402048,3.5001068271221,860.966921453361
-139.97372005256,846.538306923385,35.9219281561437,2.42982609271391,858.784101108374
-152.711694576611,740.638518722962,-6.13798772402453,0.474823724956343,756.243315322459
-133.163733672533,909.538180923638,63.4438731122539,3.99014333388345,921.421406067264
-131.465737068526,901.738196523607,63.1618736762527,4.00671475112796,913.457408628838
-155.399689200622,595.078809842381,15.5279689440622,1.49473519259993,615.230827532725
-168.299663400673,687.53862492275,28.9559420881157,2.41160767702469,708.429660618227
-103.199793600413,667.438665122671,41.4659170681658,3.55504187489782,676.641700886226
-97.7458045083911,827.698344603312,36.743926512147,2.5418566860312,834.259496855496
-118.139763720473,669.538660922681,12.57597484805,1.07606267517767,679.997924544954
-120.197759604481,746.338507322987,52.7818944362111,4.04528648065199,757.795881030846
-152.135695728609,833.038333923333,66.3598672802655,4.55456635160864,849.412601558303
-166.499667000665,596.638806722388,13.8539722920553,1.33017081576022,619.590136579591
-187.52962494075,753.778492443018,23.8439523120952,1.81180871218604,777.121554174087
-147.227705544589,679.798640402718,41.6039167921667,3.50215387328197,696.802034056846
-146.927706144588,759.718480563038,23.5379529240941,1.77459693643801,774.153702936166
-182.447635104729,430.319139361719,-10.9919780160439,1.46323267509824,467.528100585435
-138.647722704555,906.118187763623,32.9039341921317,2.07967192508055,917.254615737916
-114.149771700456,684.778630442736,22.0019559960881,1.84028186156648,694.576150726434
-141.131717736564,605.578788842423,10.3379793240413,0.978014860006687,621.892840498774
-142.44571510857,696.778606442787,39.4679210641576,3.24196442913983,712.284300642848
-140.249719500561,747.898504202994,33.6299327401344,2.5746222488035,761.677837924386
-140.951718096564,748.25850348299,17.3939652120698,1.33165388303786,761.617177389517
-217.229565540868,885.418229163542,65.0158699682603,4.19966657527299,913.99189713471
-133.145733708533,523.738952522094,-3.94799210401597,0.431892643586778,540.412678825523
-133.589732820534,700.978598042807,22.0139559720881,1.79876013624,713.934048695439
-134.717730564539,706.498587002828,38.2139235721527,3.09606430181372,720.242614901556
-100.409799180402,614.758770482458,9.37798124403719,0.873964061991125,622.975457131953
-126.599746800506,801.838396323209,51.8458963082074,3.6995256048241,813.425046745015
-117.617764764471,700.858598282802,8.68198263603474,0.70972307640033,710.712382189601
-144.635710728578,632.698734602532,29.2499415001173,2.64692450961107,649.678948915052
-149.327701344597,721.738556522887,29.1059417881166,2.30934657929805,737.599120259762
-144.695710608579,636.538726922545,1.90799618400745,0.171741005919314,652.780238663928
-158.867682264636,573.178853642296,22.4219551560897,2.24018853752971,595.210620540205
-79.109841780316,914.99817000366,57.1138857722286,3.57174981257486,920.185858468036
-78.9538420923158,738.958522082958,30.8279383441231,2.38888527428805,743.803581816273
-112.37377525245,653.758692482616,35.0519298961399,3.06903227733755,664.271729904646
-104.555790888418,729.298541402919,47.8259043481913,3.75196759666679,738.305893940615
-65.1958696082606,805.978388043224,28.9319421361157,2.05584509463383,809.128370953891
-167.50766498467,63.1798736402526,-117.017765964468,61.6346385860619,213.877702935883
-72.3058553882893,772.018455963086,34.4459311081379,2.55472956256077,776.161809960375
-83.5678328643344,576.358847282309,7.01998596002792,0.69782164688358,582.4280073392
-32.5019349961299,873.118253763494,66.1678676642648,4.33378501296825,876.224884116367
-26.471947056106,721.018557962884,30.8159383681235,2.44730083931174,722.16213343357
-21.9479561040878,716.998566002871,45.791908416183,3.65429540280269,718.794515354504
15.1439697120605,814.978370043258,43.9379121241759,3.08599856720526,816.302409391787
-34.3979312041376,712.738574522852,15.221969556061,1.22348091694978,713.730482494028
-20.8139583720831,705.17858964282,28.5419429161139,2.31776852592948,706.062820618094
-49.2239015521969,727.978544042911,31.2059375881248,2.45457037735416,730.307855367591
47.4779050441901,963.958072083858,52.7398945202108,3.13163378279805,966.566507115271
-68.0440639118721,686.638626722748,26.0879478241041,2.17583259344998,690.494880041132
-28.6559426881147,655.558688882622,-8.50198299603402,0.743031010187815,656.239774271349
-30.9059381881236,776.038447923106,36.6839266321469,2.70640035910233,777.519491809269
-3.36599326801351,808.378383243234,29.1839416321165,2.06758473561377,808.912011812665
-154.025691948616,632.218735562528,34.3859312281378,3.11320963692092,651.618627452406
-173.357653284693,686.638626722744,12.1559756880484,1.01423561933632,708.288957562519
-158.873682252636,767.518464963072,39.2519214961568,2.92763227760144,784.771402583531
-79.3738412523178,902.218195563608,28.4279431441135,1.80473244642263,906.149009287438
-158.057683884632,672.53865492269,39.6179207641584,3.37128492015242,691.997148437673
-168.863662272676,828.658342683313,48.4079031841938,3.34325964087833,847.07314349204
-140.207719584561,90.2398195203621,-104.165791668416,49.0973037691742,196.600971035441
-112.35577528845,754.618490763018,6.44998710002548,0.489715060082551,762.964277784822
-126.977746044508,663.298673402654,7.5539848920303,0.652485463949211,675.385475721838
-199.739600520799,906.838186323626,43.5359129281741,2.74857230063326,929.594954754715
-280.325439349121,280.61943876112,-95.1598096803805,18.7321196319858,407.903187944505
-267.779464441072,769.498461003077,8.80798238403517,0.655801413200125,814.807525502882
-214.799570400859,614.81877036246,-0.143999712000667,0.013419524574709,651.261081725538
-168.239663520673,609.118781762436,15.4079691840615,1.44901686016959,632.113660817167
-161.999676000647,527.038945922108,-11.5919768160466,1.25999090623776,551.496436497558
-202.55959488081,679.55864088272,11.7479765040473,0.990411109765017,709.202616202582
-162.719674560651,694.678610642777,26.5079469841061,2.18526516545179,713.973904163882
-157.979684040632,891.178217643565,44.9159101681794,2.88529978791812,906.186313711577
-260.939478121044,631.438737122526,22.2779554440894,2.02062927509029,683.593883296027
-288.059423881152,752.818494363013,29.7059405881189,2.25969801859427,806.595536838607
-335.819328361342,587.698824602352,-24.9299501400998,2.42900791510915,677.337458106398
-208.019583960833,664.438671122655,2.55599488801024,0.22040709477267,696.245235606209
-211.559576880847,676.078647842703,17.9339641320715,1.51949710179644,708.633487571897
-198.899602200795,680.158639682721,32.1419357161285,2.70558677945813,709.372913862846
-240.419519160962,672.478655042692,16.3259673480654,1.39071375827208,714.349790992806
-226.259547480906,811.018377963244,40.3319193361615,2.84697200279821,842.953649934404
-225.119549760901,738.778522442954,12.8399743200513,0.995700679909193,772.423058853168
-216.299567400866,769.138461723078,26.6519466961067,1.9846014512984,799.418415113285
-216.899566200866,829.978340043318,51.6598966802065,3.56163581043924,859.405731703132
-297.059405881188,1205.69758860482,80.8798382403235,3.83772942711146,1244.38439158636
-125.459749080502,154.319691360617,-95.0758098483804,31.6370740664664,220.440752582875
-199.199601600796,738.178523642953,9.84598030803925,0.764177834700686,764.646949496192
-233.279533440932,675.058649882702,13.3739732520532,1.13497100268235,714.354523093696
-280.619438761122,646.678706642588,-32.0279359441281,2.83536063216084,705.667349192506
-284.279431441137,568.558862882274,-17.1059657880684,1.72331158661446,635.898254257726
-326.219347561306,601.138797722405,14.1299717400562,1.34650882370498,684.095441405538
-327.119345761308,782.63843472313,39.701920596159,2.90402840204293,849.179738557274
-265.079469841061,801.418397163207,58.331883336233,4.16297829793654,846.133075382599
-211.079577840844,714.838570322859,2.7659944680108,0.221699030840936,745.356572740923
-254.75949048102,879.838240323519,69.7018605962786,4.52958158997071,918.627278332359
-243.359513280972,802.138395723207,58.7098825802351,4.18611181358015,840.29560805132
-275.2194495611,838.678322643355,60.4438791122416,4.12220229537952,884.748855218656
-240.959518080963,889.078221843559,55.9558880882239,3.60127273068047,922.850277846876
-321.659356681287,681.718636562725,68.5738628522746,5.74404311820982,756.906477607401
-287.579424841151,672.658654682691,52.0738958522087,4.42672583003238,733.405264462099
-292.439415121169,683.398633202736,68.5978628042746,5.73200871236867,746.498606938482
-300.719398561203,763.498473003055,80.1298397403207,5.99130948786245,824.489457886405
-280.919438161124,753.418493163011,80.0878398243204,6.06771418173264,808.065107936551
-245.519508960983,734.99853000294,61.1458777082447,4.75559035001389,777.329715595407
-262.859474281051,841.618316763369,76.7878464243073,5.21313751657507,885.049641370133
-236.819526360947,754.438491123015,64.3858712282573,4.87796079802139,793.351413541072
-230.039539920919,676.558646882707,51.8938962122075,4.38615454284688,716.479426824575
-215.639568720862,830.278339443323,74.5018509962981,5.12748541317564,861.053465441464
-212.39957520085,611.218777562446,56.9818860362279,5.32609975331482,649.575945464945
-199.379601240798,674.338651322696,51.9778960442081,4.40763264546418,705.114560717501
-101.879796240407,38.7599224801559,-66.2338675322651,59.6639173431092,127.549008937491
-204.239591520816,792.658414683171,67.5718648562706,4.8725212758606,821.332533163506
-266.819466361067,701.938596122808,55.7578884842233,4.54170458293954,753.006880768219
-286.259427481145,782.698434603132,66.5038669922658,4.85660963418141,836.052668004206
-273.479453041094,889.618220763558,80.8978382043233,5.1959271071473,934.214135076273
-279.95944008112,259.55948088104,-23.3939532120934,5.15012180779045,382.486194852387
-267.419465161069,751.858496283008,62.9398741202517,4.78520976436184,800.478479744616
-289.739420521159,578.098843802312,24.7679504640989,2.45326850911592,647.11718906215
-290.699418601164,837.71832456335,89.97582004836,6.13039857805792,891.276495526308
-277.679444641111,748.618502762993,63.5578728842543,4.85278670232596,800.983857428395
-244.319511360977,786.238427523147,70.2358595282805,5.10476792648525,826.314688547538
-180.893638212723,928.438143123713,77.4358451283096,4.76768656157405,949.060695668923
-180.23963952072,626.878746242506,31.1279377441244,2.84271208311832,653.0177935197
-186.839626320747,713.578572842853,59.243881512237,4.7460187717513,740.008961486788
-160.625678748643,394.499211001577,12.1979756040487,1.77102995939451,426.120906273286
-124.277751444498,561.778876442247,52.7398945202108,5.36321797324333,577.773279059197
-103.823792352415,618.298763402474,19.1039617920767,1.7697403417143,627.246125567642
-107.027785944428,721.91855616289,61.5238769522464,4.87113316179553,732.397799103543
-129.329741340517,652.618694762611,37.0919258161485,3.25293606441172,666.343120103757
-78.8758422483154,711.838576322846,46.4039071921858,3.72976614248316,717.69692756373
-80.5618388763227,650.698698602604,36.3839272321456,3.20037060344736,656.675564039878
-112.751774496451,582.658834682331,-3.60599278801433,0.354590916051718,593.478966324383
-117.059765880468,896.038207923586,46.0619078761841,2.94276721124471,904.825484943973
-129.461741076518,730.498539002923,-23.3819532360934,1.83330962630034,742.25007485692
-117.989764020472,835.798328403344,21.2699574600847,1.45778684564852,844.353504917096
-85.1518296963408,721.678556642888,-38.8019223961549,3.07761372620206,727.71997526551
-112.355775288449,847.978304043394,37.3919252161498,2.52484355783021,856.206272133269
-95.1538096923812,782.098435803126,-4.82999034001936,0.353835950578622,787.880409447624
-137.771724456551,862.918274163452,34.4699310601379,2.28750759418136,874.526827542902
-121.931756136488,856.858286283428,34.5119309761382,2.30647211997205,866.178127931433
-42.3779152441694,845.098309803379,17.2619654760691,1.17016001779384,846.336231284628
-51.6778966442067,826.678346643308,2.56199487601046,0.177567277727771,828.295996385487
-81.0418379163235,767.038465923068,5.72998854002257,0.428007287489766,771.329125903552
-103.793792412415,388.679222641555,-41.9279161441681,6.15684836328194,404.478231316331
-69.7018605962794,682.378635242729,-21.1499577000845,1.77528344494293,686.255252742759
-114.425771148458,542.038915922171,-15.2879694240613,1.61557397844168,554.195963072732
-84.3178313643371,855.53828892342,4.76399047201904,0.319043262078949,859.696432530236
-68.2318635362734,752.578494843011,-21.9539560920876,1.67093852548304,755.984096585304
-83.9758320483363,672.598654802693,-34.4339311321378,2.93071948160651,678.694766757351
-111.899776200447,681.418637162727,-33.6599326801346,2.8279322951799,691.365250829437
-83.8438323123357,764.218471563055,-7.19398561202885,0.539339016606088,768.837703240402
-71.6818566362866,788.638422723152,-7.58398483203014,0.550971035824723,791.925733381621
-86.7958264083474,616.498767002468,-17.981964036072,1.67072291504682,622.838338758996
-84.9658300683399,687.478625042752,-77.723844552311,6.45026458080512,697.055986404152
-99.0418019163962,695.338609322781,-46.6139067721863,3.83523935750158,703.901922462464
-102.419795160409,643.018713962575,-31.3979372041255,2.79547320879664,651.880902778612
-106.757786484427,672.358655282687,-18.0059639880721,1.53403129277927,681.019530591992
-98.2558034883926,795.958408083185,-5.297989404021,0.381361572345127,802.017492957101
-54.7738904522196,859.498281003437,-9.27598144803723,0.618330445381873,861.291772835988
-87.7798244403516,636.778726442547,-47.9279041441917,4.30431888098281,644.584771790512
-68.5438629122739,864.478271043456,6.11398777202449,0.405215337982987,867.212962942607
-53.9998920002163,909.838180323642,16.2839674320651,1.02535046918423,911.584702759979
-85.9138281723436,785.878428243144,-8.57398285203457,0.625075741465332,790.607110410151
-33.8579322841356,1012.19797560405,104.801790396419,5.91127429174354,1018.17214490762
-82.3318353363297,752.758494483011,-8.25598348803297,0.628374236256888,757.292574497817
-79.9198401603202,826.198347603307,-9.71398057203903,0.673620864177023,830.111589999947
-83.8318323363352,862.738274523452,19.0319619360761,1.26373697843997,867.010566265318
-99.1198017603965,787.49842500315,7.39198521602982,0.537800588951598,793.746273017326
-100.745798508403,626.758746482505,-4.40399119201758,0.402588646852116,634.819373796859
-127.019745960508,619.018761962477,-16.9379661240681,1.56737071461529,632.143289311727
-106.889786220427,833.098333803332,32.8739342521314,2.25971043091385,840.570613177352
-121.523756952486,754.678490643017,-7.0079859840279,0.532036468487996,764.432311987544
-98.5738028523941,696.058607882784,-5.68798862402271,0.468194035006729,703.026836920959
-95.285809428381,689.458621082757,8.50198299603402,0.706500780649312,696.063832833328
-94.5658108683781,785.698428603144,23.2979534040933,1.69846765544172,791.711758108634
-137.255725488548,796.738406523187,10.9259781480436,0.785669665554445,808.548452232138
-106.181787636424,934.918130163739,34.8719302561392,2.13611069996576,941.574497134623
-122.54375491249,788.998422003155,-3.34799330401369,0.243124358025249,798.465209543086
-107.207785584429,726.898546202908,26.7479465041069,2.10738252684936,735.248569127479
-129.89374021252,936.958126083747,18.9179621640757,1.15669217350358,946.108240675033
-67.4338651322697,975.418049163902,41.7899164201672,2.45322757931078,978.638898632072
-100.985798028404,810.718378563243,2.65799468401062,0.187847390327434,816.988057244038
-125.249749500501,496.859006281988,-22.4819550360902,2.59076136868092,512.895515846753
-132.845734308531,792.478415043168,14.4479711040578,1.04446512730907,803.665833106229
-155.921688156624,655.018689962622,5.47798904402172,0.47915935857485,673.343200308674
-82.1398357203286,710.158579682841,7.84198431603121,0.632667626152849,714.93612136143
-209.753580492839,559.55888088224,-13.9439721120557,1.42749130745344,597.7433730808
-160.127679744641,647.45870508259,27.8219443561115,2.46054289321541,667.546035263023
-130.181739636521,633.178733642533,11.3339773320456,1.02549199330676,646.522275806577
-126.323747352505,863.278273443452,34.0379319241363,2.25792797181794,873.135526338471
-140.465719068562,776.218447563106,4.21799156401663,0.311343716039037,788.836794288629
-126.149747700504,644.758710482581,-13.2899734200531,1.18083177794002,657.118084503514
-144.92371015258,904.918190163621,33.0479339041323,2.09153270960531,917.04524347969
-183.779632440735,692.93861412277,-18.3539632920735,1.51724668206257,717.130214264442
-188.699622600755,711.538576922845,39.8099203801592,3.20230686939761,737.210637321335
-164.639670720659,572.038855922288,-26.7239465521069,2.67474293885375,595.859751266358
-181.499637000726,816.898366203267,33.1499337001327,2.32380160151248,837.474762032436
-200.2195995608,541.558916882167,-28.2779434441135,2.98903161363342,578.077495313821
-233.639532720935,756.538486923025,-5.94598810802378,0.4503049283489,791.816435937281
-192.239615520769,736.798526402947,8.85598228803525,0.688635980372009,761.51596615397
-193.079613840773,735.598528802945,-6.04198791602437,0.470599938970356,760.540228045786
-190.559618880762,721.798556402887,7.93198413603157,0.629609074709943,746.571524199529
-204.719590560819,821.338357323283,20.9639580720836,1.46210823947217,846.726812796162
-154.379691240617,1023.8379523241,101.123797752405,5.6407711162441,1040.33805282639
-197.339605320789,783.838432323135,3.29999340001318,0.241216262648709,808.30470601834
-169.91966016068,692.218615562769,-34.1519316961367,2.82450680708202,713.586474843334
-189.419621160757,757.43848512303,-22.5059549880898,1.70194276120379,781.088579890963
-179.699640600718,772.738454523092,-23.7179525640948,1.75804901287564,793.712303800689
-173.999652000696,835.438329123342,3.35399329201349,0.230021320583496,853.372327847445
-180.02363995272,592.198815602367,-54.0778918442163,5.2176149199031,621.315030020189
-144.065711868576,784.498431003137,-31.5479369041264,2.30286017918312,798.240558920361
-169.99166001668,696.538606922785,-27.7019445961108,2.2775025655123,717.516963662579
-125.915748168504,665.098669802659,-39.4379211241581,3.39345691665804,678.060739043853
-106.235787528425,898.378203243593,-3.79799240401508,0.242222750042775,904.645711514332
-104.015791968416,608.698782602434,-22.3679552640894,2.10451058873901,617.927033186927
-92.7898144203708,674.638650722699,-38.8379223241554,3.29479441124899,682.096505576423
-81.0418379163244,689.998620002758,-26.1179477641044,2.1677349050325,695.232351299891
-84.4018311963377,730.918538162923,-13.2059735880525,1.03508694120288,735.893997990151
-118.349763300474,835.798328403345,-1.56599686800624,0.107352339940068,844.137408590151
-123.071753856492,725.338549322901,-40.0619198761605,3.16135012590335,736.795511085218
-149.477701044598,733.918532162937,-25.8419483161035,2.01660410720482,749.431652156853
-133.571732856534,666.118667762665,-37.6439247121507,3.2344782487543,680.420864192111
-173.477653044694,610.01877996244,-35.3879292241414,3.32007663905621,635.192658606452
-174.449651100698,673.318653362694,-37.3079253841493,3.17145990233388,696.550479887693
-172.961654076692,676.138647722705,-35.5919288161426,3.01326785064663,698.817565693713
-194.83161033678,768.358463283074,2.89199421601165,0.215652313876565,792.680546068651
-208.481583036834,719.038561922877,-19.283961432077,1.53625253606767,748.901125093411
-198.095603808793,823.858352283295,-61.6678766642466,4.28075071884941,849.580708283559
-192.125615748769,707.998584002831,-48.5279029441944,3.92105590998766,735.206912740229
-165.557668884662,768.778462443076,-23.477953044094,1.74922910149797,786.753379606344
-153.533692932615,831.718336563327,-25.4159491681017,1.75032042475145,846.152442951806
-130.913738172524,782.69843460313,3.99599200801605,0.292515581609237,793.581258803799
-102.377795244409,935.818128363744,-1.84799630400735,0.113144047901816,941.403312838693
-113.549772900454,748.018503962993,-10.4759790480422,0.802373396254821,756.660412162414
-113.273773452453,809.218381563237,-27.1499457001086,1.92159996521135,817.55883969504
-132.083735832529,903.958192083616,-0.875998248003594,0.055523570890372,913.55749336289
-184.571630856738,665.998668002664,-34.96193007614,3.00501197993513,691.985006523326
-215.02156995686,683.338633322734,-35.2619294761409,2.9539809687167,717.237315683223
-147.47970504059,664.138671722656,-37.1519256961486,3.2017896422518,681.330099334622
-116.957766084468,807.058385883228,13.2659734680531,0.941711107477869,815.596924542979
-128.177743644512,696.058607882784,-25.2059495881007,2.07391121145651,708.210745095099
-108.521782956434,655.738688522623,-52.3558952882093,4.56496131260846,666.716840024941
-114.527770944458,613.978772042456,-50.4298991402016,4.69551880129126,626.601721641075
-125.297749404501,633.418733162535,-59.567880864238,5.37240169754528,648.43438369485
-133.601732796534,585.35882928234,-27.59994480011,2.69952370656989,601.045870943306
-140.879718240563,733.918532162936,-40.493919012162,3.15808972354813,748.413832275101
-160.991678016644,547.85890428219,-62.5858748282501,6.51705869595609,574.442939829461
-108.443783112434,814.798370403258,-11.0999778000441,0.780490689620763,822.058177998798
-82.0438359123284,830.758338483323,-23.9039521920958,1.64815413247921,835.141908241457
-162.983674032652,20.4599590800789,-153.641692716615,82.4147367678964,224.917890945934
-138.491723016554,742.078515842968,-22.6439547120907,1.74779427656956,755.230580488369
-128.315743368513,736.978526042949,-38.6639226721545,3.00314114837362,749.064200693806
-135.773728452543,725.698548602905,-21.4739570520859,1.69492992843833,738.602748176408
-104.501790996418,800.398399203204,-10.6319787360425,0.761035610678909,807.261581360313
-117.185765628469,655.13868972262,-53.0158939682117,4.62647428010762,667.645034019313
-126.893746212507,758.038483923033,-8.65798268403471,0.654378779131044,768.634715973935
-113.435773128454,635.938728122543,-56.6038867922267,5.08640142173932,648.451802797521
-112.42177515645,718.858562282875,-31.4759370481263,2.50715125654923,728.27674870875
-127.50574498851,623.578752842493,-43.8179123641757,4.0194787018203,637.987606028227
-74.7478505042992,662.398675202651,-36.5759268481463,3.16051399101328,667.605455707217
-100.865798268404,723.298553402894,-24.9239501520996,1.97355895303278,730.722868060269
-103.823792352415,718.318563362876,-39.5639208721581,3.15258117910272,726.86053831868
-104.789790420419,785.698428603143,-12.1439757120484,0.885509159045115,792.748634203742
-113.927772144455,632.878734242532,-50.8618982762036,4.59475448639744,645.059657875523
-132.491735016529,575.818848362302,-21.3299573400853,2.12142761868623,591.249839794573
-130.541738916522,860.098279803439,37.5959248081502,2.50287382677277,870.760386146708
-147.059705880589,672.058655882686,-16.3799672400653,1.39618352507432,688.155285794793
-150.839698320603,886.978226043549,16.1639676720645,1.04402182430605,899.857912070408
-178.319643360713,821.098357803285,18.7319625360748,1.30687907399538,840.447080318562
-145.439709120581,799.138401723196,-23.1659536680926,1.6604630178146,812.595566999436
-197.159605680789,685.198629602738,-23.7479525040946,1.98499087972888,713.395428475549
-213.059573880851,550.738898522205,-30.6959386081229,3.19013228074826,591.312063985486
-216.959566080868,610.438779122444,-18.6239627520746,1.74750295098819,648.115582561544
-265.619468761062,807.418385163229,-14.1119717760564,1.00130752729365,850.104286915384
-239.519520960959,573.358853282292,-51.6418967162067,5.14668995983156,623.519735898552
-255.899488201023,832.078335843328,29.2139415721168,2.01080621966198,871.029482522565
-254.039491921017,818.098363803272,12.7859744280514,0.895396892840958,856.728940479516
-248.999502000996,649.798700402598,-39.245921508157,3.4562972373242,696.978726645709
-236.519526960946,635.938728122543,-2.90999418001189,0.262178121644935,678.50425247457
-220.679558640883,662.278675442646,-30.9959380081238,2.67959925802965,698.765525567056
-179.633640732719,578.218843562313,-68.3278633442735,6.73936313778936,609.322552383074
-202.823594352811,376.499247001508,-46.5359069281864,7.04611269344384,430.179827575079
-119.039761920476,729.95854008292,-14.7419705160589,1.15696692305344,739.748106352944
-132.239735520529,849.058301883397,30.3539392921212,2.04745923390481,859.830628250824
-156.629686740627,681.118637762723,-7.85398429203166,0.660648797890478,698.940013553004
-176.891646216708,780.658438683124,3.71999256001474,0.273023706278396,800.45742593412
-129.161741676516,684.838630322739,4.49399101201795,0.375976194890965,696.926754437259
-118.919762160476,917.63816472367,40.9979180041642,2.55813967242592,926.219488280399
-140.993718012564,728.098543802912,13.3619732760536,1.05136694907929,741.744740686954
-152.789694420611,716.398567202866,-1.2179975640048,0.097412328596271,732.511488872037
-124.727750544499,708.478583042834,-2.80799438401151,0.227085741931408,719.379454265086
-145.805708388583,158.999682000638,-158.951682096636,44.9913502748973,267.966118597763
-91.1218177563647,836.518326963347,27.1259457481086,1.85729079702979,841.903743874268
-140.951718096564,679.558640882716,4.49399101201795,0.378897344835506,694.037123782261
-171.965656068688,665.578668842663,-21.6779566440867,1.86546920205441,687.776915205628
-90.3838192323615,821.398357203289,28.007943984112,1.95290808464343,826.83066036614
-127.343745312509,635.938728122543,-16.4939670120661,1.48571369141552,648.773108524182
-104.057791884416,945.238109523779,46.8419063161876,2.83700982679002,952.10150295821
-168.065663868673,711.478577042846,7.83598432803141,0.631010817073861,731.101385317331
-148.871702256596,777.238445523109,17.0219659560683,1.25460974239765,791.550460966934
-140.813718372564,841.798316403369,29.021941956116,1.97455424606166,853.987811327749
-132.46173507653,922.018155963689,26.273947452105,1.63226615032535,931.855091471245
-145.169709660581,746.158507682987,12.57597484805,0.965588488268841,760.253193570417
-154.487691024618,895.558208883585,35.7479285041428,2.28585769716511,909.488244327122
-123.977752044497,801.238397523204,23.477953044094,1.6784053601657,811.113226958295
-121.259757480485,575.518848962305,-13.7279725440549,1.36642920297682,588.314823479141
-160.199679600641,923.578152843696,43.2119135761728,2.67877279630509,938.364434124203
-183.599632800735,920.278159443679,41.0639178721645,2.55491181085074,939.311961631822
-220.379559240882,809.218381563238,13.2899734200531,0.940896739857002,838.795661996733
-231.059537880924,603.838792322417,-7.34998530002954,0.697375436146206,646.578548548474
-209.339581320838,609.538780922438,-7.83598432803141,0.736530822457617,644.532379641538
-197.759604480791,664.678670642657,-9.87598024803951,0.851253961536448,693.544613819146
-204.059591880815,773.098453803092,45.02390995218,3.3330417743147,800.842486871593
-118.019763960473,104.579790840418,-58.6978826042351,29.3043501385201,168.258844521564
-203.639592720815,713.518572962854,35.0579298841402,2.81290134734306,742.837058939717
-184.85963028074,771.478457043086,46.7339065321869,3.46657444615938,794.692488078799
-229.619540760918,531.658936682126,-30.0179399641202,3.2315400962538,579.90295323693
-168.719662560675,768.358463283076,23.6819526360947,1.76538241591835,787.020893950075
-188.099623800752,579.598840802317,18.7199625600752,1.84990384029039,609.64475043391
-157.799684400631,568.558862882274,-11.3279773440453,1.14141115716808,590.159507277169
-170.159659680681,780.598438803122,38.7659224681549,2.84307571186611,799.869382580258
-168.899662200675,775.798448403104,24.5879508240986,1.81530962195866,794.351871503991
-175.283649432701,893.938212123576,52.1338957322087,3.33767209081598,912.451548268377
-166.481667036666,851.278297443404,57.8518842962313,3.88777686968649,869.331769621974
-180.683638632722,855.298289403421,44.8379103241795,3.00091031789942,875.324042471254
-136.925726148549,779.878440243119,46.409907180186,3.40560709086179,793.16638577402
-147.845704308592,750.178499643003,28.4219431561133,2.16972212260382,765.136550206498
-150.365699268602,699.838600322799,33.947932104136,2.77713999341776,716.614521282158
-118.313763372473,627.478745042512,21.1079577840843,1.92666449368045,638.884393271034
-124.175751648497,622.618754762491,-6.50398699202621,0.598500202248862,634.914193357068
-151.493697012606,724.198551602896,24.7979504040992,1.96115137009589,740.289687029695
-152.47169505661,708.718582562836,-1.44599710800561,0.116900302254084,724.935678505995
-145.373709252581,658.678682642635,16.8899662200676,1.46886758254259,674.741723379106
-115.211769576461,737.45852508295,27.8279443441113,2.16102679038611,746.922501035334
-88.9738220523559,725.158549682898,55.0618898762205,4.34218389099375,732.66846179261
-97.3918052163894,826.078347843303,43.2899134201731,2.99979122750463,832.925337051739
-99.9418001163998,743.338513322974,58.7098825802346,4.51592364610779,752.321313743204
