-17.8019643960713,554.098891802217,116.729766540467,11.8963184465635,566.540669528143
-32.1299357401285,541.738916522167,85.5658288683422,8.97552677111171,549.395028658981
-15.347969304061,615.53876892246,96.6778066443867,8.92607404988447,623.273723580503
26.6939466121066,622.378755242489,83.0998338003323,7.6051354444119,628.469143347995
6.64798670402687,542.578914842171,84.4378311243377,8.84559499800934,549.150090488481
-30.4259391481218,640.13871972256,128.807742384516,11.3770455243282,653.677866199613
-3.11999376001246,651.958696082607,131.945736108527,11.4411885963931,665.183849049281
-21.1139577720841,571.078857842286,104.747790504419,10.3937110555023,580.989639066661
15.2999694000609,718.858562282875,126.347747304505,9.96858108767724,730.037995504322
11.9639760720477,651.538696922608,130.319739360522,11.3109471512566,664.551762301521
14.5019709960581,716.998566002867,111.923776152448,8.87229281742385,725.826551237389
11.3999772000459,631.378737242524,97.5178049643903,8.78007752948125,638.966972235027
25.667948664103,639.178721642558,99.2878014243972,8.82956111515026,647.353341924585
41.3099173801651,569.398861202275,102.089795820409,10.1647872086117,579.951634899891
40.4759190481618,572.038855922288,117.281765436469,11.5864526877959,585.339017332322
9.23998152003717,557.038885922228,100.253799492401,10.2026586059792,566.064061746221
21.6419567160866,940.198119603762,145.691708616583,8.80841207138911,951.665357337636
4.45199109601766,554.518890962216,86.6278267443467,8.87907055868636,561.262328172071
-9.34798130403735,573.178853642293,104.417791164418,10.3245320032522,582.68727301084
-36.2639274721449,563.938872122256,102.053795892408,10.2575787544128,574.24480945175
-23.0159539680921,569.278861442277,118.073763852472,11.7175419198684,581.850126692747
-22.0259559480881,572.27885544229,117.61176477647,11.6134287152598,584.654392214409
-22.4039551920898,557.518884962229,101.507796984406,10.318845452455,567.127037925722
5.21398957202085,560.21887956224,102.113795772408,10.3301706759549,569.473095055665
-9.74398051203886,562.018875962249,116.417767164466,11.7028595865834,574.032454313908
37.7999244001514,699.358601282798,94.8058103883793,7.72001778109976,706.766884592286
15.7619684760628,478.739042521914,89.3338213323574,10.5699613391235,487.257675279601
6.61198677602639,638.758722482556,99.7738004523991,8.87783529513664,646.53788378825
16.6859666280669,533.278933442132,68.513862972274,7.32106154208357,537.920990253098
32.1959356081288,550.678898642203,100.0257999484,10.2950126130873,560.614830641136
46.0079079841842,544.138911722178,98.5138029723941,10.26197589677,554.895352497532
59.5258809482382,943.378113243774,160.295679408641,9.64340560088722,958.749341531521
-6.35998728002554,631.438737122526,98.4058031883934,8.85793805503898,639.092348787126
-33.005933988132,540.298919402161,84.4438311123379,8.88294945224384,547.853150578237
-14.4779710440576,615.118769762461,111.527776944446,10.276712469467,625.315246567526
-27.6119447761105,543.958912082174,100.529798940402,10.4707684724698,553.859149967697
-27.1979456041087,597.298805402388,94.2478115043769,8.96677459980482,605.300124858379
-0.857998284002925,696.718606562788,123.887752224496,10.0827237601668,707.648025534649
22.0739558520886,528.658942682113,111.731776536447,11.9338110541485,540.787876244208
-51.1378977242045,662.27867544265,104.315791368417,8.95114114508933,672.3911903487
-71.945856108287,515.098969802059,95.7838084323833,10.5339631045351,528.84562289964
-38.129923740153,671.938656122688,120.941758116484,10.2033790497879,683.799939699252
-64.7698704602597,584.338831322339,106.871786256427,10.3644759559427,597.552160575322
-38.3999232001536,658.618682762633,116.933766132468,10.0676108775427,670.019872128944
-52.7998944002109,516.778966442067,81.7858364283273,8.99308740392624,525.868093770563
-28.4999430001137,517.918964162072,96.0178079643839,10.5029092867881,527.5146629583
-43.4999130001745,525.238949522102,97.1038057923881,10.4743199211677,535.907963763807
-30.2999394001209,496.379007241987,63.7978724042551,7.32387609853069,501.378473492332
-60.1798796402407,576.238847522304,90.5698188603624,8.93233670869574,586.409174037844
-59.9398801202395,582.478835042328,76.6438467123066,7.49604084405777,590.549457488495
-54.4198911602175,660.838678322644,116.411767176466,9.99058854005049,673.216891394041
-60.1198797602402,572.278855442286,103.019793960412,10.2049046924704,584.57725432689
-47.3399053201895,589.858820282361,106.823786352427,10.2650427075468,601.320061058411
-61.0798778402444,581.218837562326,104.195791608417,10.1635212414745,593.635285005183
-53.3998932002136,650.338699322601,114.671770656459,9.99995824881835,662.526669211055
-38.5199229601538,512.218975562051,65.495869008262,7.2866948599349,517.824074612064
-63.4798730402543,592.978814042374,121.031757936484,11.5360745181904,608.524654072046
-63.539872920254,600.058799882402,122.633754732491,11.5504573320454,615.749069481083
-68.7598624802751,671.398657202686,134.717730564539,11.3458682914832,688.224485549835
-59.5198809602383,579.95884008232,118.619762760474,11.5593549490257,594.950015157998
-60.7198785602429,596.218807562386,108.335783328433,10.2985545896614,609.015937470333
-66.2998674002654,503.638992722015,78.4198431603134,8.85025611274066,514.001536192867
-66.2998674002654,649.918700162599,100.697798604403,8.80732379475886,661.006834973821
-100.259799480401,572.938854122294,88.7698224603552,8.80724660181539,588.380012691169
-86.879826240348,580.198839602322,89.789820420359,8.7971351615822,593.498954956581
-105.779788440423,636.598726802547,112.49977500045,10.0218420559524,655.059922437846
-89.8198203603593,592.078815842368,121.463757072486,11.5932611875369,611.046944662218
-75.5998488003027,597.118805762388,107.951784096432,10.2476877270879,611.489814325089
-87.9598240803523,582.958834082329,105.365789268422,10.2452089106885,598.898891662885
-78.3598432803133,662.818674362649,103.871792256416,8.90650996159044,675.468881110992
-18.3119633760732,614.398771202458,109.157781684437,10.0743905502421,624.288874928942
-18.4619630760737,716.758566482865,123.413753172494,9.76957357151148,727.540130287887
-4.4159911680176,662.758674482651,115.727768544463,9.90485435314265,672.801217293992
-33.9119321761359,642.53871492257,95.7658084683831,8.47712482555809,650.520644860615
-13.6859726280555,655.13868972262,98.5438029123943,8.5541142330426,662.649899804326
34.8119303761391,759.418481163037,156.935686128628,11.675956380262,776.245521474456
-22.3259553480895,527.818944362113,109.739780520439,11.7451389131841,539.568443979459
-21.4739570520859,545.278909442179,112.43977512045,11.6514216421904,557.165076923405
41.7299165401667,698.338603322794,119.89176021648,9.74165129747445,709.783223944527
0.689998620002644,600.958798082405,104.429791140418,9.85796085189264,609.965191112063
27.7919444161112,601.378797242407,105.185789628421,9.92111485219684,611.140655076151
-43.1159137681722,167.219665560668,25.9079481841034,8.80701890648429,174.621362809354
23.9399521200958,646.678706642585,126.233747532505,11.0454241296348,659.318913689376
-11.3579772840448,654.718690562621,127.949744100512,11.0577791080888,667.200647807992
-24.9119501761004,566.878866242266,100.601798796403,10.0632880296368,576.275087241125
-53.5558928882135,566.218867562266,100.841798316403,10.0983185765362,577.616748315208
-52.6918946162103,609.838780322439,78.0118439763119,7.28980362821551,617.062088888946
-47.1599056801887,604.198791602416,77.7718444563115,7.33472238082988,611.006298058965
-52.7998944002109,699.658600682795,106.337787324425,8.64197654880141,709.660278845544
-67.2598654802687,583.438833122333,88.5178229643539,8.62697578959061,593.936163642123
-69.2998614002773,603.11879376241,92.5018149963699,8.71964742697222,614.093914606834
-65.1598696802597,592.918814162372,119.843760312479,11.4269593705933,608.408625588343
-90.4798190403625,675.538648922703,132.43773512453,11.0920222469916,694.318959504062
-66.539866920265,590.998818002365,104.633790732419,10.0399321333626,603.867027525924
-66.539866920265,590.998818002362,104.297791404417,10.0083448168989,603.808898627533
-74.8198503602984,664.138671722658,102.215795568409,8.74958513073626,676.111125591908
-71.7598564802869,524.878950242099,95.4118091763818,10.3026562719412,538.285057139458
-79.4998410003173,658.558682882634,114.89977020046,9.89686598056121,673.217439399266
-54.8398903202203,598.078803842394,91.3018173963654,8.67967663055688,607.488017195205
-109.199781600436,665.638668722662,86.7418265163467,7.42458544431753,680.090857215309
-114.83977032046,594.95881008238,104.789790420419,9.98902531798185,614.935003653437
-118.739762520474,512.27897544205,93.2458135083733,10.3161253746138,534.063349819301
-107.819784360431,650.338699322601,98.5318029363943,8.61527236939928,666.538855526097
-112.019775960448,572.518854962289,100.787798424403,9.98420553514842,592.017271542644
-106.799786400427,523.858952282095,109.589780820438,11.8157130206794,545.751148712985
-110.879778240443,668.158663682671,116.387767224465,9.8813094705181,687.223717166658
-59.9398801202395,595.798808402384,104.381791236417,9.93716224335864,607.835971018705
-40.3799192401599,608.038783922433,92.0518158963685,8.60871426484903,616.291519852036
-109.079781840435,573.418853162295,87.6238247523505,8.68812837283675,590.241911958604
-77.8798442403116,512.398975202047,77.0278459443081,8.54913685428274,523.976401164999
-77.7598444803106,630.178739642523,108.953782092436,9.80909433434513,644.23812673831
-53.3398933202131,639.298721402556,94.3798112403776,8.3979290951721,648.425437638071
-53.0398939202122,639.238721522557,93.6718126563747,8.33659117767719,648.238985195422
-74.8798502402998,545.638908722182,79.8838402323197,8.32917074002127,556.516162041864
-57.5398849202304,562.258875482248,96.9298061403876,9.78128092142755,573.446831653649
-45.209909580181,596.938806122389,118.175763648473,11.1980324231026,610.201102336738
-68.9998620002763,571.258857482286,112.835774328451,11.173309109477,586.369827989406
-53.2198935602129,572.398855202291,98.4598030803937,9.76008125923402,583.23849266838
-22.0079559840879,710.998578002845,134.87373025254,10.7411663143037,724.012604283172
-45.0179099641798,521.878956242086,106.403787192425,11.523856786882,534.514754814835
-3.47999304001391,620.698758602481,121.967756064488,11.1170209913323,632.57821081794
-17.9519640960717,627.418745162509,123.185753628493,11.1080097650612,639.649345104976
-33.935932128136,533.638932722135,108.119783760432,11.453567858278,545.538308138509
-28.6379427241145,616.438767122466,121.265757468485,11.129110074865,628.905612400892
-16.979966040068,535.438929122141,109.547780904438,11.5628198939421,546.794186479038
-29.4839410321183,630.778738442522,138.995722008556,12.4268590583325,646.584047426632
0.911998176003228,510.898978202046,89.6938206123589,9.95741783835055,518.713388225723
-14.5319709360579,430.139139721723,93.2698134603733,12.2344101317122,440.374971816931
-13.229973540053,602.578794842411,118.397763204474,11.1161597983713,614.242840027806
-62.2378755242491,528.358943282113,93.4078131843738,10.0256466837234,540.14974373765
-26.6999466001068,546.718906562188,97.0738058523886,10.0683391839615,555.911659999744
-19.6079607840784,601.258797482403,89.2258215483568,8.4409968991162,608.159404191922
-21.2219575560851,545.03890992218,96.3898072203858,10.0290275601236,553.903222366195
-11.6339767320465,638.698722602554,110.225779548441,9.79158111896087,648.244653002088
14.6519706960586,716.578566842865,105.947788104424,8.41038141664669,724.51670547205
43.8779122441756,609.538780922438,90.791818416363,8.47201334603641,617.823559701853
60.995878008244,612.958774082452,120.779758440483,11.1469799307536,627.715465722807
46.4159071681856,619.138761722474,122.56775486449,11.197771849159,632.8586708247
67.8058643882711,512.758974482051,91.5658168683662,10.1248572900247,525.265361485122
88.3558232883534,581.578836842325,86.4358271283455,8.45357404203251,594.568622770489
75.4138491723018,592.738814522372,102.125795748409,9.77578406184714,606.181679899364
63.0718738562524,616.258767482466,121.325757348485,11.1376498866017,631.247074580889
18.2879634240732,554.158891682216,96.6838066323869,9.89674882223328,562.827047414737
27.8759442481115,625.378749242502,106.847786304427,9.69553477166838,635.052830644818
34.3559312881375,557.578884842231,97.4638050723899,9.91502836594099,567.074718300657
17.1539656920687,541.558916882167,64.727870544259,6.81573841304957,545.683073054997
20.5439589120823,559.858880282241,112.34977530045,11.3471241035328,571.389964987772
20.0879598240802,556.978886042229,97.1098057803883,9.89015952970184,565.737854492203
23.231953536093,573.418853162295,114.665770668459,11.3082030894358,585.232555306056
60.5938788122423,634.678730642541,107.39978520043,9.60455606769554,646.547309282652
-5.53798892402225,525.658948682104,91.8538162923676,9.91180877711008,533.652624108951
-18.5699628600743,616.738766522467,121.391757216486,11.1351009919604,628.846172265034
-42.3539152921694,442.739114521772,65.9698680602638,8.47494269996812,449.626290556933
35.9219281561433,679.378641242716,115.295769408461,9.63176597148787,690.028142572999
-10.9979780040442,512.27897544205,90.8278183443631,10.054141799807,520.384854492644
3.77999244001526,584.81883036234,115.865768268464,11.2064597747982,596.198145708005
5.14198971602074,681.598636802727,130.331739336521,10.8251292675175,693.966500652631
-11.3459773080452,577.67884464231,85.2958294083411,8.3991884569963,584.052187105575
4.73399053201835,761.218477563046,128.153743692513,9.55632896629575,771.945181520142
-30.7379385241227,522.178955642087,138.635722728555,14.8687058696439,541.14281497276
0.029999940000263,759.77848044304,127.56574486851,9.53098547147912,770.413109641956
0.437999124001797,694.378611242776,119.279761440478,9.74709013910751,704.549153064551
-37.6199247601502,602.158795682409,121.019757960484,11.3637189439598,615.350514563417
26.2559474881052,775.798448403104,160.775678448643,11.7081821737164,792.717746807641
-17.9219641560715,506.278987442028,119.681760636479,13.3002657448401,520.541385245769
11.2439775120456,674.158651682696,129.90574018852,10.9068218544142,686.652616686814
11.6579766840465,678.478643042714,131.411737176526,10.9616560955998,691.186098061296
19.6979606040787,574.438851122298,100.403799192402,9.91434136238757,583.480013559106
18.539962920074,677.398645202711,130.481739036522,10.9028806566165,690.10009344264
36.485927028146,692.818614362769,118.199763600473,9.68184827419301,703.775560384032
21.1079577840847,686.098627802745,132.299735400529,10.9143296397575,699.056573491498
13.9319721360561,574.7388505223,99.455801088398,9.81753606423304,583.446914909513
-13.4159731680535,691.978616042769,103.343793312413,8.49407916527961,699.781632377351
-0.341999316001637,647.578704842591,158.411683176634,13.7458412152964,666.672751277562
-29.8859402281196,532.078935842128,107.909784180432,11.4645388707616,543.733100805972
4.50599098801797,544.558910882176,95.9038081923839,9.9880993402717,552.957730574198
-0.617998764002097,531.238937522128,93.6358127283746,9.99624005845826,539.428267786751
7.46398507202994,636.718726562548,124.499751000498,11.0636457938744,648.819416962667
-6.8939862120275,626.158747682503,121.625756748486,10.9923134651109,637.898995962413
35.2139295721409,709.318581362837,119.819760360479,9.58802405521798,720.228884227329
-16.2179675640648,500.698998602004,104.201791596417,11.7561697178195,511.684007024709
-56.1298877402248,580.978838042323,102.191795616409,9.97604390102253,592.562349160022
-13.8959722080556,565.558868882262,83.8318323363352,8.43146296705533,571.907080151888
-14.8439703120593,584.99883000234,131.279737440525,12.64821779685,599.731893450053
-17.8079643840715,755.878488243024,142.301715396569,10.6617176752881,769.362847289152
7.06798586402843,567.838864322271,84.3058313883375,8.44489394475613,574.106615068194
-14.9099701800592,574.618850762298,115.373769252461,11.353070035045,586.276587877834
-18.1019637960731,636.058727882544,109.187781624436,9.74062916833858,645.61626223702
0.569998860002444,577.978844042314,100.0857998284,9.82420920939282,586.58080124266
1.32599734800498,572.158855682289,85.0018299963399,8.45024540068814,578.439993004771
-23.3399533200931,751.738496523007,127.199745600509,9.60390462855606,762.781289660732
-32.2799354401289,641.338717322567,124.085751828496,10.9502458981643,654.029524085738
-20.6999586000836,714.298571402859,120.833758332483,9.60149710153718,724.742529831776
8.21998356003291,659.45868108264,97.1878056243891,8.38362442966437,666.632424764253
9.56998086003793,603.178793642413,135.269729460541,12.6400984048932,618.234697620496
11.5259769480467,596.338807322383,118.457763084474,11.235082167997,608.099550154633
28.1699436601125,592.67881464237,115.823768352463,11.0576202849716,604.546828928135
29.1479417041164,688.258623482753,131.789736420527,10.8399466544471,701.36871182692
13.3979732040533,588.178823642353,101.105797788404,9.75361356225314,596.955791171933
12.3359753280487,508.378983242034,104.363791272417,11.6009271199123,519.127313689283
-3.96599206801536,602.398795202407,118.403763192474,11.1199480465532,613.937691213477
11.1779776440449,601.618796762406,103.613792772415,9.77190150604472,610.578366677645
24.9599500800996,663.958672082654,112.001775996448,9.57496181508518,673.80153989741
-33.2339335321329,484.079031841935,56.5378869242263,6.66166472674695,488.501316338964
-4.23599152801688,591.418817162364,115.511768976462,11.0514832724933,602.608604062394
-3.82199235601512,686.158627682743,114.97177005646,9.51203710173668,695.734703661497
-18.305963388073,513.418973162055,89.4358211283574,9.8815738258023,521.471874983923
-47.3639052721895,508.498983002035,89.417821164358,9.97330439169016,518.468998088139
-46.8959062081874,412.259175481648,75.443849112302,10.3704356611554,421.721031200455
-32.1299357401285,725.0385499229,91.2418175163653,7.17263021970909,731.463123409962
-32.7299345401303,652.438695122611,95.07580984838,8.29099666435753,660.141582637105
-4.29599140801655,691.798616402766,101.675796648407,8.36107920309487,699.243697735666
-4.36199127601815,602.818794362409,103.601792796414,9.75171523744614,611.672181217253
-3.10199379601307,437.579124841751,94.8958102083797,12.2360030268368,447.761462899486
-4.51199097601862,674.458651082697,113.897772204456,9.5852681301293,684.023049754902
-18.5459629080742,581.398837202326,85.9018281963436,8.40465991864172,588.003133263657
10.7579784840429,584.578830842338,101.543796912406,9.85419185729385,593.430102254213
-19.8179603640789,662.998674002653,83.9518320963358,7.21663929125353,668.586496569142
-18.0719638560728,777.238445523106,130.06773986452,9.50018863133616,788.253648282235
-32.3699352601289,679.918640162719,100.943798112404,8.4447059731794,688.132850783062
-18.0419639160725,691.258617482766,87.8278243443513,7.24091506962161,697.049291969511
-15.9479681040637,164.219671560655,9.16198167603683,3.19327909829042,165.246422419275
-0.293999412001557,666.238667522664,104.123791752416,8.88267391948624,674.326191502992
3.64799270401462,718.738562522874,113.093773812453,8.94219243294923,727.590977667644
51.5398969202063,622.67875464249,113.411773176454,10.3224328287068,635.017655465338
33.5639328721341,604.37879124242,67.043865912268,6.32995304346112,609.011609782569
19.2659614680771,600.598798802405,66.7498665002668,6.34176231084774,604.60370415007
26.1479477041046,775.4384491231,108.623782752435,7.97413233016164,783.445996688364
12.1259757480482,699.898600202797,97.5358049283901,7.93347709567241,706.766102113497
-16.9079661840674,623.878752242497,100.451799096402,9.14678907519833,632.140127473206
-48.725902548195,545.758908482183,59.8858802282396,6.26198773419944,551.192632767811
-30.9959380081238,616.318767362465,70.8418583162835,6.55700344775269,621.150658106305
-59.8918802162398,557.45888508223,90.2158195683608,9.19270689072356,567.878807469825
-17.0879658240686,615.958768082462,70.2238595522809,6.50406079003274,620.184321798033
-30.6179387641225,628.258743482513,86.5678268643466,7.84538822114411,634.933457603555
-6.20398759202485,613.798772402456,84.3898312203376,7.82838940443829,619.603959056268
2.89199421601122,673.618652762693,93.1498137003727,7.8730857700346,680.034808500848
-2.41199517600957,694.078611842775,95.8258083483832,7.86067093891657,700.66648463013
1.29599740800557,685.798628402744,95.2438095123811,7.90667091362651,692.381991084977
-28.4879430241132,595.498809002383,81.2158375683249,7.7662479904965,601.686302563824
-1.01999796000469,683.518632962734,108.731782536435,9.03868011255419,692.113691915305
11.2559774880452,751.858496283008,91.3018173963649,6.92380294830323,757.465456190602
-12.9599740800515,518.458963082072,54.7618904762187,6.02947312330823,521.50409583897
-28.4039431921135,593.038813922373,66.695866608267,6.41678319216038,597.453058766916
15.1259697480604,723.178553642893,87.1438257123488,6.87107621208336,728.567129212971
-33.6779326441349,665.878668242661,91.7398165203668,7.84440336615836,673.011736824101
-59.0758818482363,589.618820762358,94.6138107723786,9.11631191809091,600.076734095076
-16.0559678880635,570.298859402279,76.9378461243077,7.68326764647515,575.689165528248
-8.4299831400339,652.738694522612,89.9218201563597,7.84374279114619,658.957359533269
-19.6859606280783,596.698806602386,95.0818098363802,9.05375972540007,604.54739550206
-4.32599134801767,584.338831322336,78.5638428723141,7.65744746855538,589.612467133423
-38.8439223121557,665.878668242664,91.745816508367,7.84491001980944,673.290833123401
-42.4019151961695,726.418547162907,101.567796864406,7.9594917229839,734.709361199693
-48.4799030401935,513.238973522051,66.3958672082656,7.37120873062814,519.781642733844
-31.7999364001273,731.158537682923,115.793768412463,8.99920746152837,740.95360177601
-30.2999394001209,571.558856882287,47.4059051881893,4.74134104814389,574.32128034311
-53.5798928402135,499.019001961997,64.7998704002595,7.39871482285312,506.053151793175
-31.3799372401261,565.378869242262,47.2679054641893,4.77903948011047,568.218462507005
-55.7998884002228,654.95869008262,89.7298205403589,7.80099951610683,663.427429305138
-41.1599176801642,650.278699442602,89.3218213563574,7.8211639440319,657.673865637534
-27.59994480011,650.578698842604,101.945796108408,8.90583585296735,659.095854701637
-53.9998920002163,490.61901876196,63.8518722962554,7.41511166428789,497.694757359088
-76.7398465203076,566.038867922266,89.7238205523591,9.00711655432309,578.220864391101
-64.3798712402571,579.358841282318,91.7278165443667,8.99675751527803,590.097811486282
-70.619858760282,641.698716602566,103.007793984412,9.11952627936385,653.739254567322
-87.899824200351,658.078683842633,118.499763000474,10.2078192458509,674.415396512916
-63.2998734002528,580.378839242322,77.291845416309,7.5857194813787,588.914680051883
-61.139877720244,559.438881122239,59.8618802762396,6.10760564126212,565.944689054642
-98.5798028403944,637.558724882549,57.6178847642307,5.16394475136767,647.702806730538
-108.479783040434,578.998842002318,91.6678166643666,8.99646766549903,596.163158020132
-98.5798028403944,634.198731602536,72.0958558082883,6.48555482997001,645.851237607428
-85.9798280403443,641.338717322567,86.831826336347,7.71047778003534,652.87644101446
-91.8598162803678,702.238595522806,82.9558340883316,6.73715929890543,713.063069649661
-67.3198653602693,633.718732562536,72.263855472289,6.50541995861198,641.368428503081
-61.6198767602465,578.278843442315,62.6698746602506,6.18518255389739,584.919604026794
-49.1399017201967,723.598552802895,99.8638002723995,7.85775037874697,732.108171081542
-49.4999010001982,592.258815482368,79.5838408323183,7.6531868649425,599.628495351272
-85.7998284003436,638.398723202553,57.995884008232,5.19083598354378,646.744202062975
-107.879784240432,562.49887500225,60.1378797242404,6.10242622562796,575.898946694892
-137.27972544055,685.738628522745,66.1438677122648,5.50949934431009,702.465800520727
-130.01973996052,713.758572482853,99.5158009683981,7.93729702868877,732.297635674555
-150.119699760599,667.018665962667,77.7058445883107,6.64484871119476,688.10466012229
-145.499709000581,604.618790762418,67.9018641962717,6.40776757293778,625.575503535418
-134.519730960537,618.898762202476,83.9878320243363,7.72813053844285,638.893724966524
-119.879760240481,619.198761602476,83.9758320483359,7.72334117819995,636.262684473611
-94.0198119603765,538.138923722152,43.019913960172,4.57062050463363,547.981696102198
-130.079739840521,539.578920842158,57.2338855322288,6.05480282987216,557.98016827418
-129.059741880517,534.418931162137,56.5618868762264,6.04158502991341,552.683687117455
-142.31971536057,528.718942562116,56.3698872602252,6.08565657629742,550.432725947546
-128.639742720515,537.118925762148,42.3359153281692,4.50675728731398,553.92892463362
-114.299771400457,615.058769882462,82.9678340643316,7.68249185513445,631.066866220095
-105.059789880421,470.39905920188,60.1738796522405,7.28973826029802,485.73010009689
-113.699772600454,530.518938962121,56.0758878482245,6.03376359142577,545.45622013582
-104.99979000042,476.639046721908,32.5439349121302,3.90597591758067,489.151146844885
-115.739768520461,705.778588442822,111.209777580445,8.95449167552099,723.800196567398
-119.039761920477,471.179057641885,46.2659074681849,5.60799693145574,488.181015067396
-106.559786880425,480.719038561923,61.9198761602475,7.33967217731758,496.265909850356
-101.339797320407,542.398915202168,57.6478847042305,6.06680262199936,554.787902125039
-129.299741400517,617.45876508247,83.3578332843334,7.68852978852583,636.335036025259
-115.139769720461,538.258923482153,57.0838858322283,6.05375170633271,553.388114528271
-125.339749320501,603.418793162411,67.9198641602716,6.42209192599765,620.030161079973
-127.139745720509,605.818788362426,82.3318353363293,7.73918356103036,624.46733332068
-103.499793000414,552.778894442209,59.0038819922362,6.09270947688864,565.471636231238
-114.599770800458,533.578932842136,70.2898594202808,7.50452388224004,550.254713180899
-127.979744040511,617.878764242472,68.8738622522755,6.36040374894108,634.741357631614
-37.3679252641494,595.678808642386,23.7899524200953,2.28703764889485,597.32366999836
-24.9239501521,674.9986500027,36.2519274961449,3.07421184337504,676.430767369313
-37.2479255041492,590.098819802359,8.87398225203549,0.861556389224756,591.339811485333
27.5399449201103,661.318677362645,48.5459029081942,4.19842257929645,663.669756945465
22.7159545680904,526.198947602104,25.1219497561006,2.73335700586904,527.287833549238
18.4139631720736,749.698500602999,48.2699034601933,3.68394696577237,751.476479622712
-22.0019559960885,604.138791722418,24.4079511840974,2.31356182191144,605.031828759845
-17.3939652120698,211.739576520847,-68.6878626242745,17.9729512375973,223.280587519196
-34.8239303521391,597.298805402392,24.0719518560965,2.30784868529201,598.797150900417
-30.5759388481222,592.738814522372,25.8779482441035,2.4998468594319,594.090783031647
-11.7359765280469,599.938800122401,40.913918172164,3.90134928693018,601.44679377113
-27.0239459521082,597.418805162389,26.5079469841061,2.54059284931601,598.616900588174
-35.1479297041405,530.458939082122,15.9839680320638,1.72593356072925,531.862341446232
31.4219371561256,681.358637282725,39.1259217481563,3.28650861724088,683.204046011921
28.9439421121161,624.238751522497,41.9339161321678,3.84313228545119,626.314796256271
44.2919114161771,633.898732202536,57.5578848842306,5.18821887364915,638.04567721851
27.8999442001114,609.118781762436,27.2219455561088,2.55888589085049,610.364752833896
42.8039143921712,613.978772042456,41.0759178481641,3.82745305050691,616.838178644224
30.209939580121,628.018743962511,86.4178271643457,7.83491888408743,634.65598876044
27.8699442601115,615.778768442465,27.2759454481091,2.53626097990207,617.012319696835
23.6459527080947,526.138947722105,27.9539440921121,3.04128503367379,527.411363529363
10.1699796600406,538.438923122153,29.0699418601165,3.09035885962758,539.318981623102
24.455951088098,537.53892492215,28.8599422801155,3.07320411611472,538.868337925412
14.2799714400571,605.39878920242,40.8659182681635,3.86174872756447,606.944507206372
-0.467999064001634,602.33879532241,41.1539176921648,3.90857605049013,603.743230450653
-23.3159533680935,693.478613042774,70.04985990028,5.76801281636916,697.397450024906
-33.2819334361334,558.058883882235,46.9379061241881,4.80778817790513,561.017443583046
-32.8019343961309,531.178937642125,16.4399671200658,1.77273622057195,532.444648027993
-3.67199265601466,526.198947602104,41.4239171521655,4.50120788692258,527.839707581626
12.7379745240509,663.958672082654,35.8439283121434,3.09012333855175,665.047488098093
-1.61399677200632,683.338633322734,53.1118937762123,4.44432894598608,685.401463404812
-5.42998914002207,662.518674962649,35.9219281561433,3.10355255580795,663.514027266025
-32.5439349121302,577.618844762311,23.1779536440931,2.29785932431847,578.999011276565
-0.683998632002421,592.198815602369,38.4419231161539,3.71408041844439,593.445605348835
-1.13999772000403,653.818692362617,36.4439271121457,3.19037177858509,654.834591252569
-13.8359723280559,593.338813322374,53.5858928282142,5.16052333233005,595.914280274657
9.479981040038,642.53871492257,62.2498755002491,5.53361013601897,645.616695272562
12.1739756520487,566.518866962267,35.8199283601434,3.61788890915648,567.780679113963
-5.32798934402168,713.938572122858,45.8819082361834,3.67710838606315,715.431213841462
-4.31399137201722,650.518698962601,63.0958738082524,5.53997017312077,653.585707855657
12.1679756640485,581.038837922322,65.3998692002618,6.42200013736912,584.834449820883
-31.1819376361247,572.338855322289,36.1799276401448,3.61709245884346,574.328360531166
-16.7099665800673,566.098867802265,35.3519292961413,3.57338545095282,567.44771566645
-13.1099737800528,554.518890962217,6.20998758002465,0.641621433702825,554.708604397142
-0.389999220001717,576.058847882304,50.6578986842029,5.02559152708086,578.282086028937
-3.28199343601294,633.11873376253,32.8679342641316,2.97180409879584,633.979813262832
-20.6039587920826,635.998728002545,60.7378785242432,5.45520281484044,639.22452630229
13.7999724000546,576.418847162304,50.4298991402021,4.99997874909362,578.785194462896
0.41999916000198,578.878842242317,50.7958984082033,5.01478868024427,581.103358870172
0,581.758836482329,50.8558982882034,4.99595310836576,583.977453516806
-40.4399191201613,548.818902362195,-9.29398141203705,0.970183447817875,550.385276637172
-42.0599158801687,562.018875962249,19.9199601600797,2.02991771843732,563.942424609548
-9.23998152003674,692.218615562768,13.1099737800524,1.08499881463925,692.404405244969
-44.4599110801778,580.918838162325,50.3578992842015,4.95439304729802,584.789960793993
-43.4999130001737,568.858862282279,34.5839308321383,3.47903063290293,571.566877889117
-44.1599116801769,568.978862042273,34.6139307721386,3.48130853777913,571.738723066769
-71.0998578002845,556.378887242227,18.8759622480754,1.9430973032555,561.220952833116
-79.6198407603184,650.578698842604,46.6259067481863,4.09928553496627,657.088987588838
-58.7998824002354,570.418859162282,48.8399023201954,4.89379341426701,575.517538496376
-51.4798970402062,486.599026801947,7.46398507202994,0.878796059031292,489.371539586262
-73.439853120294,565.558868882262,62.189875620249,6.27513638811086,573.687917623664
-62.7598744802506,570.118859762281,33.7919324161353,3.39205156913886,574.55740426683
-70.0798598402807,716.338567322867,57.9298841402316,4.62341511516804,722.085868346633
-109.139781720437,623.158753682491,57.9178841642316,5.30995396078221,635.289544657522
-104.579790840418,608.038783922431,13.8179723640553,1.30184992897553,617.121569681654
-109.199781600437,640.978718042564,59.8498803002395,5.33439199265365,652.962722869403
-103.439793120413,573.838852322297,33.5519328961345,3.34623207990015,584.05183968243
-124.9197501605,642.118715762568,45.5939088121825,4.06149430926841,655.744000074347
-79.1398417203167,621.178757642485,42.8399143201713,3.94518622903755,627.663462177573
-106.199787600425,619.55876088248,43.3799132401735,4.00516683373526,630.089890369091
-106.679786640426,572.698854602288,63.5878728242545,6.33571164246701,586.010215363805
-34.2179315641371,676.678646642708,63.8938722122557,5.39403369032569,680.549252125818
-49.8359003281987,678.778642442714,93.7678124643752,7.86517251064112,687.034544293262
-22.3979552040896,614.878770242462,69.3538612922776,6.43534933304766,619.182952420652
-54.2758914482172,527.93894412211,42.2219155561688,4.57249780985579,532.398432817472
3.59999280001454,666.598666802667,49.6859006281987,4.26274172800045,668.457501455769
-11.6579766840465,518.278963442072,40.8959182081633,4.51169863076772,520.020642372053
-26.9279461441072,455.459089081822,29.7899404201194,3.74218053380494,457.225914249201
3.40799318401336,615.118769762461,55.2238895522209,5.13012435970688,617.602131885004
2.6999946000109,653.338693322612,33.7799324401348,2.95975990999106,654.216953310596
16.0799678400644,645.598708802582,61.6018767962463,5.45055922906235,648.730336425019
17.4479651040701,743.758512482976,75.9178481643039,5.82818115414878,747.826635021153
3.25199349601353,611.938776122449,39.7439205121589,3.71600109340697,613.236675682085
17.7119645760713,686.758626482749,52.1338957322083,4.34116723022668,688.962312337788
3.84599230801516,686.938626122748,66.3358673282655,5.51580064891131,690.144850745433
3.21599356801304,605.458789082422,38.7299225401548,3.66010343369906,606.704783887311
-11.4059771880457,601.678796642408,39.2099215801569,3.72855229933364,603.062922583533
20.7359585280832,610.018779962438,53.7598924802151,5.03636567669861,612.734051544734
-24.5939508120984,540.238919522162,44.0759118481763,4.66420085817921,542.591594653169
26.0639478721045,604.37879124242,40.6439187121625,3.84729581539185,606.304363179591
21.9359561280878,626.158747682507,25.4999490001018,2.33204848304747,627.061568643452
8.23798352403272,629.99874000252,70.2418595162808,6.36193128263866,633.955988697646
-12.773974452051,475.559048881902,31.6679366641266,3.80975670069016,476.783432607849
26.5499469001059,1119.17776164448,118.097763804472,6.02366792680739,1125.70459875385
25.1339497321002,701.278597442804,95.519808960382,7.75641563217841,708.200127481145
-0.641998716002564,633.238733522531,55.4038891922217,5.00024052936031,635.658160282077
13.7939724120552,543.11891376217,56.4538870922262,5.93423503700395,546.219250419578
-0.665998668002604,530.998938002122,25.9199481601038,2.79459272284531,531.631601229865
13.0739738520523,557.878884242232,58.3678832642339,5.97282069399062,561.076276518967
-20.9759580480836,604.198791602416,52.277895444209,4.94516286963572,606.81887655373
10.15197969604,669.41866116268,48.1919036161926,4.11765837530551,671.227879470703
11.7599764800469,686.818626362747,63.9298721402557,5.31783466415871,689.887781539499
-19.0679618640766,662.93867412265,61.6618766762464,5.31395982083896,666.073164038594
-5.68798862402229,687.118625762752,64.4878710242577,5.36165244047504,690.161607591962
-19.4939610120779,667.258665482668,47.9339041321919,4.10890225411723,669.262131263233
-33.1259337481331,590.638818722362,36.2039275921448,3.50762617671953,592.673827700811
-32.0819358361284,663.358673282653,61.559876880246,5.30187997538557,666.980958099874
-10.5599788800424,510.298979402044,8.24398351203295,0.92554442501592,510.474803292838
-57.671884656231,688.318623362756,63.8998722002555,5.30383630771683,693.679873727795
-48.5999028001945,535.018929962139,39.257921484157,4.19665400005249,538.654240092173
-50.405899188202,585.238829522342,19.4519610960781,1.90367602547073,587.727505774688
-54.3598912802169,624.898750202498,67.7878644242713,6.19113154147884,630.910960713034
-36.1679276641448,613.618772762456,65.8858682282637,6.12851947625376,618.204711167922
-11.2619774760446,689.818620362757,77.6038447923103,6.41872521451773,694.261418964353
-11.2799774400453,690.17861964276,78.0178439643121,6.44934225658011,694.66578214266
-17.3639652720695,534.598930802136,68.3398633202731,7.28483238400235,539.228950468528
-44.97591004818,526.558946882104,53.2498935002132,5.77458004986195,531.152245767667
-36.5999268001464,664.018671962657,46.8659062681876,4.03719547013662,666.675906664674
20.519958960082,594.658810682379,34.9679300641398,3.36530844316149,596.039366125154
-0.449999100002243,604.798790402418,50.6818986362029,4.79017171570547,606.918803647398
-30.4679390641221,623.698752602497,82.5298349403298,7.53777224561309,629.872687901297
-43.205913588173,530.458939082119,53.4838930322138,5.75742992810769,534.896217817061
-57.8338843322319,527.158945682109,53.1778936442126,5.76030533863301,532.981426094814
-2.00399599200803,318.059363881272,49.5479009041983,8.8544778752243,321.901800921504
-38.9339221321556,557.818884362229,57.3358853282292,5.86858594544035,562.10778485099
-19.2959614080766,625.678748642503,53.9638920722159,4.92947955848289,628.297964565453
9.91198017603957,628.378743242514,52.8898942202113,4.81117783412745,630.678549833968
-5.30998938002102,631.918736162527,99.4978010043978,8.94795748344575,639.725955003525
16.6379667240664,684.718630562738,65.8318683362634,5.49178882326884,688.077219405689
15.6899686200626,518.698962602074,39.8939202121598,4.39804649095974,520.46739935337
30.5099389801219,664.55867088266,63.7918724162549,5.48309837416864,668.310172306445
22.5419549160907,527.518944962108,68.5678628642743,7.40588676536144,532.433966650465
-43.367913264173,608.278783442432,51.5818968362061,4.8470723028088,612.000446379179
-14.4479711040582,618.718762562476,67.0138659722681,6.18164874944092,622.505027488464
-77.0098459803074,545.878908242184,41.1479177041646,4.31075798855501,552.817736666416
-0.497999004001897,556.258887482226,71.9518560962881,7.3702623655889,560.893276391929
-0.149999700000464,557.098885802226,57.8938842122316,5.93289853982113,560.099002758594
-0.569998860002444,547.67890464219,56.3878872242259,5.87834253910884,550.574337682371
-15.0059699880602,575.878848242301,45.1499097001805,4.48291915612763,577.840930822745
18.3059633880734,714.478571042859,38.2319235361529,3.06298997328415,715.734878814974
19.5899608200785,744.238511522977,70.9618580762837,5.4465880424915,747.870519475468
-29.2979414041169,563.878872242254,29.4179411641175,2.98645194567977,565.405312315024
-12.3359753280496,649.078701842599,71.9338561322878,6.32397281725038,653.169057083255
1.99799600400824,628.858742282519,54.6358907282183,4.96544739332279,631.230853403768
-29.5739408521186,572.09885580229,59.6818806362388,5.95560627541724,575.963232909959
-36.1679276641448,715.858568282862,66.9778660442681,5.34520316756134,719.894188971791
-10.3979792040414,707.158585682829,52.1878956242091,4.22074401157407,709.157922980594
-0.617998764002524,675.658648682704,72.9538540922917,6.16260399435193,679.586091889122
-0.143999712000667,609.778780442436,92.2858154283692,8.60601175059389,616.722671500782
-30.4259391481218,587.758824482351,59.2618814762373,5.75749627020391,591.521888120823
-13.007973984052,653.518692962614,57.1858856282287,5.00090561674265,656.144888689852
-14.6699706600584,563.698872602254,44.0699118601761,4.47028453111136,565.609215044789
-15.2759694480613,554.578890842218,43.3139133721731,4.46586905280278,556.477489663306
13.3499733000536,621.058757882484,39.9899200201599,3.6841843159526,622.488069149012
1.99199601600802,714.538570922858,67.9138641722718,5.42941110220582,717.761541412897
-20.6279587440826,565.018869962259,59.6998806002387,6.03149190453304,568.538399616998
-13.4879730240532,570.17885964228,6.56398687202631,0.65956870409921,570.376141965041
-50.381899236202,677.878644242712,63.8038723922553,5.37700112158684,682.736205443384
-49.6259007481986,663.838672322657,62.41187517625,5.37096837141235,668.610316297313
-50.9818980362038,689.038621922755,65.195869608261,5.40515455553655,693.991266402223
-17.5859648280701,589.798820402358,50.8798982402035,4.93050152900834,592.250520263073
-19.6019607960786,666.178667642665,77.6458447083106,6.64806109878939,670.974762036304
-16.8719662560674,578.518842962314,35.3699292601415,3.49863845753188,579.844588492182
-31.5779368441267,591.178817642365,51.2338975322051,4.95310356560923,594.234358465326
-17.8139643720709,605.818788362422,67.5898648202704,6.36603726342377,609.837791126448
-19.4339611320783,673.138653722692,78.2458435083129,6.63032326946264,677.949657428344
-18.401963196074,632.278735442528,31.4159371681258,2.84450738016033,633.326134507667
-33.4619330761337,668.398663202676,63.9178721642553,5.46249109871118,672.281167606473
-16.3019673960658,582.658834682331,21.5279569440858,2.11598997266677,583.28425720616
-51.5338969322065,691.858616282768,80.7118385763232,6.65401653532872,698.45435666484
-60.5998788002427,531.958936082127,40.4699190601616,4.35051923647423,536.926875223218
-60.4678790642412,523.258953482093,54.1258917482163,5.90567040197438,529.514786342405
-29.021941956116,507.238985522026,38.4239231521537,4.33194641849958,509.519439686771
-6.61198677602681,731.878536242926,74.2138515722968,5.79010797683391,735.661339168649
6.21598756802487,750.418499163002,103.589792820414,7.85959150153771,757.560167619757
-15.6779686440622,521.638956722088,68.8978622042755,7.52405264280621,526.402807066254
-18.215963568073,538.258923482153,54.7198905602192,5.80479833551464,541.339779121951
12.4799750400507,533.278933442132,39.5699208601584,4.24363705963551,534.89059560536
11.8199763600474,688.438623122753,63.6778726442549,5.28459828986939,691.478359106633
12.57597484805,618.178763642473,66.8098663802674,6.16831805007179,621.905698002248
11.5919768160458,964.258071483859,121.403757192485,7.17599802014769,971.939748445718
10.829978340043,711.778576442847,66.9358661282674,5.37231227014739,715.001007333691
-3.50399299201352,549.058901882194,56.2138875722249,5.84570266288187,551.9401750724
-40.9799180401635,486.659026681946,30.4679390641221,3.58240329342257,489.330825969929
-3.37199325601288,565.678868642263,41.0519178961645,4.15073923471751,567.176526955993
-19.3679612640775,578.878842242314,57.1078857842284,5.63414533589251,582.011290730749
-4.72799054401898,587.878824242352,58.0498839002323,5.63936973872647,590.756849226469
-4.74599050801879,590.878818242361,58.4158831682335,5.64606933350776,593.778340527605
10.457979084042,668.758662482676,85.8718282563437,7.31701510329558,674.330400367822
-18.9779620440758,657.238685522626,84.581830836338,7.33324274870005,662.930568686105
11.3519772960454,576.598846802304,56.4778870442258,5.59427922725137,579.469454973476
10.2059795880403,746.998506002987,97.4098051803896,7.42953890664862,753.392062697324
-4.25399149201755,744.478511042979,97.6078047843906,7.46938612613692,750.861926990051
-4.01399197201629,577.918844162312,56.8138863722272,5.61457688409607,580.71862399459
-3.47999304001348,647.27870544259,54.293891412217,4.79475946293147,649.561128390296
24.9659500680999,610.678778642443,66.9778660442676,6.25905424855208,614.847870523166
25.7459485081033,680.638638722722,64.3498713002573,5.40088247631676,684.158400023899
-3.22199355601327,673.738652522698,63.8938722122557,5.41743190567263,676.769222151725
10.9859780280437,745.798508402984,76.1278477443044,5.82831577491287,749.754330465339
-2.81999436001196,614.098771802457,82.7818344363311,7.6773143793512,619.659653366363
11.4659770680454,695.398609202784,51.5818968362066,4.24220359882203,697.403316878054
11.7599764800469,679.078641842715,64.0138719722563,5.3851176898153,682.190497338272
11.1479777040446,607.438785122431,53.0218939562124,4.98856911332247,609.850372072207
12.0359759280478,629.578740842518,85.223829552341,7.70906614471228,635.434777739586
10.0799798400407,650.3986992026,18.9179621640757,1.66607631095103,650.751844569381
-3.13199373601248,583.078833842332,50.2678994642012,4.92735211369227,585.250029966884
-3.20999358001282,598.918802162394,51.2518974962049,4.89111509341252,601.11628878228
11.249977500045,657.11868576263,61.6138767722463,5.35660293527343,660.096810311233
-2.62199475601056,596.878806242386,37.3559252881493,3.5812108983942,598.05238010727
-29.6039407921181,596.938806122389,51.4558970882057,4.92669599640968,599.883356087163
-30.2699394601215,596.578806842389,51.7138965722068,4.95424885015611,599.580577659991
-15.5639688720622,685.138629722743,79.0198419603161,6.57908791269603,689.856009967908
-15.8699682600634,596.218807562386,79.9978400043201,7.64203687544159,601.771033524417
-14.86197027606,638.818722362557,45.9659080681835,4.11559852993245,640.642726413052
-30.3059393881211,531.118937762126,55.1998896002209,5.93352281833038,534.839044782299
-14.9399701200595,359.279281441439,0.227999544000807,0.036360042238198,359.589845190401
-28.8719422561156,594.358811282378,51.1798976402048,4.92156659661385,597.256534096617
-15.7019685960631,667.978664042671,35.0939298121407,3.00741210558968,669.084173586315
-1.38599722800551,673.738652522694,63.539872920254,5.38759412328694,676.72964198573
-15.5759688480627,676.258647482702,65.147869704261,5.50265002322248,679.567961301659
-30.2579394841211,518.578962842076,25.9919480161039,2.86934843775469,520.110819889242
-58.3018833962331,620.098759802479,69.3598612802774,6.38217290867683,626.68362981088
-43.8059123881748,681.838636322726,51.695896608207,4.33577756095352,685.197307108486
-44.7239105521791,614.878770242459,53.501892996214,4.97290121035425,618.820315458483
-60.6238787522427,558.478883042237,58.8418823162353,6.01454926119814,564.832970526322
14.0879718240559,629.398741202518,83.1358337283328,7.52450920037548,635.021899801208
13.3739732520532,629.878740242519,69.0418619162762,6.25529603538952,633.792449676482
13.3619732760536,532.978934042131,53.7058925882148,5.75401590616702,535.844575750481
-28.6619426761154,549.838900322199,84.6838306323388,8.75565245675488,557.059848163606
-14.2619714760573,326.999346001307,49.6139007721986,8.62738857999864,331.049113071611
-13.3259733480532,625.198749602502,66.7738664522673,6.09632075455368,628.895704637255
-73.9858520282955,574.618850762298,58.9798820402358,5.86041587351195,582.356726102839
-28.253943492113,640.858718282566,83.513832972334,7.42468857048701,646.894691908474
-28.4099431801137,648.298703402594,84.5578308843384,7.43115860568108,654.40687685021
1.01999796000469,564.838870322259,56.4538870922258,5.7075801359683,567.653971351021
0.797998404003251,493.139013721972,75.1558496883007,8.66536824702608,498.833765295116
16.8839662320678,578.458843082312,102.39579520841,10.0382181153727,587.694308575653
31.649936700126,649.858700282601,98.3938032123938,8.60964628781659,658.026891043757
16.2539674920649,637.618724762551,81.1738376523246,7.25517214113453,642.970467087145
-27.46194507611,656.278687442624,113.705772588455,9.82939384874628,666.621989390325
-13.0019739960522,597.358805282391,73.2478535042928,6.99068444474215,601.973289788829
3.52799294401356,806.758386483225,119.387761224478,8.41779554906607,815.551947104182
3.96599206801621,781.798436403126,129.695740608519,9.41924783023611,792.493223559323
-31.9199361601275,596.938806122389,87.9898240203522,8.38511742906988,604.232595703361
10.1999796000409,749.158501683,95.2618094763809,7.24674944830843,755.259764963335
-5.57398885202231,746.87850624299,79.5478409043183,6.07948662357581,751.123446200437
9.75598048803888,745.258509482981,79.1638416723168,6.06341150320242,749.514735639264
-4.96799006401938,670.978658042684,82.3378353243295,6.99596335286315,676.029999038455
-4.76999046001883,605.878788242424,89.7298205403589,8.42419294361763,612.505754703825
9.68398063203876,665.21866956266,96.917806164388,8.28928039203342,672.311474665809
-20.2619594760818,589.138821722354,101.225797548405,9.74936077885463,598.11517314939
-50.0698998602006,586.078827842346,71.0938578122847,6.91642971752509,592.49449274715
-36.4559270881461,614.81877036246,105.08978982042,9.69971865658249,624.799983142096
-36.1679276641448,611.878776242446,89.8918202163594,8.35760449384302,619.503264841504
-51.4018971962058,595.678808642383,56.6758866482268,5.43504848260102,600.572688546807
-51.4558970882061,604.918790162423,88.0138239723522,8.27827068532066,613.449985937694
-80.8738382523232,515.278969442059,75.8818482363034,8.37737157339407,527.077839559482
-35.405929188142,674.338651322699,83.8318323363352,7.08648835465959,680.451300683789
-19.0679618640766,589.438821122358,86.7658264683467,8.37384465234406,596.095646401231
33.1379337241327,668.698662602674,83.0158339683321,7.07679717749541,674.646316752391
3.56399287201405,568.738862522274,53.7598924802151,5.39982439432311,571.285149314951
-7.31398537202905,742.13851572297,109.109781780436,8.36375239422999,750.151994852837
-19.5479609040783,672.358655282691,114.641770716459,9.67626881013722,682.342303907694
-7.87798424403127,742.978514042974,94.0198119603761,7.21212914228272,748.945164886135
-37.169925660148,655.678688642623,67.49986500027,5.87769778577338,660.191167684592
-30.5219389561224,543.718912562176,36.4799270401457,3.8384135166489,545.795410123876
-17.5919648160703,574.618850762298,69.6298607402785,6.90917243741038,579.089473556708
-32.3159353681294,571.258857482286,54.269891460217,5.42684231860606,574.740135234862
-77.8798442403108,623.758752482493,78.6898426203149,7.19012554658454,633.507965829176
11.2799774400453,542.63891472217,80.8678382643234,8.47623463036673,548.747516556974
-99.6598006803987,608.518782962434,77.6758446483109,7.27431898145546,621.498770659739
-101.099797800405,618.778762442474,64.319871360257,5.9343821595641,630.2740450129
-78.1798436403126,710.458579082842,91.8898162203676,7.36965113592479,720.629737707963
-73.859852280296,682.378635242732,58.5658828682344,4.90545097838932,688.858361530683
-68.2798634402734,616.738766522467,77.6278447443104,7.1739942414905,625.343847945051
-53.3398933202131,614.63877072246,76.5778468443063,7.10188553778281,621.683303074756
-40.6199187601629,644.278711442577,96.7858064283869,8.54328931732254,652.772952981497
-104.039791920417,609.358781282438,75.989848020304,7.10835141522909,622.829719611236
-103.199793600413,595.678808642383,88.3258233483536,8.4342265654877,610.970450623384
-109.319781360437,526.318947362105,49.1639016721963,5.33656202680241,539.795830084562
-101.639796720406,593.638812722375,59.5678808642384,5.73008680152467,605.215681124054
-104.87979024042,607.978784042431,75.7978484043028,7.10650404882618,621.597366523788
-14.6399707200585,562.318875362247,83.1178337643325,8.40815738219946,568.617112494006
-88.6198227603547,665.21866956266,84.4498311003377,7.23502492432379,676.388294763938
-87.9598240803523,670.738658522685,71.7538564922871,6.10612920063599,680.2763369474
-79.9198401603193,605.818788362422,75.3718492563015,7.09190959756917,615.698384636892
-81.2398375203258,608.278783442432,76.3678472643057,7.15589800932125,618.413322691481
-131.639736720527,522.838954322091,64.0378719242559,6.98286859892305,542.94607603431
-34.3199313601374,313.979372041256,47.8019043961913,8.65654304086056,319.446280021992
-122.939754120491,664.55867088266,87.3838252323497,7.4909332296103,681.460448669453
-28.7939424121152,709.858580282837,94.3498113003773,7.57100937638932,716.679971823696
-51.7498965002068,568.258863482273,102.095795808408,10.1853386388307,579.67209630592
-35.3159293681421,591.778816442367,102.743794512411,9.84942961790041,601.669069977735
-49.9979000041996,584.578830842338,72.4798550402898,7.06783061665833,591.173010937142
-20.3759592480818,658.618682762636,98.3998032003936,8.49732648376072,666.240399757585
-29.2859414281173,577.49884500231,70.1038597922803,6.92139569733603,582.475006761757
13.4099731800537,702.478595042808,116.495767008466,9.41597103287547,712.198896099185
-20.5679588640825,548.278903442195,95.1778096443808,9.84805079636733,556.85870051595
-35.2079295841406,606.718786562425,88.1518236963527,8.26681288936462,614.099363535231
-60.3778792442417,537.658924682151,78.713842572315,8.32899397512309,546.734374815503
-28.0859438281123,542.63891472217,65.3338693322615,6.86538030271942,547.279020695563
-34.7219305561392,547.618904762191,51.0058979882039,5.32124699161782,551.084094257918
38.8559222881555,628.798742402513,62.0218759562479,5.63317647830441,633.043722219072
25.0139499721,625.798748402504,77.5558448883102,7.06469975712249,631.082150176731
68.6758626482747,773.278453443092,99.2398015203967,7.3131611904326,782.639430948654
43.3559132881734,676.438647122706,55.0978898042205,4.65662733560012,680.062317732078
30.6419387161226,688.618622762756,71.831856336287,5.95515572602339,693.032720445922
38.7419225161551,613.678772642455,60.1858796282405,5.60130851226994,617.838905102959
35.6699286601427,589.978820042358,42.6779146441708,4.13745792011901,592.59493442618
80.3518392963213,759.118481763039,96.2518074963849,7.22621147146012,769.40346885028
76.7878464243073,707.218585562831,103.121793756412,8.29601453701168,718.810549081964
99.7138005723988,972.118055763888,142.871714256571,8.36087709315188,987.607555206706
37.5479249041503,444.179111641778,65.1238697522605,8.3410629829695,450.495336596281
59.1658816682367,523.738952522098,61.6498767002468,6.71345473491216,530.663546175615
54.281891436217,621.658756682486,91.1338177323647,8.34002991833169,630.643723692216
66.4498671002659,601.798796402406,87.7318245363507,8.29430159589754,611.779575685152
69.4198611602777,628.438743122513,91.9618160763678,8.32521927011136,638.914193454004
90.3058193883612,699.658600682799,87.7438245123511,7.14811597337637,710.898218639539
79.1218417563165,591.598816802367,56.5858868282264,5.46366756219469,599.542649419547
105.569788860422,702.478595042808,102.887794224412,8.33252138159057,717.779252287022
67.0078659842681,614.878770242459,59.7118805762391,5.54669391839908,621.394773779596
37.9739240521521,613.018773962455,74.9398501202995,6.96966877041678,618.748751331591
75.989848020304,706.258587482826,73.1698536602925,5.91485959443079,714.093465087067
39.7619204761591,632.038735922528,78.1738436523128,7.05083140889594,638.094917592889
19.7339605320792,620.638758722482,91.001817996364,8.34161416551495,627.585236366749
-14.1959716080565,624.178751642498,77.4718450563101,7.0752559607242,629.128386252212
-9.28798142403682,695.518608962781,58.8898822202354,4.83971672152416,698.069065523153
31.1639376721245,620.278759442483,91.5118169763659,8.39249836662561,627.766949650149
29.417941164118,606.478787042426,75.0658498683003,7.05579962064195,611.814364175309
64.5958708082583,695.098609802779,103.001793996412,8.42892272378874,705.651524083746
-17.0459659080683,596.578806842385,88.1458237083524,8.40476810736022,603.296381527726
-3.85799228401518,687.058625882746,85.3558292883412,7.08178151048946,692.351108252057
-22.0799558400884,520.498959002083,61.6198767602465,6.75160287895874,524.598608446591
-5.32798934402126,586.198827602344,55.9438881122239,5.45151251594307,588.886382564519
-3.16799366401254,698.638602722791,102.677794644411,8.36081460413546,706.150595065493
10.5539788920426,614.878770242459,90.581818836362,8.380339614859,621.604660913217
21.5939568120861,663.538672922656,67.7998644002714,5.83419017871101,667.343008540178
-20.5019589960822,673.798652402693,69.3838612322774,5.87926352608752,677.671804417051
-19.193961612077,663.058673882652,68.0518638962722,5.85993393693701,666.818018167733
-14.6819706360584,586.258827482346,56.1838876322251,5.4742008318078,589.127831877093
-15.2639694720613,683.218633562733,85.2298295403407,7.11077237186361,688.683391592136
-16.0559678880635,598.078803842394,102.57579484841,9.73204559084028,607.023758512922
-14.8319703360589,657.118685762628,93.7978124043751,8.12358375469688,663.945015896874
-30.1139397721208,587.45882508235,97.7278045443908,9.44505038011808,596.293085920674
-0.653998692002158,664.438671122655,123.071753856492,10.4937743719958,675.74095036104
-14.4839710320579,672.178655642691,110.957778084444,9.37339296608898,681.429056495178
-0.365999268001677,694.378611242776,115.05576988846,9.40820263800312,703.846304168415
-15.4139691720609,611.158777682447,118.541762916474,10.9769200801043,622.739746233758
-15.8159683680631,626.218747562506,136.793726412547,12.3223542004254,641.180620605461
-14.97597004806,604.018791962417,116.975766048468,10.9603624882362,615.423683786417
-0.311999376001373,602.878794242412,101.525796948406,9.55901667685265,611.367667886358
-0.785998428003657,635.098729802539,153.377693244613,13.5770835782361,653.357276821316
-32.6459347081306,610.678778642443,117.233765532469,10.8670268646481,622.686183818233
9.22798154403715,546.898906202188,124.259751480497,12.8007340685458,560.913589678947
7.42198515602966,713.458573082855,115.625768748462,9.20553208985415,722.805326327741
7.40998518003006,716.638566722864,131.615736768527,10.406802153915,728.662092715198
-35.3939292121416,530.518938962121,105.599788800422,11.2575848109797,542.083379395885
-5.51398897202178,616.258767482463,100.967798064404,9.30466798614967,624.499614747168
-5.66998866002332,638.938722122556,121.109757780485,10.7329870469402,650.340228517856
-5.64598870802243,739.858520282961,166.625666748666,12.6919922591477,758.410588034754
-4.81199037601869,626.998746002507,133.811732376535,12.0471200230052,641.136617626622
-5.20198959602126,630.658738682524,134.093731812537,12.0037445003082,644.777972858721
-20.309959380081,528.418943162115,103.949792100416,11.1290352733908,538.929154175488
-43.6859126281755,600.838798322404,114.767770464459,10.8139519427705,613.259620119448
-31.0799378401244,672.118655762688,108.803782392435,9.19537425318591,681.577371267041
-17.6999646000709,676.258647482706,140.07571984856,11.7023792305695,690.840252397814
-41.459917080166,592.798814402374,113.927772144456,10.8788160831951,605.06933185128
-33.1199337601329,700.558598882805,130.583738832522,10.5587279408622,713.394276209443
-18.8999622000763,700.918598162801,160.463679072642,12.8947098117173,719.300133548715
-41.2199175601647,589.198821602356,112.997774004452,10.8564827296335,601.350837624122
-11.0999778000445,595.078809842381,113.657772684455,10.8130446033401,605.937363695438
-16.559966880066,676.978646042709,109.769780460439,9.21015730448739,686.020206993366
-5.57998884002168,512.998974002053,102.263795472409,11.2738442214689,523.12232552916
-2.09999580000905,673.858652282695,124.373751252498,10.4573664587428,685.243550308377
-26.5199469601065,593.398813202373,98.933802132396,9.46551632449837,602.17385886563
-52.2598954802088,682.258635482728,110.927778144444,9.23485666951204,693.190388227087
-40.8599182801633,693.778612442774,143.057713884572,11.6511373408502,709.551834263546
-105.299789400421,501.898996202008,100.787798424403,11.3547104320118,522.636420800918
-100.979798040404,589.858820282357,128.921742156516,12.3289016061919,612.169227483582
-101.099797800405,592.738814522372,113.747772504455,10.8631106814694,611.963256336845
-144.659710680579,920.338159323681,143.723712552575,8.87585055530365,942.658615274578
-33.8399323201349,181.979636040729,72.7498545002909,21.7900089618691,198.882553992956
-37.7399245201513,770.518458963081,122.639754720491,9.04363642001802,781.129635171737
-29.0999418001164,670.258659482681,109.595780808438,9.28640597931849,679.782842086575
-48.4799030401935,514.918970162059,117.677764644471,12.873098107979,530.414840594852
-24.3299513400975,532.918934162132,120.449759100482,12.735937809671,546.902807990669
6.21598756802487,702.238595522809,126.935746128508,10.2460750468421,713.645827556285
6.98998602002808,710.818578362846,128.285743428513,10.2303922898309,722.335893623834
-22.9679540640921,550.438899122204,123.893752212496,12.6848417973208,564.677049664714
6.66598666802712,628.618742762513,134.459731080538,12.07346738997,642.87275444899
-23.4959530080938,630.838738322524,134.297731404537,12.0181448007124,645.40332679381
-26.8199463601074,657.658684682631,122.783754432491,10.5752745025978,669.55963544242
4.98599002802005,565.978868042263,124.163751672497,12.3734638218203,579.459728019429
8.72998254003483,660.778678442642,122.657754684491,10.5158988193503,672.123202444161
4.60199079601855,566.338867322263,94.3018113963772,9.45365977709752,574.154789749061
-23.7779524440949,569.218861562275,109.217781564437,10.8615122628526,580.089671680632
-39.1499217001568,569.158861682276,109.259781480437,10.8667078379277,580.871953230439
-19.4759610480781,661.858676282644,136.523726952546,11.6551172518259,676.07318276232
-25.3799492401012,589.798820402358,97.4398051203899,9.38101678708524,598.332103428642
-39.4379211241577,602.27879544241,131.975736048528,12.3597170343099,617.82901515525
-19.1159617680763,675.418649162702,123.965752068496,10.4002653157616,686.966723587828
-18.4979630040737,668.158663682671,107.51978496043,9.14164022352489,677.007148150926
42.0719158561683,675.418649162702,121.613756772487,10.2071289271502,687.568399198869
69.7138605722788,656.158687682623,103.961792076416,9.0031062242461,667.991242449341
47.771904456191,592.67881464237,112.277775444449,10.7270616093573,605.10877620475
34.2719314561372,603.058793882412,130.265739468521,12.1890906985932,617.918794862176
55.1578896842206,603.778792442418,130.301739396521,12.1782534600973,620.136893183594
89.8552202895594,691.198617602767,126.821746356507,10.3970377633241,708.458357942212
106.170387659225,791.278417443164,124.409751180497,8.93525386566356,808.004623325796
54.6400907198185,501.238997522004,85.0138299723399,9.62617993801988,511.325164095509
66.736666526667,589.438821122358,80.7598384803233,7.80159947341242,598.676922902975
42.1811156377687,514.738970522059,101.387797224405,11.1428703759893,526.322087429906
140.501718996562,663.418673162655,107.285785428429,9.18614782593073,686.567774292445
38.1953236093528,587.338825322349,98.4118031763937,9.51186056953302,596.750082933458
68.3824632350735,570.958858082285,126.521746956506,12.4945685030674,588.793623737256
93.2194135611729,652.13869572261,106.535786928426,9.27809259067295,667.326465397511
7.62118475763048,477.839044321911,69.4078611842779,8.26462004121471,482.913745848846
64.001871996256,616.558766882467,118.553762892474,10.8841621579333,631.106922268024
11.7059765880468,605.518788962425,104.95779008442,9.83367419914891,614.659394603065
4.94999010001999,516.058967882064,106.067787864424,11.6144983507417,526.86975274345
-39.4499211001577,593.638812722372,117.263765472469,11.174003382258,606.394365852799
14.8859702280592,632.338735322529,109.511780976438,9.82533011940104,641.924215520459
-38.5079229841534,613.798772402453,108.365783268434,10.0123569810488,624.479732352214
-46.9499061001877,620.818758362482,110.693778612443,10.109760288268,632.355388243866
-21.2999574000854,640.798718402564,127.355745288509,11.2407927838028,653.67895143534
-29.3399413201176,605.758788482423,92.9338141323715,8.72215144719845,613.548071294786
-5.81998836002293,531.298937402126,67.8538642922712,7.2780257269122,535.645946543548
-7.01398597202812,728.398543202913,126.935746128508,9.88548427751059,739.409438257683
-11.249977500045,647.038705922588,100.181799636401,8.8012898841703,654.845051851288
-9.80398039203939,638.998722002555,113.309773380453,10.05538987674,649.041284893307
-10.0859798280405,637.85872428255,127.817744364512,11.3311779665144,650.617287586862
-10.679978640043,628.918742162514,112.355775288449,10.1289850281899,638.965309252153
31.0259379481241,683.638632722735,119.309761380477,9.8996518847523,694.664817114871
-34.421931156137,631.798736402529,128.051743896512,11.4573962879179,645.563135393656
20.8799582400835,698.938602122796,137.015725968548,11.0912711996519,712.54785899346
34.097931804136,674.938650122701,117.653764692471,9.88831080437494,685.964473372408
20.2079595840806,595.498809002379,119.783760432479,11.3731980597067,607.762570760284
20.7239585520828,606.658786682426,107.723784552431,10.0690010899502,616.497185456155
19.93796012408,676.558646882707,117.665764668471,9.86608571041969,687.003898897732
19.5479609040783,666.718666562668,102.55179489641,8.74445742771034,674.842777063729
7.13398573202832,579.538840922318,89.231821536357,8.75311577446669,586.411527738588
6.7679864640275,614.038771922458,123.497753004494,11.3718263545405,626.371386688423
34.0859318281364,674.878650242699,117.275765448469,9.85802483094063,685.840104152217
33.4919330161339,682.918634162732,119.357761284477,9.91379003799147,694.079135000247
-14.7179705640589,631.198737602524,112.013775972448,10.063057333562,641.229717820494
26.9759460481081,590.698818602361,90.779818440363,8.73697821419692,598.242234717243
-57.9718840562319,686.878626242746,136.127727744544,11.209800140603,702.633435577218
-22.1099557800883,608.938782122436,122.48975502049,11.3734298024905,621.529589482538
-25.7219485561033,671.518656962687,117.023765952468,9.88550916075629,682.124246075589
-35.7959284081429,591.898816202368,119.249761500477,11.3908862620934,604.85209988086
-22.9799540400917,668.578662842676,130.589738820522,11.052114835403,681.600459639955
3.65999268001506,598.258803482393,119.831760336479,11.3265072127723,610.152966292832
-25.1399497201012,753.238493523011,130.481739036522,9.82768563258335,764.869746701188
-45.6599086801824,661.858676282648,128.963742072516,11.0259775218648,675.85011755614
8.75998248003424,597.298805402388,119.591760816478,11.3221070052027,609.216537434233
-9.05998188003601,659.698680602639,115.751768496463,9.95190385557495,669.837968743627
-30.1199397601202,599.938800122398,119.693760612479,11.2829321048301,612.503364066691
-42.7799144401708,577.49884500231,102.023795952408,10.0187783956546,587.999908162449
-21.2999574000854,658.558682882634,128.825742348515,11.0683008062532,671.378655362979
-35.939928120144,666.238667522664,116.675766648467,9.93325459028924,677.33217482906
-35.9999280001445,673.858652282695,118.307763384473,9.95779859118182,685.111819303464
-26.3999472001055,545.278909442182,113.579772840454,11.7662748170797,557.607757382475
-90.8938182123634,734.218531562935,97.47580504839,7.56243822429974,746.217174051553
-80.0998398003209,751.678496643008,114.845770308459,8.68680149113608,764.608460330693
-106.019787960425,686.278627442748,134.375731248538,11.0785509346741,707.301482447517
-71.2798574402853,606.658786682426,121.913756172488,11.3627753782128,622.879334606459
-21.1319577360843,625.558748882502,123.821752356495,11.1962792593623,638.045558167936
0.377999244001271,689.218621562758,117.61176477647,9.68396352808746,699.181649077071
8.1659836680326,623.818752362495,108.929782140436,9.90498962012036,633.310521407571
7.70398459203077,696.178607642785,119.801760396479,9.76410058847005,706.453442848244
8.20198359603224,648.898702202596,128.579742840514,11.2080154384027,661.565981988233
8.15998368003238,626.458747082508,123.569752860494,11.1584167465285,638.581733963513
9.00598198803571,541.438917122166,96.719806560387,10.1281876506384,550.083566076165
37.3799252401489,638.338723322551,125.801748396503,11.1487967117819,651.689852923643
7.70998458003099,707.938584122834,121.697756604487,9.75406102207342,718.363993191914
7.67998464003073,679.618640762718,115.211769576461,9.62154460999271,689.357839503676
-5.68198863602292,536.098927802145,94.1398117203767,9.95968513659294,544.331378423306
22.8179543640916,703.07859384281,148.205703588593,11.9034179815386,718.891576482528
8.44798310403371,609.178781642438,145.841708316583,13.4636069084023,626.450285582655
7.78798442403133,618.658762682477,120.809758380483,11.0494916137687,630.392191469051
5.17798964402037,997.318005363987,225.287549424901,12.7290953714666,1022.46002138266
22.6739546520905,637.978724042551,138.269723460553,12.2286396566511,653.184106494015
-16.8779662440676,588.658822682353,147.50370499259,14.0672940666985,607.092594463852
11.9819760360479,633.838732322533,151.613696772606,13.4523400476097,651.829593828801
-19.2719614560774,638.578722842553,152.957694084612,13.470177608878,656.924843452637
-19.8899602200795,623.158753682491,149.285701428597,13.4720494590983,641.099573747869
-11.9939760120479,709.318581362837,159.98968002064,12.7105950885002,727.236827340498
25.9379481241036,718.138563722872,160.415679168642,12.5918456994572,736.294074390101
-34.3199313601366,554.158891682216,140.285719428561,14.206020776569,572.669204685057
-16.7519664960672,540.298919402161,121.499757000486,12.6735702261372,554.044891357916
-46.7519064961872,546.718906562188,122.47175505649,12.6265074791656,562.21582540889
-46.6679066641866,448.859102281795,109.349781300437,13.691532654181,464.337982383619
-31.6919366161267,642.838714322571,151.289697420605,13.2433515590243,661.161526424516
-46.0739078521841,636.238727522544,149.369701260597,13.2120566624322,655.159393612698
-60.767878464243,628.318743362512,117.833764332471,10.6217694664585,642.154167105106
-31.0799378401244,640.258719482561,136.523726952546,12.0370286101194,655.389898023007
-15.7979684040633,634.198731602536,150.329699340601,13.3352013825015,651.963668831168
-37.1279257441485,625.618748762504,117.809764380471,10.6644376794852,637.696199029449
15.7079685840629,634.138731722538,134.273731452537,11.9553329066727,648.388854242494
-0.557998884002424,632.218735562531,119.675760648479,10.7189685000789,643.446290412675
-11.9039761920476,641.698716602566,149.345701308597,13.1015019287105,658.956057744307
5.20198959602083,661.798676402646,154.643690712619,13.1524125568195,679.646393252602
35.9759280481436,637.138725722547,135.05372989254,11.9677927273826,652.287921988567
49.9799000402003,623.338753322494,102.839794320411,9.36839185174184,633.739074933473
54.6178907642184,653.338693322611,138.581722836554,11.9756899526125,670.104063626222
68.4598630802737,622.49875500249,131.345737308525,11.9145116502771,639.877453534456
82.9498341003318,609.898780202441,129.167741664517,11.957726635854,628.920903259233
79.4758410483177,739.978520042958,164.95767008466,12.5670227267832,762.296302204769
108.545782908434,712.078575842848,144.083711832576,11.4389237164779,734.573482489694
45.1799096401807,545.21890956218,121.799756400487,12.5928827361223,560.481992786999
61.3318773362456,810.838378323244,159.185681628637,11.1071795084374,828.589497987411
25.7579484841033,621.778756442487,133.745732508535,12.1394553059565,636.521967285906
-86.3938272123452,606.118787762426,150.575698848602,13.9513363689845,630.489428414732
-42.1079157841688,737.27852544295,137.63972472055,10.574604792923,751.197307284954
-64.9018701962595,635.278729442542,136.835726328547,12.1554986247341,653.081413636129
-85.6738286523423,730.918538162921,166.997666004668,12.8698292662721,754.632450135282
-48.4079031841934,577.078845842308,158.135683728633,15.32445522546,600.308432289355
-67.6798646402707,666.958666082667,140.969718060564,11.9344994323907,685.045172051136
-74.9398501202995,564.77887044226,110.945778108444,11.1137312650424,580.430977217943
-94.1398117203767,584.278831442337,129.005741988516,12.4508489742744,605.711596792053
-63.539872920254,670.198659602682,155.231689536621,13.0409113773604,690.869333680651
-73.8598522802951,725.458549082902,132.179735640529,10.3261123767692,741.091672285107
-44.99991000018,569.81886036228,124.343751312497,12.3099005339282,584.96144660572
-40.3199193601611,672.958654082692,139.98572002856,11.7508257762221,688.545603292849
-37.3799252401489,497.45900508199,114.077771844456,12.915807118364,511.738662382586
-55.9198881602238,682.378635242729,141.833716332567,11.7418513675393,699.202716539552
-82.1398357203286,660.058679882642,138.293723412553,11.8332889338064,679.374394156776
-83.0398339203322,702.89859420281,98.5678028643943,7.9825613114966,714.61714190979
-64.8598702802596,496.079007841986,130.07973984052,14.6930675575929,516.935125050754
-45.2639094721804,596.698806602386,128.933742132516,12.1929266029011,612.145568604161
-74.1178517642962,612.178775642447,147.49170501659,13.5460589975126,634.042673915519
-25.0199499601002,633.538732922532,134.459731080538,11.9824263666916,648.133275871054
1.61399677200632,625.6187487625,132.64173471653,11.9704118837228,639.527367340403
0.821998356003291,539.338921322159,120.881758236483,12.6329015206963,552.72013461479
17.1239657520682,634.678730642537,149.141701716597,13.223883896187,652.191358823484
-14.6939706120589,634.258731482539,149.579700840598,13.2698204182913,651.823701730575
-51.6778966442067,563.878872242257,155.441689116622,15.4116699336505,587.190008666869
-51.5638968722059,637.078725842548,134.057731884536,11.8831373032643,653.069379055425
-35.6279287441426,631.978736042529,132.707734584531,11.8591018337248,646.744010358866
-21.7799564400871,756.418487163024,182.753634492731,13.5825917591684,778.487113024251
-3.77999244001441,660.838678322644,184.109631780736,15.5678350170249,686.016328978038
-4.22399155201728,646.378707242584,136.451727096546,11.9202293848073,660.637835057042
-4.7999904000191,722.818554362889,131.861736276527,10.3386182007,734.763376831588
-17.9459641080715,637.618724762551,120.941758116484,10.7401174225575,649.235400029832
-2.48999502000991,622.378755242489,88.7338225323551,8.11409446907233,628.677346747593
13.3619732760528,712.018575962846,100.973798052404,8.07148959915061,719.26678133994
-17.5499649000696,627.058745882506,104.777790444419,9.48614644397154,635.99454197827
12.3959752080501,686.458627082744,96.9778060443881,8.04111171885035,693.385752494863
13.0499739000523,803.938392123216,114.473771052458,8.10393932548338,812.152377579124
-2.37599524800908,610.798778402444,101.789796420407,9.46140951331488,619.226901633516
-2.74799450401098,537.598924802149,76.6498467003064,8.11443492782701,543.042681951798
-23.9279521440954,713.518572962854,86.6518266963467,6.92426285653569,719.159120032953
-23.1959536080929,681.478637042726,83.1598336803328,6.95732186331426,686.925573076983
-70.9078581842834,643.378713242571,108.137783724432,9.54098005371814,656.245284382891
8.14798370403279,619.738760522479,103.457793084414,9.47743358577824,628.367755285293
-12.2939754120489,784.498431003137,96.8758062483877,7.03967793387941,790.552877367537
-37.3319253361489,582.178835642327,53.3158933682135,5.23254743791724,585.805815782679
8.54398291203387,666.118667762663,65.7658684682631,5.63853657602275,669.411852779207
-20.0939598120807,600.838798322404,86.4778270443462,8.19024987392203,607.362695068401
-44.3099113801774,673.558652882694,82.1338357323283,6.95233190211297,679.993083855839
-19.9499601000796,675.178649642703,97.8958042083915,8.24996335436777,682.530437653111
-7.14598570802877,597.71880456239,86.8978262043478,8.27184779070501,604.044755492731
-8.62198275603507,511.378977242047,74.3758512482977,8.27517465755829,516.831272467791
10.6739786520423,785.578428843143,99.0658018683962,7.1873768208382,791.872107592984
2.89799420401145,693.778612442774,85.7338285323429,7.04462301723581,699.061836183496
-55.0438899122202,679.618640762718,69.2998614002773,5.82225529747643,685.356693612116
-6.10798778402512,615.238769522462,89.0998218003564,8.24037213476703,621.687083091758
10.469979060042,603.238793522415,71.5738568522864,6.76647009470286,607.560268168194
76.5778468443063,614.878770242462,102.695794608411,9.48190443306013,628.081598960235
-29.2679414641171,948.658102683797,107.735784528431,6.47912204674642,955.204589317453
-20.6039587920826,618.598762802475,74.6098507802983,6.87728491227224,623.422474965506
-33.5399329201344,806.818386363227,102.023795952408,7.20691504491209,813.934696775232
-87.2938254123493,447.299105401788,34.5779308441385,4.42039153789674,457.047409958555
-3.03599392801189,612.35877528245,88.6558226883544,8.23790562889835,618.750629754106
44.7959104081792,623.098753802495,104.579790840418,9.52762110259057,633.400081490164
-9.05998188003687,804.77839044322,103.841792316415,7.35233869822974,811.500744810214
-84.6598306803387,665.758668482663,84.5818308363384,7.24039852758077,676.428841562998
-7.16398567202944,581.638836722324,86.7958264083474,8.4874078561494,588.122924698838
-6.83998632002762,578.758842482312,70.9018581962836,6.98431784182626,583.125764016657
6.09598780802467,744.238511522977,95.8138083723831,7.33594890168299,750.405496365872
